pr,ease,t_ms,seamI_deg,seamO_deg,inner_rMin,inner_rMax,outer_rMin,outer_rMax,inbox_arcFrac,inbox_alphaFrac,thread_arc,thread_noteArc,anchor-sketch_arc,anchor-sketch_noteArc,keystone_arc,keystone_noteArc,cinder-query_arc,cinder-query_noteArc,spec_arc,spec_noteArc,isthmus_arc,isthmus_noteArc,cinder-plan_arc,cinder-plan_noteArc,jigsaw_arc,jigsaw_noteArc,impost_arc,impost_noteArc,anchor-query_arc,anchor-query_noteArc,beacon-memo_arc,beacon-memo_noteArc,dado_arc,dado_noteArc,anchor-plan_arc,anchor-plan_noteArc,gantry_arc,gantry_noteArc,yoke_arc,yoke_noteArc,(untagged)_arc,(untagged)_noteArc,anchor-memo_arc,anchor-memo_noteArc,ferrule_arc,ferrule_noteArc,transom_arc,transom_noteArc,archive_arc,archive_noteArc,anchor-log_arc,anchor-log_noteArc,beacon-log_arc,beacon-log_noteArc,parapet_arc,parapet_noteArc,cadence_arc,cadence_noteArc,louver_arc,louver_noteArc,anchor-index_arc,anchor-index_noteArc,ballast_arc,ballast_noteArc,hasp_arc,hasp_noteArc,anchor-guide_arc,anchor-guide_noteArc,beacon-index_arc,beacon-index_noteArc,dowel_arc,dowel_noteArc,cinder-log_arc,cinder-log_noteArc,eaves_arc,eaves_noteArc,cinder-index_arc,cinder-index_noteArc,dovetail_arc,dovetail_noteArc,cinder-guide_arc,cinder-guide_noteArc,cinder-field_arc,cinder-field_noteArc,abacus_arc,abacus_noteArc,cinder-draft_arc,cinder-draft_noteArc,beacon-guide_arc,beacon-guide_noteArc,cinder-brief_arc,cinder-brief_noteArc,review_arc,review_noteArc,anchor-field_arc,anchor-field_noteArc,beacon-trace_arc,beacon-trace_noteArc,beacon-field_arc,beacon-field_noteArc,beacon-sketch_arc,beacon-sketch_noteArc,inlay_arc,inlay_noteArc,anchor-draft_arc,anchor-draft_noteArc,beacon-brief_arc,beacon-brief_noteArc,rafter_arc,rafter_noteArc,eyelet_arc,eyelet_noteArc,beacon-query_arc,beacon-query_noteArc,wicket_arc,wicket_noteArc,anchor-trace_arc,anchor-trace_noteArc,nacelle_arc,nacelle_noteArc,reveal_arc,reveal_noteArc,beacon-plan_arc,beacon-plan_noteArc,nosing_arc,nosing_noteArc,jamb_arc,jamb_noteArc,embrasure_arc,embrasure_noteArc,halyard_arc,halyard_noteArc,apse_arc,apse_noteArc,uprise_arc,uprise_noteArc,quoin_arc,quoin_noteArc,mullion_arc,mullion_noteArc,inglenook_arc,inglenook_noteArc,escarp_arc,escarp_noteArc,alcove_arc,alcove_noteArc,wainscot_arc,wainscot_noteArc,beacon-draft_arc,beacon-draft_noteArc,tiller_arc,tiller_noteArc,gusset_arc,gusset_noteArc,anchor-brief_arc,anchor-brief_noteArc,quarry_arc,quarry_noteArc,cupola_arc,cupola_noteArc,plinth_arc,plinth_noteArc,undercroft_arc,undercroft_noteArc,mortise_arc,mortise_noteArc,pilaster_arc,pilaster_noteArc,lintel_arc,lintel_noteArc,lancet_arc,lancet_noteArc,gable_arc,gable_noteArc,corbel_arc,corbel_noteArc,weir_arc,weir_noteArc,soffit_arc,soffit_noteArc,oriel_arc,oriel_noteArc,kerf_arc,kerf_noteArc,grommet_arc,grommet_noteArc,cistern_arc,cistern_noteArc,yardarm_arc,yardarm_noteArc,undertow_arc,undertow_noteArc,knurl_arc,knurl_noteArc,spandrel_arc,spandrel_noteArc,fascia_arc,fascia_noteArc,zinc_arc,zinc_noteArc,obelisk_arc,obelisk_noteArc,tracery_arc,tracery_noteArc,ogee_arc,ogee_noteArc,keel_arc,keel_noteArc,finial_arc,finial_noteArc,buttress_arc,buttress_noteArc,valance_arc,valance_noteArc,rebate_arc,rebate_noteArc,newel_arc,newel_noteArc,joist_arc,joist_noteArc,flange_arc,flange_noteArc,brazier_arc,brazier_noteArc,xylem_arc,xylem_noteArc,hinge_arc,hinge_noteArc,dormer_arc,dormer_noteArc,verge_arc,verge_noteArc,quirk_arc,quirk_noteArc,muntin_arc,muntin_noteArc,zephyr_arc,zephyr_noteArc,vellum_arc,vellum_noteArc,delta-draft_arc,delta-draft_noteArc,delta-brief_arc,delta-brief_noteArc,cinder-trace_arc,cinder-trace_noteArc,cinder-sketch_arc,cinder-sketch_noteArc,cinder-memo_arc,cinder-memo_noteArc
0.0000,0.0000,0,93.5,2.01,1052.2,1756.7,2761.3,3721.3,1,1,3.3,3.3,3.3,3.3,1.9,1.5,1.2,1.2,8.9,7.9,2.6,1.7,1.2,1.2,1.9,1.5,1.2,1.2,3.3,3.3,2.6,1.7,1.2,1.2,3.3,2,2.6,1.7,1.2,1.2,19,18.1,3.3,1.7,2.6,1.7,1.2,1.2,12,11.1,3.3,3.3,2.6,1.7,1.2,1.2,2.6,1.7,1.2,1.2,3.3,3.3,2.6,1.7,1.2,1.2,3.3,3.3,2.6,1.7,1.2,1.2,1.2,1.2,2.6,1.7,1.2,1.2,2.6,1.7,1.2,1.2,1.2,1.2,2.6,1.7,1.2,1.2,3.3,3.3,1.2,1.2,15,14.3,3.3,3.3,1.2,1.2,3.3,2,1.2,1.2,1.2,1.2,3.3,2,3.3,3.3,1.9,1.5,1.2,1.2,1.9,1.5,1.2,1.2,3.3,3.3,1.9,1.5,1.2,1.2,1.9,1.5,1.2,1.2,1.2,1.2,1.2,1.2,2.6,1.7,1.2,1.2,1.2,1.2,1.2,1.2,1.2,1.2,1.2,1.2,1.2,1.2,1.2,1.2,1.2,1.2,3.3,1.7,1.9,1.5,1.2,1.2,3.3,1.7,1.9,1.5,1.2,1.2,1.9,1.5,1.2,1.2,1.9,1.5,1.2,1.2,1.9,1.5,1.2,1.2,1.2,1.2,1.2,1.2,1.2,1.2,1.2,1.2,1.2,1.2,1.2,1.2,1.2,1.2,1.2,1.2,1.2,1.2,1.2,1.2,1.2,1.2,1.9,1.5,1.2,1.2,1.2,1.2,1.9,1.5,1.2,1.2,1.2,1.2,1.2,1.2,1.2,1.2,1.2,1.2,1.2,1.2,1.2,1.2,1.2,1.2,1.2,1.2,1.2,1.2,1.2,1.2,1.2,1.2,1.2,1.2,1.2,1.2,1.2,1.2,1.2,1.2,1.2,1.2,1.2,1.2,1.2,1.2,1.2,1.2,1.2,1.2,1.2,1.2,1.2,1.2,1.2,1.2
0.0030,0.0000,13.9,93.5,2.01,1052.2,1756.7,2761.3,3721.3,1,1,3.3,3.3,3.3,3.3,1.9,1.5,1.2,1.2,9,8,2.6,1.7,1.2,1.2,1.9,1.5,1.2,1.2,3.3,3.3,2.6,1.7,1.2,1.2,3.3,2,2.6,1.7,1.2,1.2,19,18.2,3.3,1.7,2.6,1.7,1.2,1.2,12,11.1,3.3,3.3,2.6,1.7,1.2,1.2,2.6,1.7,1.2,1.2,3.3,3.3,2.6,1.7,1.2,1.2,3.3,3.3,2.6,1.7,1.2,1.2,1.2,1.2,2.6,1.7,1.2,1.2,2.6,1.7,1.2,1.2,1.2,1.2,2.6,1.7,1.2,1.2,3.3,3.3,1.2,1.2,15,14.3,3.3,3.3,1.2,1.2,3.3,2,1.2,1.2,1.2,1.2,3.3,2,3.3,3.3,1.9,1.5,1.2,1.2,1.9,1.5,1.2,1.2,3.3,3.3,1.9,1.5,1.2,1.2,1.9,1.5,1.2,1.2,1.2,1.2,1.2,1.2,2.6,1.7,1.2,1.2,1.2,1.2,1.2,1.2,1.2,1.2,1.2,1.2,1.2,1.2,1.2,1.2,1.2,1.2,3.3,1.7,1.9,1.5,1.2,1.2,3.3,1.7,1.9,1.5,1.2,1.2,1.9,1.5,1.2,1.2,1.9,1.5,1.2,1.2,1.9,1.5,1.2,1.2,1.2,1.2,1.2,1.2,1.2,1.2,1.2,1.2,1.2,1.2,1.2,1.2,1.2,1.2,1.2,1.2,1.2,1.2,1.2,1.2,1.2,1.2,1.9,1.5,1.2,1.2,1.2,1.2,1.9,1.5,1.2,1.2,1.2,1.2,1.2,1.2,1.2,1.2,1.2,1.2,1.2,1.2,1.2,1.2,1.2,1.2,1.2,1.2,1.2,1.2,1.2,1.2,1.2,1.2,1.2,1.2,1.2,1.2,1.2,1.2,1.2,1.2,1.2,1.2,1.2,1.2,1.2,1.2,1.2,1.2,1.2,1.2,1.2,1.2,1.2,1.2,1.2,1.2
0.0050,0.0001,28.1,93.5,2.01,1052.2,1756.7,2761.3,3721.3,0.999,1,3.3,3.3,3.3,3.3,1.9,1.5,1.2,1.2,9,8,2.6,1.7,1.2,1.2,1.9,1.5,1.2,1.2,3.3,3.3,2.6,1.7,1.2,1.2,3.3,2,2.6,1.7,1.2,1.2,19.1,18.2,3.3,1.7,2.6,1.7,1.2,1.2,12,11.1,3.3,3.3,2.6,1.7,1.2,1.2,2.6,1.7,1.2,1.2,3.3,3.3,2.6,1.7,1.2,1.2,3.3,3.3,2.6,1.7,1.2,1.2,1.2,1.2,2.6,1.7,1.2,1.2,2.6,1.7,1.2,1.2,1.2,1.2,2.6,1.7,1.2,1.2,3.3,3.3,1.2,1.2,15,14.4,3.3,3.3,1.2,1.2,3.3,2,1.2,1.2,1.2,1.2,3.3,2,3.3,3.3,1.9,1.5,1.2,1.2,1.9,1.5,1.2,1.2,3.3,3.3,1.9,1.5,1.2,1.2,1.9,1.5,1.2,1.2,1.2,1.2,1.2,1.2,2.6,1.7,1.2,1.2,1.2,1.2,1.2,1.2,1.2,1.2,1.2,1.2,1.2,1.2,1.2,1.2,1.2,1.2,3.3,1.7,1.9,1.5,1.2,1.2,3.3,1.7,1.9,1.5,1.2,1.2,1.9,1.5,1.2,1.2,1.9,1.5,1.2,1.2,1.9,1.5,1.2,1.2,1.2,1.2,1.2,1.2,1.2,1.2,1.2,1.2,1.2,1.2,1.2,1.2,1.2,1.2,1.2,1.2,1.2,1.2,1.2,1.2,1.2,1.2,1.9,1.5,1.2,1.2,1.2,1.2,1.9,1.5,1.2,1.2,1.2,1.2,1.2,1.2,1.2,1.2,1.2,1.2,1.2,1.2,1.2,1.2,1.2,1.2,1.2,1.2,1.2,1.2,1.2,1.2,1.2,1.2,1.2,1.2,1.2,1.2,1.2,1.2,1.2,1.2,1.2,1.2,1.2,1.2,1.2,1.2,1.2,1.2,1.2,1.2,1.2,1.2,1.2,1.2,1.2,1.2
0.0070,0.0001,45.4,93.5,2.01,1052.2,1756.7,2761.3,3721.3,0.999,1,3.3,3.3,3.3,3.3,1.9,1.5,1.2,1.2,9,8,2.6,1.7,1.2,1.2,1.9,1.5,1.2,1.2,3.3,3.3,2.6,1.7,1.2,1.2,3.3,2,2.6,1.7,1.2,1.2,19.1,18.3,3.3,1.7,2.6,1.7,1.2,1.2,12,11.1,3.3,3.3,2.6,1.7,1.2,1.2,2.6,1.7,1.2,1.2,3.3,3.3,2.6,1.7,1.2,1.2,3.3,3.3,2.6,1.7,1.2,1.2,1.2,1.2,2.6,1.7,1.2,1.2,2.6,1.7,1.2,1.2,1.2,1.2,2.6,1.7,1.2,1.2,3.3,3.3,1.2,1.2,15,14.4,3.3,3.3,1.2,1.2,3.3,2,1.2,1.2,1.2,1.2,3.3,2,3.3,3.3,1.9,1.5,1.2,1.2,1.9,1.5,1.2,1.2,3.3,3.3,1.9,1.5,1.2,1.2,1.9,1.5,1.2,1.2,1.2,1.2,1.2,1.2,2.6,1.7,1.2,1.2,1.2,1.2,1.2,1.2,1.2,1.2,1.2,1.2,1.2,1.2,1.2,1.2,1.2,1.2,3.3,1.7,1.9,1.5,1.2,1.2,3.3,1.7,1.9,1.5,1.2,1.2,1.9,1.5,1.2,1.2,1.9,1.5,1.2,1.2,1.9,1.5,1.2,1.2,1.2,1.2,1.2,1.2,1.2,1.2,1.2,1.2,1.2,1.2,1.2,1.2,1.2,1.2,1.2,1.2,1.2,1.2,1.2,1.2,1.2,1.2,1.9,1.5,1.2,1.2,1.2,1.2,1.9,1.5,1.2,1.2,1.2,1.2,1.2,1.2,1.2,1.2,1.2,1.2,1.2,1.2,1.2,1.2,1.2,1.2,1.2,1.2,1.2,1.2,1.2,1.2,1.2,1.2,1.2,1.2,1.2,1.2,1.2,1.2,1.2,1.2,1.2,1.2,1.2,1.2,1.2,1.2,1.2,1.2,1.2,1.2,1.2,1.2,1.2,1.2,1.2,1.2
0.0100,0.0003,61.5,93.5,2.01,1052.2,1756.7,2761.3,3721.3,0.999,1,3.3,3.3,3.3,3.3,1.9,1.5,1.2,1.2,9,8,2.6,1.7,1.2,1.2,1.9,1.5,1.2,1.2,3.3,3.3,2.6,1.7,1.2,1.2,3.3,2,2.6,1.7,1.2,1.2,19.1,18.3,3.3,1.7,2.6,1.7,1.2,1.2,12,11.1,3.3,3.3,2.6,1.7,1.2,1.2,2.6,1.7,1.2,1.2,3.3,3.3,2.6,1.7,1.2,1.2,3.3,3.3,2.6,1.7,1.2,1.2,1.2,1.2,2.6,1.7,1.2,1.2,2.6,1.7,1.2,1.2,1.2,1.2,2.6,1.7,1.2,1.2,3.3,3.3,1.2,1.2,15.1,14.4,3.3,3.3,1.2,1.2,3.3,2,1.2,1.2,1.2,1.2,3.3,2,3.3,3.3,1.9,1.5,1.2,1.2,1.9,1.5,1.2,1.2,3.3,3.3,1.9,1.5,1.2,1.2,1.9,1.5,1.2,1.2,1.2,1.2,1.2,1.2,2.6,1.7,1.2,1.2,1.2,1.2,1.2,1.2,1.2,1.2,1.2,1.2,1.2,1.2,1.2,1.2,1.2,1.2,3.3,1.7,1.9,1.5,1.2,1.2,3.3,1.7,1.9,1.5,1.2,1.2,1.9,1.5,1.2,1.2,1.9,1.5,1.2,1.2,1.9,1.5,1.2,1.2,1.2,1.2,1.2,1.2,1.2,1.2,1.2,1.2,1.2,1.2,1.2,1.2,1.2,1.2,1.2,1.2,1.2,1.2,1.2,1.2,1.2,1.2,1.9,1.5,1.2,1.2,1.2,1.2,1.9,1.5,1.2,1.2,1.2,1.2,1.2,1.2,1.2,1.2,1.2,1.2,1.2,1.2,1.2,1.2,1.2,1.2,1.2,1.2,1.2,1.2,1.2,1.2,1.2,1.2,1.2,1.2,1.2,1.2,1.2,1.2,1.2,1.2,1.2,1.2,1.2,1.2,1.2,1.2,1.2,1.2,1.2,1.2,1.2,1.2,1.2,1.2,1.2,1.2
0.0120,0.0004,78.1,93.5,2.01,1052.2,1756.7,2761.3,3721.4,0.998,1,3.3,3.3,3.3,3.3,1.9,1.5,1.2,1.2,9,8,2.6,1.7,1.2,1.2,1.9,1.5,1.2,1.2,3.3,3.3,2.6,1.7,1.2,1.2,3.3,2,2.6,1.7,1.2,1.2,19.2,18.3,3.3,1.7,2.6,1.7,1.2,1.2,12.1,11.2,3.3,3.3,2.6,1.7,1.2,1.2,2.6,1.7,1.2,1.2,3.3,3.3,2.6,1.7,1.2,1.2,3.3,3.3,2.6,1.7,1.2,1.2,1.2,1.2,2.6,1.7,1.2,1.2,2.6,1.7,1.2,1.2,1.2,1.2,2.6,1.7,1.2,1.2,3.3,3.3,1.2,1.2,15.1,14.4,3.3,3.3,1.2,1.2,3.3,2,1.2,1.2,1.2,1.2,3.3,2,3.3,3.3,1.9,1.5,1.2,1.2,1.9,1.5,1.2,1.2,3.3,3.3,1.9,1.5,1.2,1.2,1.9,1.5,1.2,1.2,1.2,1.2,1.2,1.2,2.6,1.7,1.2,1.2,1.2,1.2,1.2,1.2,1.2,1.2,1.2,1.2,1.2,1.2,1.2,1.2,1.2,1.2,3.3,1.7,1.9,1.5,1.2,1.2,3.3,1.7,1.9,1.5,1.2,1.2,1.9,1.5,1.2,1.2,1.9,1.5,1.2,1.2,1.9,1.5,1.2,1.2,1.2,1.2,1.2,1.2,1.2,1.2,1.2,1.2,1.2,1.2,1.2,1.2,1.2,1.2,1.2,1.2,1.2,1.2,1.2,1.2,1.2,1.2,1.9,1.5,1.2,1.2,1.2,1.2,1.9,1.5,1.2,1.2,1.2,1.2,1.2,1.2,1.2,1.2,1.2,1.2,1.2,1.2,1.2,1.2,1.2,1.2,1.2,1.2,1.2,1.2,1.2,1.2,1.2,1.2,1.2,1.2,1.2,1.2,1.2,1.2,1.2,1.2,1.2,1.2,1.2,1.2,1.2,1.2,1.2,1.2,1.2,1.2,1.2,1.2,1.2,1.2,1.2,1.2
0.0150,0.0007,94.7,93.5,2,1052.2,1756.7,2761.3,3721.5,0.998,1,3.3,3.3,3.3,3.3,1.9,1.5,1.2,1.2,9.1,8,2.6,1.7,1.2,1.2,1.9,1.5,1.2,1.2,3.3,3.3,2.6,1.7,1.2,1.2,3.3,2,2.6,1.7,1.2,1.2,19.2,18.4,3.3,1.7,2.6,1.7,1.2,1.2,12.1,11.2,3.3,3.3,2.6,1.7,1.2,1.2,2.6,1.7,1.2,1.2,3.3,3.3,2.6,1.7,1.2,1.2,3.3,3.3,2.6,1.7,1.2,1.2,1.2,1.2,2.6,1.7,1.2,1.2,2.6,1.7,1.2,1.2,1.2,1.2,2.6,1.7,1.2,1.2,3.3,3.3,1.2,1.2,15.2,14.5,3.3,3.3,1.2,1.2,3.3,2,1.2,1.2,1.2,1.2,3.3,2,3.3,3.3,1.9,1.5,1.2,1.2,1.9,1.5,1.2,1.2,3.3,3.3,1.9,1.5,1.2,1.2,1.9,1.5,1.2,1.2,1.2,1.2,1.2,1.2,2.6,1.7,1.2,1.2,1.2,1.2,1.2,1.2,1.2,1.2,1.2,1.2,1.2,1.2,1.2,1.2,1.2,1.2,3.3,1.7,1.9,1.5,1.2,1.2,3.3,1.7,1.9,1.5,1.2,1.2,1.9,1.5,1.2,1.2,1.9,1.5,1.2,1.2,1.9,1.5,1.2,1.2,1.2,1.2,1.2,1.2,1.2,1.2,1.2,1.2,1.2,1.2,1.2,1.2,1.2,1.2,1.2,1.2,1.2,1.2,1.2,1.2,1.2,1.2,1.9,1.5,1.2,1.2,1.2,1.2,1.9,1.5,1.2,1.2,1.2,1.2,1.2,1.2,1.2,1.2,1.2,1.2,1.2,1.2,1.2,1.2,1.2,1.2,1.2,1.2,1.2,1.2,1.2,1.2,1.2,1.2,1.2,1.2,1.2,1.2,1.2,1.2,1.2,1.2,1.2,1.2,1.2,1.2,1.2,1.2,1.2,1.2,1.2,1.2,1.2,1.2,1.2,1.2,1.2,1.2
0.0170,0.0009,111.5,93.5,2,1052.2,1756.7,2761.3,3721.6,0.997,1,3.3,3.3,3.3,3.3,1.9,1.5,1.2,1.2,9.1,8.1,2.6,1.7,1.2,1.2,1.9,1.5,1.2,1.2,3.3,3.3,2.6,1.7,1.2,1.2,3.3,2,2.6,1.7,1.2,1.2,19.3,18.4,3.3,1.7,2.6,1.7,1.2,1.2,12.1,11.2,3.3,3.3,2.6,1.7,1.2,1.2,2.6,1.7,1.2,1.2,3.3,3.3,2.6,1.7,1.2,1.2,3.3,3.3,2.6,1.7,1.2,1.2,1.2,1.2,2.6,1.7,1.2,1.2,2.6,1.7,1.2,1.2,1.2,1.2,2.6,1.7,1.2,1.2,3.3,3.3,1.2,1.2,15.2,14.5,3.3,3.3,1.2,1.2,3.3,2,1.2,1.2,1.2,1.2,3.3,2,3.3,3.3,1.9,1.5,1.2,1.2,1.9,1.5,1.2,1.2,3.3,3.3,1.9,1.5,1.2,1.2,1.9,1.5,1.2,1.2,1.2,1.2,1.2,1.2,2.6,1.7,1.2,1.2,1.2,1.2,1.2,1.2,1.2,1.2,1.2,1.2,1.2,1.2,1.2,1.2,1.2,1.2,3.3,1.7,1.9,1.5,1.2,1.2,3.3,1.7,1.9,1.5,1.2,1.2,1.9,1.5,1.2,1.2,1.9,1.5,1.2,1.2,1.9,1.5,1.2,1.2,1.2,1.2,1.2,1.2,1.2,1.2,1.2,1.2,1.2,1.2,1.2,1.2,1.2,1.2,1.2,1.2,1.2,1.2,1.2,1.2,1.2,1.2,1.9,1.5,1.2,1.2,1.2,1.2,1.9,1.5,1.2,1.2,1.2,1.2,1.2,1.2,1.2,1.2,1.2,1.2,1.2,1.2,1.2,1.2,1.2,1.2,1.2,1.2,1.2,1.2,1.2,1.2,1.2,1.2,1.2,1.2,1.2,1.2,1.2,1.2,1.2,1.2,1.2,1.2,1.2,1.2,1.2,1.2,1.2,1.2,1.2,1.2,1.2,1.2,1.2,1.2,1.2,1.2
0.0200,0.0012,128.2,93.5,2,1052.2,1756.7,2761.3,3721.7,0.997,0.999,3.3,3.3,3.3,3.3,1.9,1.5,1.2,1.2,9.1,8.1,2.6,1.7,1.2,1.2,1.9,1.5,1.2,1.2,3.3,3.3,2.6,1.7,1.2,1.2,3.3,2,2.6,1.7,1.2,1.2,19.3,18.5,3.3,1.7,2.6,1.7,1.2,1.2,12.2,11.3,3.3,3.3,2.6,1.7,1.2,1.2,2.6,1.7,1.2,1.2,3.3,3.3,2.6,1.7,1.2,1.2,3.3,3.3,2.6,1.7,1.2,1.2,1.2,1.2,2.6,1.7,1.2,1.2,2.6,1.7,1.2,1.2,1.2,1.2,2.6,1.7,1.2,1.2,3.3,3.3,1.2,1.2,15.2,14.6,3.3,3.3,1.2,1.2,3.3,2,1.2,1.2,1.2,1.2,3.3,2,3.3,3.3,1.9,1.5,1.2,1.2,1.9,1.5,1.2,1.2,3.3,3.3,1.9,1.5,1.2,1.2,1.9,1.5,1.2,1.2,1.2,1.2,1.2,1.2,2.6,1.7,1.2,1.2,1.2,1.2,1.2,1.2,1.2,1.2,1.2,1.2,1.2,1.2,1.2,1.2,1.2,1.2,3.3,1.7,1.9,1.5,1.2,1.2,3.3,1.7,1.9,1.5,1.2,1.2,1.9,1.5,1.2,1.2,1.9,1.5,1.2,1.2,1.9,1.5,1.2,1.2,1.2,1.2,1.2,1.2,1.2,1.2,1.2,1.2,1.2,1.2,1.2,1.2,1.2,1.2,1.2,1.2,1.2,1.2,1.2,1.2,1.2,1.2,1.9,1.5,1.2,1.2,1.2,1.2,1.9,1.5,1.2,1.2,1.2,1.2,1.2,1.2,1.2,1.2,1.2,1.2,1.2,1.2,1.2,1.2,1.2,1.2,1.2,1.2,1.2,1.2,1.2,1.2,1.2,1.2,1.2,1.2,1.2,1.2,1.2,1.2,1.2,1.2,1.2,1.2,1.2,1.2,1.2,1.2,1.2,1.2,1.2,1.2,1.2,1.2,1.2,1.2,1.2,1.2
0.0230,0.0016,144.7,93.5,2,1052.2,1756.7,2761.4,3721.8,0.996,0.999,3.3,3.3,3.3,3.3,1.9,1.5,1.2,1.2,9.1,8.1,2.6,1.7,1.2,1.2,1.9,1.5,1.2,1.2,3.3,3.3,2.6,1.7,1.2,1.2,3.3,2,2.6,1.7,1.2,1.2,19.3,18.5,3.3,1.7,2.6,1.7,1.2,1.2,12.2,11.3,3.3,3.3,2.6,1.7,1.2,1.2,2.6,1.7,1.2,1.2,3.3,3.3,2.6,1.7,1.2,1.2,3.3,3.3,2.6,1.7,1.2,1.2,1.2,1.2,2.6,1.7,1.2,1.2,2.6,1.7,1.2,1.2,1.2,1.2,2.6,1.7,1.2,1.2,3.3,3.3,1.2,1.2,15.3,14.6,3.3,3.3,1.2,1.2,3.3,2,1.2,1.2,1.2,1.2,3.3,2,3.3,3.3,1.9,1.5,1.2,1.2,1.9,1.5,1.2,1.2,3.3,3.3,1.9,1.5,1.2,1.2,1.9,1.5,1.2,1.2,1.2,1.2,1.2,1.2,2.6,1.7,1.2,1.2,1.2,1.2,1.2,1.2,1.2,1.2,1.2,1.2,1.2,1.2,1.2,1.2,1.2,1.2,3.3,1.7,1.9,1.5,1.2,1.2,3.3,1.7,1.9,1.5,1.2,1.2,1.9,1.5,1.2,1.2,1.9,1.5,1.2,1.2,1.9,1.5,1.2,1.2,1.2,1.2,1.2,1.2,1.2,1.2,1.2,1.2,1.2,1.2,1.2,1.2,1.2,1.2,1.2,1.2,1.2,1.2,1.2,1.2,1.2,1.2,1.9,1.5,1.2,1.2,1.2,1.2,1.9,1.5,1.2,1.2,1.2,1.2,1.2,1.2,1.2,1.2,1.2,1.2,1.2,1.2,1.2,1.2,1.2,1.2,1.2,1.2,1.2,1.2,1.2,1.2,1.2,1.2,1.2,1.2,1.2,1.2,1.2,1.2,1.2,1.2,1.2,1.2,1.2,1.2,1.2,1.2,1.2,1.2,1.2,1.2,1.2,1.2,1.2,1.2,1.2,1.2
0.0250,0.0018,161.4,93.5,2,1052.2,1756.7,2761.4,3722,0.996,0.999,3.3,3.3,3.3,3.3,1.9,1.5,1.2,1.2,9.1,8.1,2.6,1.7,1.2,1.2,1.9,1.5,1.2,1.2,3.3,3.3,2.6,1.7,1.2,1.2,3.3,2,2.6,1.7,1.2,1.2,19.4,18.6,3.3,1.7,2.6,1.7,1.2,1.2,12.2,11.3,3.3,3.3,2.6,1.7,1.2,1.2,2.6,1.7,1.2,1.2,3.3,3.3,2.6,1.7,1.2,1.2,3.3,3.3,2.6,1.7,1.2,1.2,1.2,1.2,2.6,1.7,1.2,1.2,2.6,1.7,1.2,1.2,1.2,1.2,2.6,1.7,1.2,1.2,3.3,3.3,1.2,1.2,15.3,14.6,3.3,3.3,1.2,1.2,3.3,2,1.2,1.2,1.2,1.2,3.3,2,3.3,3.3,1.9,1.5,1.2,1.2,1.9,1.5,1.2,1.2,3.3,3.3,1.9,1.5,1.2,1.2,1.9,1.5,1.2,1.2,1.2,1.2,1.2,1.2,2.6,1.7,1.2,1.2,1.2,1.2,1.2,1.2,1.2,1.2,1.2,1.2,1.2,1.2,1.2,1.2,1.2,1.2,3.3,1.7,1.9,1.5,1.2,1.2,3.3,1.7,1.9,1.5,1.2,1.2,1.9,1.5,1.2,1.2,1.9,1.5,1.2,1.2,1.9,1.5,1.2,1.2,1.2,1.2,1.2,1.2,1.2,1.2,1.2,1.2,1.2,1.2,1.2,1.2,1.2,1.2,1.2,1.2,1.2,1.2,1.2,1.2,1.2,1.2,1.9,1.5,1.2,1.2,1.2,1.2,1.9,1.5,1.2,1.2,1.2,1.2,1.2,1.2,1.2,1.2,1.2,1.2,1.2,1.2,1.2,1.2,1.2,1.2,1.2,1.2,1.2,1.2,1.2,1.2,1.2,1.2,1.2,1.2,1.2,1.2,1.2,1.2,1.2,1.2,1.2,1.2,1.2,1.2,1.2,1.2,1.2,1.2,1.2,1.2,1.2,1.2,1.2,1.2,1.2,1.2
0.0280,0.0023,178.1,93.5,2,1052.2,1756.7,2761.4,3722.2,0.996,0.999,3.3,3.3,3.3,3.3,1.9,1.5,1.2,1.2,9.2,8.1,2.6,1.7,1.2,1.2,1.9,1.5,1.2,1.2,3.3,3.3,2.6,1.7,1.2,1.2,3.3,2,2.6,1.7,1.2,1.2,19.4,18.6,3.3,1.7,2.6,1.7,1.2,1.2,12.2,11.3,3.3,3.3,2.6,1.7,1.2,1.2,2.6,1.7,1.2,1.2,3.3,3.3,2.6,1.7,1.2,1.2,3.3,3.3,2.6,1.7,1.2,1.2,1.2,1.2,2.6,1.7,1.2,1.2,2.6,1.7,1.2,1.2,1.2,1.2,2.6,1.7,1.2,1.2,3.3,3.3,1.2,1.2,15.3,14.7,3.3,3.3,1.2,1.2,3.3,2,1.2,1.2,1.2,1.2,3.3,2,3.3,3.3,1.9,1.5,1.2,1.2,1.9,1.5,1.2,1.2,3.3,3.3,1.9,1.5,1.2,1.2,1.9,1.5,1.2,1.2,1.2,1.2,1.2,1.2,2.6,1.7,1.2,1.2,1.2,1.2,1.2,1.2,1.2,1.2,1.2,1.2,1.2,1.2,1.2,1.2,1.2,1.2,3.3,1.7,1.9,1.5,1.2,1.2,3.3,1.7,1.9,1.5,1.2,1.2,1.9,1.5,1.2,1.2,1.9,1.5,1.2,1.2,1.9,1.5,1.2,1.2,1.2,1.2,1.2,1.2,1.2,1.2,1.2,1.2,1.2,1.2,1.2,1.2,1.2,1.2,1.2,1.2,1.2,1.2,1.2,1.2,1.2,1.2,1.9,1.5,1.2,1.2,1.2,1.2,1.9,1.5,1.2,1.2,1.2,1.2,1.2,1.2,1.2,1.2,1.2,1.2,1.2,1.2,1.2,1.2,1.2,1.2,1.2,1.2,1.2,1.2,1.2,1.2,1.2,1.2,1.2,1.2,1.2,1.2,1.2,1.2,1.2,1.2,1.2,1.2,1.2,1.2,1.2,1.2,1.2,1.2,1.2,1.2,1.2,1.2,1.2,1.2,1.2,1.2
0.0300,0.0026,194.9,93.5,2,1052.2,1756.7,2761.5,3722.4,0.995,0.998,3.3,3.3,3.3,3.3,1.9,1.5,1.2,1.2,9.2,8.2,2.6,1.7,1.2,1.2,1.9,1.5,1.2,1.2,3.3,3.3,2.6,1.7,1.2,1.2,3.3,2,2.6,1.7,1.2,1.2,19.5,18.6,3.3,1.7,2.6,1.7,1.2,1.2,12.3,11.4,3.3,3.3,2.6,1.7,1.2,1.2,2.6,1.7,1.2,1.2,3.3,3.3,2.6,1.7,1.2,1.2,3.3,3.3,2.6,1.7,1.2,1.2,1.2,1.2,2.6,1.7,1.2,1.2,2.6,1.7,1.2,1.2,1.2,1.2,2.6,1.7,1.2,1.2,3.3,3.3,1.2,1.2,15.4,14.7,3.3,3.3,1.2,1.2,3.3,2,1.2,1.2,1.2,1.2,3.3,2,3.3,3.3,1.9,1.5,1.2,1.2,1.9,1.5,1.2,1.2,3.3,3.3,1.9,1.5,1.2,1.2,1.9,1.5,1.2,1.2,1.2,1.2,1.2,1.2,2.6,1.7,1.2,1.2,1.2,1.2,1.2,1.2,1.2,1.2,1.2,1.2,1.2,1.2,1.2,1.2,1.2,1.2,3.3,1.7,1.9,1.5,1.2,1.2,3.3,1.7,1.9,1.5,1.2,1.2,1.9,1.5,1.2,1.2,1.9,1.5,1.2,1.2,1.9,1.5,1.2,1.2,1.2,1.2,1.2,1.2,1.2,1.2,1.2,1.2,1.2,1.2,1.2,1.2,1.2,1.2,1.2,1.2,1.2,1.2,1.2,1.2,1.2,1.2,1.9,1.5,1.2,1.2,1.2,1.2,1.9,1.5,1.2,1.2,1.2,1.2,1.2,1.2,1.2,1.2,1.2,1.2,1.2,1.2,1.2,1.2,1.2,1.2,1.2,1.2,1.2,1.2,1.2,1.2,1.2,1.2,1.2,1.2,1.2,1.2,1.2,1.2,1.2,1.2,1.2,1.2,1.2,1.2,1.2,1.2,1.2,1.2,1.2,1.2,1.2,1.2,1.2,1.2,1.2,1.2
0.0330,0.0032,211.8,93.5,2,1052.2,1756.7,2761.5,3722.7,0.995,0.998,3.3,3.3,3.3,3.3,1.9,1.5,1.2,1.2,9.2,8.2,2.6,1.7,1.2,1.2,1.9,1.5,1.2,1.2,3.3,3.3,2.6,1.7,1.2,1.2,3.3,2,2.6,1.7,1.2,1.2,19.5,18.7,3.3,1.7,2.6,1.7,1.2,1.2,12.3,11.4,3.3,3.3,2.6,1.7,1.2,1.2,2.6,1.7,1.2,1.2,3.3,3.3,2.6,1.7,1.2,1.2,3.3,3.3,2.6,1.7,1.2,1.2,1.2,1.2,2.6,1.7,1.2,1.2,2.6,1.7,1.2,1.2,1.2,1.2,2.6,1.7,1.2,1.2,3.3,3.3,1.2,1.2,15.4,14.7,3.3,3.3,1.2,1.2,3.3,2,1.2,1.2,1.2,1.2,3.3,2,3.3,3.3,1.9,1.5,1.2,1.2,1.9,1.5,1.2,1.2,3.3,3.3,1.9,1.5,1.2,1.2,1.9,1.5,1.2,1.2,1.2,1.2,1.2,1.2,2.6,1.7,1.2,1.2,1.2,1.2,1.2,1.2,1.2,1.2,1.2,1.2,1.2,1.2,1.2,1.2,1.2,1.2,3.3,1.7,1.9,1.5,1.2,1.2,3.3,1.7,1.9,1.5,1.2,1.2,1.9,1.5,1.2,1.2,1.9,1.5,1.2,1.2,1.9,1.5,1.2,1.2,1.2,1.2,1.2,1.2,1.2,1.2,1.2,1.2,1.2,1.2,1.2,1.2,1.2,1.2,1.2,1.2,1.2,1.2,1.2,1.2,1.2,1.2,1.9,1.5,1.2,1.2,1.2,1.2,1.9,1.5,1.2,1.2,1.2,1.2,1.2,1.2,1.2,1.2,1.2,1.2,1.2,1.2,1.2,1.2,1.2,1.2,1.2,1.2,1.2,1.2,1.2,1.2,1.2,1.2,1.2,1.2,1.2,1.2,1.2,1.2,1.2,1.2,1.2,1.2,1.2,1.2,1.2,1.2,1.2,1.2,1.2,1.2,1.2,1.2,1.2,1.2,1.2,1.2
0.0360,0.0038,228.3,93.5,2,1052.2,1756.7,2761.5,3722.9,0.994,0.997,3.3,3.3,3.3,3.3,1.9,1.5,1.2,1.2,9.2,8.2,2.6,1.7,1.2,1.2,1.9,1.5,1.2,1.2,3.3,3.3,2.6,1.7,1.2,1.2,3.3,2,2.6,1.7,1.2,1.2,19.6,18.7,3.3,1.7,2.6,1.7,1.2,1.2,12.3,11.4,3.3,3.3,2.6,1.7,1.2,1.2,2.6,1.7,1.2,1.2,3.3,3.3,2.6,1.7,1.2,1.2,3.3,3.3,2.6,1.7,1.2,1.2,1.2,1.2,2.6,1.7,1.2,1.2,2.6,1.7,1.2,1.2,1.2,1.2,2.6,1.7,1.2,1.2,3.3,3.3,1.2,1.2,15.4,14.8,3.3,3.3,1.2,1.2,3.3,2,1.2,1.2,1.2,1.2,3.3,2,3.3,3.3,1.9,1.5,1.2,1.2,1.9,1.5,1.2,1.2,3.3,3.3,1.9,1.5,1.2,1.2,1.9,1.5,1.2,1.2,1.2,1.2,1.2,1.2,2.6,1.7,1.2,1.2,1.2,1.2,1.2,1.2,1.2,1.2,1.2,1.2,1.2,1.2,1.2,1.2,1.2,1.2,3.3,1.7,1.9,1.5,1.2,1.2,3.3,1.7,1.9,1.5,1.2,1.2,1.9,1.5,1.2,1.2,1.9,1.5,1.2,1.2,1.9,1.5,1.2,1.2,1.2,1.2,1.2,1.2,1.2,1.2,1.2,1.2,1.2,1.2,1.2,1.2,1.2,1.2,1.2,1.2,1.2,1.2,1.2,1.2,1.2,1.2,1.9,1.5,1.2,1.2,1.2,1.2,1.9,1.5,1.2,1.2,1.2,1.2,1.2,1.2,1.2,1.2,1.2,1.2,1.2,1.2,1.2,1.2,1.2,1.2,1.2,1.2,1.2,1.2,1.2,1.2,1.2,1.2,1.2,1.2,1.2,1.2,1.2,1.2,1.2,1.2,1.2,1.2,1.2,1.2,1.2,1.2,1.2,1.2,1.2,1.2,1.2,1.2,1.2,1.2,1.2,1.2
0.0380,0.0042,244.8,93.5,1.99,1052.2,1756.7,2761.6,3723.2,0.994,0.997,3.3,3.3,3.3,3.3,1.9,1.5,1.2,1.2,9.2,8.2,2.6,1.7,1.2,1.2,1.9,1.5,1.2,1.2,3.3,3.3,2.6,1.7,1.2,1.2,3.3,2,2.6,1.7,1.2,1.2,19.6,18.8,3.3,1.7,2.6,1.7,1.2,1.2,12.4,11.4,3.3,3.3,2.6,1.7,1.2,1.2,2.6,1.7,1.2,1.2,3.3,3.3,2.6,1.7,1.2,1.2,3.3,3.3,2.6,1.7,1.2,1.2,1.2,1.2,2.6,1.7,1.2,1.2,2.6,1.7,1.2,1.2,1.2,1.2,2.6,1.7,1.2,1.2,3.3,3.3,1.2,1.2,15.5,14.8,3.3,3.3,1.2,1.2,3.3,2,1.2,1.2,1.2,1.2,3.3,2,3.3,3.3,1.9,1.5,1.2,1.2,1.9,1.5,1.2,1.2,3.3,3.3,1.9,1.5,1.2,1.2,1.9,1.5,1.2,1.2,1.2,1.2,1.2,1.2,2.6,1.7,1.2,1.2,1.2,1.2,1.2,1.2,1.2,1.2,1.2,1.2,1.2,1.2,1.2,1.2,1.2,1.2,3.3,1.7,1.9,1.5,1.2,1.2,3.3,1.7,1.9,1.5,1.2,1.2,1.9,1.5,1.2,1.2,1.9,1.5,1.2,1.2,1.9,1.5,1.2,1.2,1.2,1.2,1.2,1.2,1.2,1.2,1.2,1.2,1.2,1.2,1.2,1.2,1.2,1.2,1.2,1.2,1.2,1.2,1.2,1.2,1.2,1.2,1.9,1.5,1.2,1.2,1.2,1.2,1.9,1.5,1.2,1.2,1.2,1.2,1.2,1.2,1.2,1.2,1.2,1.2,1.2,1.2,1.2,1.2,1.2,1.2,1.2,1.2,1.2,1.2,1.2,1.2,1.2,1.2,1.2,1.2,1.2,1.2,1.2,1.2,1.2,1.2,1.2,1.2,1.2,1.2,1.2,1.2,1.2,1.2,1.2,1.2,1.2,1.2,1.2,1.2,1.2,1.2
0.0410,0.0049,261.4,93.5,1.99,1052.2,1756.7,2761.7,3723.5,0.994,0.996,3.3,3.3,3.3,3.3,1.9,1.5,1.2,1.2,9.3,8.3,2.6,1.7,1.2,1.2,1.9,1.5,1.2,1.2,3.3,3.3,2.6,1.7,1.2,1.2,3.3,2,2.6,1.7,1.2,1.2,19.7,18.8,3.3,1.7,2.6,1.7,1.2,1.2,12.4,11.5,3.3,3.3,2.6,1.7,1.2,1.2,2.6,1.7,1.2,1.2,3.3,3.3,2.6,1.7,1.2,1.2,3.3,3.3,2.6,1.7,1.2,1.2,1.2,1.2,2.6,1.7,1.2,1.2,2.6,1.7,1.2,1.2,1.2,1.2,2.6,1.7,1.2,1.2,3.3,3.3,1.2,1.2,15.5,14.8,3.3,3.3,1.2,1.2,3.3,2,1.2,1.2,1.2,1.2,3.3,2,3.3,3.3,1.9,1.5,1.2,1.2,1.9,1.5,1.2,1.2,3.3,3.3,1.9,1.5,1.2,1.2,1.9,1.5,1.2,1.2,1.2,1.2,1.2,1.2,2.6,1.7,1.2,1.2,1.2,1.2,1.2,1.2,1.2,1.2,1.2,1.2,1.2,1.2,1.2,1.2,1.2,1.2,3.3,1.7,1.9,1.5,1.2,1.2,3.3,1.7,1.9,1.5,1.2,1.2,1.9,1.5,1.2,1.2,1.9,1.5,1.2,1.2,1.9,1.5,1.2,1.2,1.2,1.2,1.2,1.2,1.2,1.2,1.2,1.2,1.2,1.2,1.2,1.2,1.2,1.2,1.2,1.2,1.2,1.2,1.2,1.2,1.2,1.2,1.9,1.5,1.2,1.2,1.2,1.2,1.9,1.5,1.2,1.2,1.2,1.2,1.2,1.2,1.2,1.2,1.2,1.2,1.2,1.2,1.2,1.2,1.2,1.2,1.2,1.2,1.2,1.2,1.2,1.2,1.2,1.2,1.2,1.2,1.2,1.2,1.2,1.2,1.2,1.2,1.2,1.2,1.2,1.2,1.2,1.2,1.2,1.2,1.2,1.2,1.2,1.2,1.2,1.2,1.2,1.2
0.0430,0.0054,278.5,93.5,1.99,1052.2,1756.7,2761.7,3723.9,0.993,0.995,3.3,3.3,3.3,3.3,1.9,1.5,1.2,1.2,9.3,8.3,2.6,1.7,1.2,1.2,1.9,1.5,1.2,1.2,3.3,3.3,2.6,1.7,1.2,1.2,3.3,2,2.6,1.7,1.2,1.2,19.7,18.9,3.3,1.7,2.6,1.7,1.2,1.2,12.4,11.5,3.3,3.3,2.6,1.7,1.2,1.2,2.6,1.7,1.2,1.2,3.3,3.3,2.6,1.7,1.2,1.2,3.3,3.3,2.6,1.7,1.2,1.2,1.2,1.2,2.6,1.7,1.2,1.2,2.6,1.7,1.2,1.2,1.2,1.2,2.6,1.7,1.2,1.2,3.3,3.3,1.2,1.2,15.5,14.9,3.3,3.3,1.2,1.2,3.3,2,1.2,1.2,1.2,1.2,3.3,2,3.3,3.3,1.9,1.5,1.2,1.2,1.9,1.5,1.2,1.2,3.3,3.3,1.9,1.5,1.2,1.2,1.9,1.5,1.2,1.2,1.2,1.2,1.2,1.2,2.6,1.7,1.2,1.2,1.2,1.2,1.2,1.2,1.2,1.2,1.2,1.2,1.2,1.2,1.2,1.2,1.2,1.2,3.3,1.7,1.9,1.5,1.2,1.2,3.3,1.7,1.9,1.5,1.2,1.2,1.9,1.5,1.2,1.2,1.9,1.5,1.2,1.2,1.9,1.5,1.2,1.2,1.2,1.2,1.2,1.2,1.2,1.2,1.2,1.2,1.2,1.2,1.2,1.2,1.2,1.2,1.2,1.2,1.2,1.2,1.2,1.2,1.2,1.2,1.9,1.5,1.2,1.2,1.2,1.2,1.9,1.5,1.2,1.2,1.2,1.2,1.2,1.2,1.2,1.2,1.2,1.2,1.2,1.2,1.2,1.2,1.2,1.2,1.2,1.2,1.2,1.2,1.2,1.2,1.2,1.2,1.2,1.2,1.2,1.2,1.2,1.2,1.2,1.2,1.2,1.2,1.2,1.2,1.2,1.2,1.2,1.2,1.2,1.2,1.2,1.2,1.2,1.2,1.2,1.2
0.0460,0.0062,294.9,93.5,1.99,1052.2,1756.7,2761.8,3724.3,0.993,0.994,3.3,3.3,3.3,3.3,1.9,1.5,1.2,1.2,9.3,8.3,2.6,1.7,1.2,1.2,1.9,1.5,1.2,1.2,3.3,3.3,2.6,1.7,1.2,1.2,3.3,2,2.6,1.7,1.2,1.2,19.7,18.9,3.3,1.7,2.6,1.7,1.2,1.2,12.4,11.5,3.3,3.3,2.6,1.7,1.2,1.2,2.6,1.7,1.2,1.2,3.3,3.3,2.6,1.7,1.2,1.2,3.3,3.3,2.6,1.7,1.2,1.2,1.2,1.2,2.6,1.7,1.2,1.2,2.6,1.7,1.2,1.2,1.2,1.2,2.6,1.7,1.2,1.2,3.3,3.3,1.2,1.2,15.6,14.9,3.3,3.3,1.2,1.2,3.3,2,1.2,1.2,1.2,1.2,3.3,2,3.3,3.3,1.9,1.5,1.2,1.2,1.9,1.5,1.2,1.2,3.3,3.3,1.9,1.5,1.2,1.2,1.9,1.5,1.2,1.2,1.2,1.2,1.2,1.2,2.6,1.7,1.2,1.2,1.2,1.2,1.2,1.2,1.2,1.2,1.2,1.2,1.2,1.2,1.2,1.2,1.2,1.2,3.3,1.7,1.9,1.5,1.2,1.2,3.3,1.7,1.9,1.5,1.2,1.2,1.9,1.5,1.2,1.2,1.9,1.5,1.2,1.2,1.9,1.5,1.2,1.2,1.2,1.2,1.2,1.2,1.2,1.2,1.2,1.2,1.2,1.2,1.2,1.2,1.2,1.2,1.2,1.2,1.2,1.2,1.2,1.2,1.2,1.2,1.9,1.5,1.2,1.2,1.2,1.2,1.9,1.5,1.2,1.2,1.2,1.2,1.2,1.2,1.2,1.2,1.2,1.2,1.2,1.2,1.2,1.2,1.2,1.2,1.2,1.2,1.2,1.2,1.2,1.2,1.2,1.2,1.2,1.2,1.2,1.2,1.2,1.2,1.2,1.2,1.2,1.2,1.2,1.2,1.2,1.2,1.2,1.2,1.2,1.2,1.2,1.2,1.2,1.2,1.2,1.2
0.0490,0.0070,311.5,93.5,1.99,1052.2,1756.7,2761.8,3724.7,0.992,0.994,3.3,3.3,3.3,3.3,1.9,1.5,1.2,1.2,9.3,8.3,2.6,1.7,1.2,1.2,1.9,1.5,1.2,1.2,3.3,3.3,2.6,1.7,1.2,1.2,3.3,2,2.6,1.7,1.2,1.2,19.8,18.9,3.3,1.7,2.6,1.7,1.2,1.2,12.5,11.6,3.3,3.3,2.6,1.7,1.2,1.2,2.6,1.7,1.2,1.2,3.3,3.3,2.6,1.7,1.2,1.2,3.3,3.3,2.6,1.7,1.2,1.2,1.2,1.2,2.6,1.7,1.2,1.2,2.6,1.7,1.2,1.2,1.2,1.2,2.6,1.7,1.2,1.2,3.3,3.3,1.2,1.2,15.6,14.9,3.3,3.3,1.2,1.2,3.3,2,1.2,1.2,1.2,1.2,3.3,2,3.3,3.3,1.9,1.5,1.2,1.2,1.9,1.5,1.2,1.2,3.3,3.3,1.9,1.5,1.2,1.2,1.9,1.5,1.2,1.2,1.2,1.2,1.2,1.2,2.6,1.7,1.2,1.2,1.2,1.2,1.2,1.2,1.2,1.2,1.2,1.2,1.2,1.2,1.2,1.2,1.2,1.2,3.3,1.7,1.9,1.5,1.2,1.2,3.3,1.7,1.9,1.5,1.2,1.2,1.9,1.5,1.2,1.2,1.9,1.5,1.2,1.2,1.9,1.5,1.2,1.2,1.2,1.2,1.2,1.2,1.2,1.2,1.2,1.2,1.2,1.2,1.2,1.2,1.2,1.2,1.2,1.2,1.2,1.2,1.2,1.2,1.2,1.2,1.9,1.5,1.2,1.2,1.2,1.2,1.9,1.5,1.2,1.2,1.2,1.2,1.2,1.2,1.2,1.2,1.2,1.2,1.2,1.2,1.2,1.2,1.2,1.2,1.2,1.2,1.2,1.2,1.2,1.2,1.2,1.2,1.2,1.2,1.2,1.2,1.2,1.2,1.2,1.2,1.2,1.2,1.2,1.2,1.2,1.2,1.2,1.2,1.2,1.2,1.2,1.2,1.2,1.2,1.2,1.2
0.0510,0.0075,328.3,93.5,1.99,1052.2,1756.7,2761.9,3725.1,0.992,0.993,3.3,3.3,3.3,3.3,1.9,1.5,1.2,1.2,9.3,8.3,2.6,1.7,1.2,1.2,1.9,1.5,1.2,1.2,3.3,3.3,2.6,1.7,1.2,1.2,3.3,2,2.6,1.7,1.2,1.2,19.8,19,3.3,1.7,2.6,1.7,1.2,1.2,12.5,11.6,3.3,3.3,2.6,1.7,1.2,1.2,2.6,1.7,1.2,1.2,3.3,3.3,2.6,1.7,1.2,1.2,3.3,3.3,2.6,1.7,1.2,1.2,1.2,1.2,2.6,1.7,1.2,1.2,2.6,1.7,1.2,1.2,1.2,1.2,2.6,1.7,1.2,1.2,3.3,3.3,1.2,1.2,15.6,15,3.3,3.3,1.2,1.2,3.3,2,1.2,1.2,1.2,1.2,3.3,2,3.3,3.3,1.9,1.5,1.2,1.2,1.9,1.5,1.2,1.2,3.3,3.3,1.9,1.5,1.2,1.2,1.9,1.5,1.2,1.2,1.2,1.2,1.2,1.2,2.6,1.7,1.2,1.2,1.2,1.2,1.2,1.2,1.2,1.2,1.2,1.2,1.2,1.2,1.2,1.2,1.2,1.2,3.3,1.7,1.9,1.5,1.2,1.2,3.3,1.7,1.9,1.5,1.2,1.2,1.9,1.5,1.2,1.2,1.9,1.5,1.2,1.2,1.9,1.5,1.2,1.2,1.2,1.2,1.2,1.2,1.2,1.2,1.2,1.2,1.2,1.2,1.2,1.2,1.2,1.2,1.2,1.2,1.2,1.2,1.2,1.2,1.2,1.2,1.9,1.5,1.2,1.2,1.2,1.2,1.9,1.5,1.2,1.2,1.2,1.2,1.2,1.2,1.2,1.2,1.2,1.2,1.2,1.2,1.2,1.2,1.2,1.2,1.2,1.2,1.2,1.2,1.2,1.2,1.2,1.2,1.2,1.2,1.2,1.2,1.2,1.2,1.2,1.2,1.2,1.2,1.2,1.2,1.2,1.2,1.2,1.2,1.2,1.2,1.2,1.2,1.2,1.2,1.2,1.2
0.0540,0.0084,345,93.5,1.99,1052.2,1756.7,2762,3725.5,0.991,0.992,3.3,3.3,3.3,3.3,1.9,1.5,1.2,1.2,9.4,8.4,2.6,1.7,1.2,1.2,1.9,1.5,1.2,1.2,3.3,3.3,2.6,1.7,1.2,1.2,3.3,2,2.6,1.7,1.2,1.2,19.9,19,3.3,1.7,2.6,1.7,1.2,1.2,12.5,11.6,3.3,3.3,2.6,1.7,1.2,1.2,2.6,1.7,1.2,1.2,3.3,3.3,2.6,1.7,1.2,1.2,3.3,3.3,2.6,1.7,1.2,1.2,1.2,1.2,2.6,1.7,1.2,1.2,2.6,1.7,1.2,1.2,1.2,1.2,2.6,1.7,1.2,1.2,3.3,3.3,1.2,1.2,15.7,15,3.3,3.3,1.2,1.2,3.3,2,1.2,1.2,1.2,1.2,3.3,2,3.3,3.3,1.9,1.5,1.2,1.2,1.9,1.5,1.2,1.2,3.3,3.3,1.9,1.5,1.2,1.2,1.9,1.5,1.2,1.2,1.2,1.2,1.2,1.2,2.6,1.7,1.2,1.2,1.2,1.2,1.2,1.2,1.2,1.2,1.2,1.2,1.2,1.2,1.2,1.2,1.2,1.2,3.3,1.7,1.9,1.5,1.2,1.2,3.3,1.7,1.9,1.5,1.2,1.2,1.9,1.5,1.2,1.2,1.9,1.5,1.2,1.2,1.9,1.5,1.2,1.2,1.2,1.2,1.2,1.2,1.2,1.2,1.2,1.2,1.2,1.2,1.2,1.2,1.2,1.2,1.2,1.2,1.2,1.2,1.2,1.2,1.2,1.2,1.9,1.5,1.2,1.2,1.2,1.2,1.9,1.5,1.2,1.2,1.2,1.2,1.2,1.2,1.2,1.2,1.2,1.2,1.2,1.2,1.2,1.2,1.2,1.2,1.2,1.2,1.2,1.2,1.2,1.2,1.2,1.2,1.2,1.2,1.2,1.2,1.2,1.2,1.2,1.2,1.2,1.2,1.2,1.2,1.2,1.2,1.2,1.2,1.2,1.2,1.2,1.2,1.2,1.2,1.2,1.2
0.0570,0.0094,361.7,93.5,1.99,1052.2,1756.7,2762.1,3726,0.991,0.99,3.3,3.3,3.3,3.3,1.9,1.5,1.2,1.2,9.4,8.4,2.6,1.7,1.2,1.2,1.9,1.5,1.2,1.2,3.3,3.3,2.6,1.7,1.2,1.2,3.3,2,2.6,1.7,1.2,1.2,19.9,19.1,3.3,1.7,2.6,1.7,1.2,1.2,12.6,11.6,3.3,3.3,2.6,1.7,1.2,1.2,2.6,1.7,1.2,1.2,3.3,3.3,2.6,1.7,1.2,1.2,3.3,3.3,2.6,1.7,1.2,1.2,1.2,1.2,2.6,1.7,1.2,1.2,2.6,1.7,1.2,1.2,1.2,1.2,2.6,1.7,1.2,1.2,3.3,3.3,1.2,1.2,15.7,15,3.3,3.3,1.2,1.2,3.3,2,1.2,1.2,1.2,1.2,3.3,2,3.3,3.3,1.9,1.5,1.2,1.2,1.9,1.5,1.2,1.2,3.3,3.3,1.9,1.5,1.2,1.2,1.9,1.5,1.2,1.2,1.2,1.2,1.2,1.2,2.6,1.7,1.2,1.2,1.2,1.2,1.2,1.2,1.2,1.2,1.2,1.2,1.2,1.2,1.2,1.2,1.2,1.2,3.3,1.7,1.9,1.5,1.2,1.2,3.3,1.7,1.9,1.5,1.2,1.2,1.9,1.5,1.2,1.2,1.9,1.5,1.2,1.2,1.9,1.5,1.2,1.2,1.2,1.2,1.2,1.2,1.2,1.2,1.2,1.2,1.2,1.2,1.2,1.2,1.2,1.2,1.2,1.2,1.2,1.2,1.2,1.2,1.2,1.2,1.9,1.5,1.2,1.2,1.2,1.2,1.9,1.5,1.2,1.2,1.2,1.2,1.2,1.2,1.2,1.2,1.2,1.2,1.2,1.2,1.2,1.2,1.2,1.2,1.2,1.2,1.2,1.2,1.2,1.2,1.2,1.2,1.2,1.2,1.2,1.2,1.2,1.2,1.2,1.2,1.2,1.2,1.2,1.2,1.2,1.2,1.2,1.2,1.2,1.2,1.2,1.2,1.2,1.2,1.2,1.2
0.0590,0.0100,378.2,93.5,1.99,1052.2,1756.7,2762.2,3726.5,0.99,0.989,3.3,3.3,3.3,3.3,1.9,1.5,1.2,1.2,9.4,8.4,2.6,1.7,1.2,1.2,1.9,1.5,1.2,1.2,3.3,3.3,2.6,1.7,1.2,1.2,3.3,2,2.6,1.7,1.2,1.2,20,19.1,3.3,1.7,2.6,1.7,1.2,1.2,12.6,11.7,3.3,3.3,2.6,1.7,1.2,1.2,2.6,1.7,1.2,1.2,3.3,3.3,2.6,1.7,1.2,1.2,3.3,3.3,2.6,1.7,1.2,1.2,1.2,1.2,2.6,1.7,1.2,1.2,2.6,1.7,1.2,1.2,1.2,1.2,2.6,1.7,1.2,1.2,3.3,3.3,1.2,1.2,15.8,15.1,3.3,3.3,1.2,1.2,3.3,2,1.2,1.2,1.2,1.2,3.3,2,3.3,3.3,1.9,1.5,1.2,1.2,1.9,1.5,1.2,1.2,3.3,3.3,1.9,1.5,1.2,1.2,1.9,1.5,1.2,1.2,1.2,1.2,1.2,1.2,2.6,1.7,1.2,1.2,1.2,1.2,1.2,1.2,1.2,1.2,1.2,1.2,1.2,1.2,1.2,1.2,1.2,1.2,3.3,1.7,1.9,1.5,1.2,1.2,3.3,1.7,1.9,1.5,1.2,1.2,1.9,1.5,1.2,1.2,1.9,1.5,1.2,1.2,1.9,1.5,1.2,1.2,1.2,1.2,1.2,1.2,1.2,1.2,1.2,1.2,1.2,1.2,1.2,1.2,1.2,1.2,1.2,1.2,1.2,1.2,1.2,1.2,1.2,1.2,1.9,1.5,1.2,1.2,1.2,1.2,1.9,1.5,1.2,1.2,1.2,1.2,1.2,1.2,1.2,1.2,1.2,1.2,1.2,1.2,1.2,1.2,1.2,1.2,1.2,1.2,1.2,1.2,1.2,1.2,1.2,1.2,1.2,1.2,1.2,1.2,1.2,1.2,1.2,1.2,1.2,1.2,1.2,1.2,1.2,1.2,1.2,1.2,1.2,1.2,1.2,1.2,1.2,1.2,1.2,1.2
0.0620,0.0111,395,93.5,1.99,1052.2,1756.7,2762.3,3727,0.99,0.988,3.3,3.3,3.3,3.3,1.9,1.5,1.2,1.2,9.4,8.4,2.6,1.7,1.2,1.2,1.9,1.5,1.2,1.2,3.3,3.3,2.6,1.7,1.2,1.2,3.3,2,2.6,1.7,1.2,1.2,20,19.2,3.3,1.7,2.6,1.7,1.2,1.2,12.6,11.7,3.3,3.3,2.6,1.7,1.2,1.2,2.6,1.7,1.2,1.2,3.3,3.3,2.6,1.7,1.2,1.2,3.3,3.3,2.6,1.7,1.2,1.2,1.2,1.2,2.6,1.7,1.2,1.2,2.6,1.7,1.2,1.2,1.2,1.2,2.6,1.7,1.2,1.2,3.3,3.3,1.2,1.2,15.8,15.1,3.3,3.3,1.2,1.2,3.3,2,1.2,1.2,1.2,1.2,3.3,2,3.3,3.3,1.9,1.5,1.2,1.2,1.9,1.5,1.2,1.2,3.3,3.3,1.9,1.5,1.2,1.2,1.9,1.5,1.2,1.2,1.2,1.2,1.2,1.2,2.6,1.7,1.2,1.2,1.2,1.2,1.2,1.2,1.2,1.2,1.2,1.2,1.2,1.2,1.2,1.2,1.2,1.2,3.3,1.7,1.9,1.5,1.2,1.2,3.3,1.7,1.9,1.5,1.2,1.2,1.9,1.5,1.2,1.2,1.9,1.5,1.2,1.2,1.9,1.5,1.2,1.2,1.2,1.2,1.2,1.2,1.2,1.2,1.2,1.2,1.2,1.2,1.2,1.2,1.2,1.2,1.2,1.2,1.2,1.2,1.2,1.2,1.2,1.2,1.9,1.5,1.2,1.2,1.2,1.2,1.9,1.5,1.2,1.2,1.2,1.2,1.2,1.2,1.2,1.2,1.2,1.2,1.2,1.2,1.2,1.2,1.2,1.2,1.2,1.2,1.2,1.2,1.2,1.2,1.2,1.2,1.2,1.2,1.2,1.2,1.2,1.2,1.2,1.2,1.2,1.2,1.2,1.2,1.2,1.2,1.2,1.2,1.2,1.2,1.2,1.2,1.2,1.2,1.2,1.2
0.0640,0.0118,411.7,93.5,1.98,1052.2,1756.7,2762.3,3727.6,0.99,0.987,3.3,3.3,3.3,3.3,1.9,1.5,1.2,1.2,9.5,8.4,2.6,1.7,1.2,1.2,1.9,1.5,1.2,1.2,3.3,3.3,2.6,1.7,1.2,1.2,3.3,2,2.6,1.7,1.2,1.2,20.1,19.2,3.3,1.7,2.6,1.7,1.2,1.2,12.6,11.7,3.3,3.3,2.6,1.7,1.2,1.2,2.6,1.7,1.2,1.2,3.3,3.3,2.6,1.7,1.2,1.2,3.3,3.3,2.6,1.7,1.2,1.2,1.2,1.2,2.6,1.7,1.2,1.2,2.6,1.7,1.2,1.2,1.2,1.2,2.6,1.7,1.2,1.2,3.3,3.3,1.2,1.2,15.8,15.1,3.3,3.3,1.2,1.2,3.3,2,1.2,1.2,1.2,1.2,3.3,2,3.3,3.3,1.9,1.5,1.2,1.2,1.9,1.5,1.2,1.2,3.3,3.3,1.9,1.5,1.2,1.2,1.9,1.5,1.2,1.2,1.2,1.2,1.2,1.2,2.6,1.7,1.2,1.2,1.2,1.2,1.2,1.2,1.2,1.2,1.2,1.2,1.2,1.2,1.2,1.2,1.2,1.2,3.3,1.7,1.9,1.5,1.2,1.2,3.3,1.7,1.9,1.5,1.2,1.2,1.9,1.5,1.2,1.2,1.9,1.5,1.2,1.2,1.9,1.5,1.2,1.2,1.2,1.2,1.2,1.2,1.2,1.2,1.2,1.2,1.2,1.2,1.2,1.2,1.2,1.2,1.2,1.2,1.2,1.2,1.2,1.2,1.2,1.2,1.9,1.5,1.2,1.2,1.2,1.2,1.9,1.5,1.2,1.2,1.2,1.2,1.2,1.2,1.2,1.2,1.2,1.2,1.2,1.2,1.2,1.2,1.2,1.2,1.2,1.2,1.2,1.2,1.2,1.2,1.2,1.2,1.2,1.2,1.2,1.2,1.2,1.2,1.2,1.2,1.2,1.2,1.2,1.2,1.2,1.2,1.2,1.2,1.2,1.2,1.2,1.2,1.2,1.2,1.2,1.2
0.0670,0.0129,428.4,93.5,1.98,1052.2,1756.7,2762.4,3728.1,0.989,0.985,3.3,3.3,3.3,3.3,1.9,1.5,1.2,1.2,9.5,8.5,2.6,1.7,1.2,1.2,1.9,1.5,1.2,1.2,3.3,3.3,2.6,1.7,1.2,1.2,3.3,2,2.6,1.7,1.2,1.2,20.1,19.3,3.3,1.7,2.6,1.7,1.2,1.2,12.7,11.8,3.3,3.3,2.6,1.7,1.2,1.2,2.6,1.7,1.2,1.2,3.3,3.3,2.6,1.7,1.2,1.2,3.3,3.3,2.6,1.7,1.2,1.2,1.2,1.2,2.6,1.7,1.2,1.2,2.6,1.7,1.2,1.2,1.2,1.2,2.6,1.7,1.2,1.2,3.3,3.3,1.2,1.2,15.9,15.2,3.3,3.3,1.2,1.2,3.3,2,1.2,1.2,1.2,1.2,3.3,2,3.3,3.3,1.9,1.5,1.2,1.2,1.9,1.5,1.2,1.2,3.3,3.3,1.9,1.5,1.2,1.2,1.9,1.5,1.2,1.2,1.2,1.2,1.2,1.2,2.6,1.7,1.2,1.2,1.2,1.2,1.2,1.2,1.2,1.2,1.2,1.2,1.2,1.2,1.2,1.2,1.2,1.2,3.3,1.7,1.9,1.5,1.2,1.2,3.3,1.7,1.9,1.5,1.2,1.2,1.9,1.5,1.2,1.2,1.9,1.5,1.2,1.2,1.9,1.5,1.2,1.2,1.2,1.2,1.2,1.2,1.2,1.2,1.2,1.2,1.2,1.2,1.2,1.2,1.2,1.2,1.2,1.2,1.2,1.2,1.2,1.2,1.2,1.2,1.9,1.5,1.2,1.2,1.2,1.2,1.9,1.5,1.2,1.2,1.2,1.2,1.2,1.2,1.2,1.2,1.2,1.2,1.2,1.2,1.2,1.2,1.2,1.2,1.2,1.2,1.2,1.2,1.2,1.2,1.2,1.2,1.2,1.2,1.2,1.2,1.2,1.2,1.2,1.2,1.2,1.2,1.2,1.2,1.2,1.2,1.2,1.2,1.2,1.2,1.2,1.2,1.2,1.2,1.2,1.2
0.0700,0.0140,444.9,93.5,1.98,1052.2,1756.7,2762.5,3728.7,0.989,0.983,3.3,3.3,3.3,3.3,1.9,1.5,1.2,1.2,9.5,8.5,2.6,1.7,1.2,1.2,1.9,1.5,1.2,1.2,3.3,3.3,2.6,1.7,1.2,1.2,3.3,2,2.6,1.7,1.2,1.2,20.2,19.3,3.3,1.7,2.6,1.7,1.2,1.2,12.7,11.8,3.3,3.3,2.6,1.7,1.2,1.2,2.6,1.7,1.2,1.2,3.3,3.3,2.6,1.7,1.2,1.2,3.3,3.3,2.6,1.7,1.2,1.2,1.2,1.2,2.6,1.7,1.2,1.2,2.6,1.7,1.2,1.2,1.2,1.2,2.6,1.7,1.2,1.2,3.3,3.3,1.2,1.2,15.9,15.2,3.3,3.3,1.2,1.2,3.3,2,1.2,1.2,1.2,1.2,3.3,2,3.3,3.3,1.9,1.5,1.2,1.2,1.9,1.5,1.2,1.2,3.3,3.3,1.9,1.5,1.2,1.2,1.9,1.5,1.2,1.2,1.2,1.2,1.2,1.2,2.6,1.7,1.2,1.2,1.2,1.2,1.2,1.2,1.2,1.2,1.2,1.2,1.2,1.2,1.2,1.2,1.2,1.2,3.3,1.7,1.9,1.5,1.2,1.2,3.3,1.7,1.9,1.5,1.2,1.2,1.9,1.5,1.2,1.2,1.9,1.5,1.2,1.2,1.9,1.5,1.2,1.2,1.2,1.2,1.2,1.2,1.2,1.2,1.2,1.2,1.2,1.2,1.2,1.2,1.2,1.2,1.2,1.2,1.2,1.2,1.2,1.2,1.2,1.2,1.9,1.5,1.2,1.2,1.2,1.2,1.9,1.5,1.2,1.2,1.2,1.2,1.2,1.2,1.2,1.2,1.2,1.2,1.2,1.2,1.2,1.2,1.2,1.2,1.2,1.2,1.2,1.2,1.2,1.2,1.2,1.2,1.2,1.2,1.2,1.2,1.2,1.2,1.2,1.2,1.2,1.2,1.2,1.2,1.2,1.2,1.2,1.2,1.2,1.2,1.2,1.2,1.2,1.2,1.2,1.2
0.0720,0.0148,461.8,93.5,1.98,1052.2,1756.7,2762.7,3729.3,0.988,0.982,3.3,3.3,3.3,3.3,1.9,1.5,1.2,1.2,9.5,8.5,2.6,1.7,1.2,1.2,1.9,1.5,1.2,1.2,3.3,3.3,2.6,1.7,1.2,1.2,3.3,2,2.6,1.7,1.2,1.2,20.2,19.4,3.3,1.7,2.6,1.7,1.2,1.2,12.7,11.8,3.3,3.3,2.6,1.7,1.2,1.2,2.6,1.7,1.2,1.2,3.3,3.3,2.6,1.7,1.2,1.2,3.3,3.3,2.6,1.7,1.2,1.2,1.2,1.2,2.6,1.7,1.2,1.2,2.6,1.7,1.2,1.2,1.2,1.2,2.6,1.7,1.2,1.2,3.3,3.3,1.2,1.2,15.9,15.2,3.3,3.3,1.2,1.2,3.3,2,1.2,1.2,1.2,1.2,3.3,2,3.3,3.3,1.9,1.5,1.2,1.2,1.9,1.5,1.2,1.2,3.3,3.3,1.9,1.5,1.2,1.2,1.9,1.5,1.2,1.2,1.2,1.2,1.2,1.2,2.6,1.7,1.2,1.2,1.2,1.2,1.2,1.2,1.2,1.2,1.2,1.2,1.2,1.2,1.2,1.2,1.2,1.2,3.3,1.7,1.9,1.5,1.2,1.2,3.3,1.7,1.9,1.5,1.2,1.2,1.9,1.5,1.2,1.2,1.9,1.5,1.2,1.2,1.9,1.5,1.2,1.2,1.2,1.2,1.2,1.2,1.2,1.2,1.2,1.2,1.2,1.2,1.2,1.2,1.2,1.2,1.2,1.2,1.2,1.2,1.2,1.2,1.2,1.2,1.9,1.5,1.2,1.2,1.2,1.2,1.9,1.5,1.2,1.2,1.2,1.2,1.2,1.2,1.2,1.2,1.2,1.2,1.2,1.2,1.2,1.2,1.2,1.2,1.2,1.2,1.2,1.2,1.2,1.2,1.2,1.2,1.2,1.2,1.2,1.2,1.2,1.2,1.2,1.2,1.2,1.2,1.2,1.2,1.2,1.2,1.2,1.2,1.2,1.2,1.2,1.2,1.2,1.2,1.2,1.2
0.0750,0.0160,479.7,93.5,1.98,1052.2,1756.7,2762.8,3730,0.988,0.98,3.3,3.3,3.3,3.3,1.9,1.5,1.2,1.2,9.5,8.5,2.6,1.7,1.2,1.2,1.9,1.5,1.2,1.2,3.3,3.3,2.6,1.7,1.2,1.2,3.3,2,2.6,1.7,1.2,1.2,20.3,19.4,3.3,1.7,2.6,1.7,1.2,1.2,12.8,11.8,3.3,3.3,2.6,1.7,1.2,1.2,2.6,1.7,1.2,1.2,3.3,3.3,2.6,1.7,1.2,1.2,3.3,3.3,2.6,1.7,1.2,1.2,1.2,1.2,2.6,1.7,1.2,1.2,2.6,1.7,1.2,1.2,1.2,1.2,2.6,1.7,1.2,1.2,3.3,3.3,1.2,1.2,16,15.3,3.3,3.3,1.2,1.2,3.3,2,1.2,1.2,1.2,1.2,3.3,2,3.3,3.3,1.9,1.5,1.2,1.2,1.9,1.5,1.2,1.2,3.3,3.3,1.9,1.5,1.2,1.2,1.9,1.5,1.2,1.2,1.2,1.2,1.2,1.2,2.6,1.7,1.2,1.2,1.2,1.2,1.2,1.2,1.2,1.2,1.2,1.2,1.2,1.2,1.2,1.2,1.2,1.2,3.3,1.7,1.9,1.5,1.2,1.2,3.3,1.7,1.9,1.5,1.2,1.2,1.9,1.5,1.2,1.2,1.9,1.5,1.2,1.2,1.9,1.5,1.2,1.2,1.2,1.2,1.2,1.2,1.2,1.2,1.2,1.2,1.2,1.2,1.2,1.2,1.2,1.2,1.2,1.2,1.2,1.2,1.2,1.2,1.2,1.2,1.9,1.5,1.2,1.2,1.2,1.2,1.9,1.5,1.2,1.2,1.2,1.2,1.2,1.2,1.2,1.2,1.2,1.2,1.2,1.2,1.2,1.2,1.2,1.2,1.2,1.2,1.2,1.2,1.2,1.2,1.2,1.2,1.2,1.2,1.2,1.2,1.2,1.2,1.2,1.2,1.2,1.2,1.2,1.2,1.2,1.2,1.2,1.2,1.2,1.2,1.2,1.2,1.2,1.2,1.2,1.2
0.0780,0.0173,495.1,93.5,1.98,1052.2,1756.7,2762.9,3730.7,0.987,0.978,3.3,3.3,3.3,3.3,1.9,1.5,1.2,1.2,9.6,8.5,2.6,1.7,1.2,1.2,1.9,1.5,1.2,1.2,3.3,3.3,2.6,1.7,1.2,1.2,3.3,2,2.6,1.7,1.2,1.2,20.3,19.5,3.3,1.7,2.6,1.7,1.2,1.2,12.8,11.9,3.3,3.3,2.6,1.7,1.2,1.2,2.6,1.7,1.2,1.2,3.3,3.3,2.6,1.7,1.2,1.2,3.3,3.3,2.6,1.7,1.2,1.2,1.2,1.2,2.6,1.7,1.2,1.2,2.6,1.7,1.2,1.2,1.2,1.2,2.6,1.7,1.2,1.2,3.3,3.3,1.2,1.2,16,15.3,3.3,3.3,1.2,1.2,3.3,2,1.2,1.2,1.2,1.2,3.3,2,3.3,3.3,1.9,1.5,1.2,1.2,1.9,1.5,1.2,1.2,3.3,3.3,1.9,1.5,1.2,1.2,1.9,1.5,1.2,1.2,1.2,1.2,1.2,1.2,2.6,1.7,1.2,1.2,1.2,1.2,1.2,1.2,1.2,1.2,1.2,1.2,1.2,1.2,1.2,1.2,1.2,1.2,3.3,1.7,1.9,1.5,1.2,1.2,3.3,1.7,1.9,1.5,1.2,1.2,1.9,1.5,1.2,1.2,1.9,1.5,1.2,1.2,1.9,1.5,1.2,1.2,1.2,1.2,1.2,1.2,1.2,1.2,1.2,1.2,1.2,1.2,1.2,1.2,1.2,1.2,1.2,1.2,1.2,1.2,1.2,1.2,1.2,1.2,1.9,1.5,1.2,1.2,1.2,1.2,1.9,1.5,1.2,1.2,1.2,1.2,1.2,1.2,1.2,1.2,1.2,1.2,1.2,1.2,1.2,1.2,1.2,1.2,1.2,1.2,1.2,1.2,1.2,1.2,1.2,1.2,1.2,1.2,1.2,1.2,1.2,1.2,1.2,1.2,1.2,1.2,1.2,1.2,1.2,1.2,1.2,1.2,1.2,1.2,1.2,1.2,1.2,1.2,1.2,1.2
0.0800,0.0182,511.7,93.5,1.98,1052.2,1756.7,2763,3731.4,0.987,0.976,3.3,3.3,3.3,3.3,1.9,1.5,1.2,1.2,9.6,8.6,2.6,1.7,1.2,1.2,1.9,1.5,1.2,1.2,3.3,3.3,2.6,1.7,1.2,1.2,3.3,2,2.6,1.7,1.2,1.2,20.4,19.5,3.3,1.7,2.6,1.7,1.2,1.2,12.8,11.9,3.3,3.3,2.6,1.7,1.2,1.2,2.6,1.7,1.2,1.2,3.3,3.3,2.6,1.7,1.2,1.2,3.3,3.3,2.6,1.7,1.2,1.2,1.2,1.2,2.6,1.7,1.2,1.2,2.6,1.7,1.2,1.2,1.2,1.2,2.6,1.7,1.2,1.2,3.3,3.3,1.2,1.2,16,15.4,3.3,3.3,1.2,1.2,3.3,2,1.2,1.2,1.2,1.2,3.3,2,3.3,3.3,1.9,1.5,1.2,1.2,1.9,1.5,1.2,1.2,3.3,3.3,1.9,1.5,1.2,1.2,1.9,1.5,1.2,1.2,1.2,1.2,1.2,1.2,2.6,1.7,1.2,1.2,1.2,1.2,1.2,1.2,1.2,1.2,1.2,1.2,1.2,1.2,1.2,1.2,1.2,1.2,3.3,1.7,1.9,1.5,1.2,1.2,3.3,1.7,1.9,1.5,1.2,1.2,1.9,1.5,1.2,1.2,1.9,1.5,1.2,1.2,1.9,1.5,1.2,1.2,1.2,1.2,1.2,1.2,1.2,1.2,1.2,1.2,1.2,1.2,1.2,1.2,1.2,1.2,1.2,1.2,1.2,1.2,1.2,1.2,1.2,1.2,1.9,1.5,1.2,1.2,1.2,1.2,1.9,1.5,1.2,1.2,1.2,1.2,1.2,1.2,1.2,1.2,1.2,1.2,1.2,1.2,1.2,1.2,1.2,1.2,1.2,1.2,1.2,1.2,1.2,1.2,1.2,1.2,1.2,1.2,1.2,1.2,1.2,1.2,1.2,1.2,1.2,1.2,1.2,1.2,1.2,1.2,1.2,1.2,1.2,1.2,1.2,1.2,1.2,1.2,1.2,1.2
0.0830,0.0195,528.4,93.5,1.98,1052.2,1756.7,2763.1,3732.1,0.986,0.974,3.3,3.3,3.3,3.3,1.9,1.5,1.2,1.2,9.6,8.6,2.6,1.7,1.2,1.2,1.9,1.5,1.2,1.2,3.3,3.3,2.6,1.7,1.2,1.2,3.3,2,2.6,1.7,1.2,1.2,20.4,19.5,3.3,1.7,2.6,1.7,1.2,1.2,12.9,11.9,3.3,3.3,2.6,1.7,1.2,1.2,2.6,1.7,1.2,1.2,3.3,3.3,2.6,1.7,1.2,1.2,3.3,3.3,2.6,1.7,1.2,1.2,1.2,1.2,2.6,1.7,1.2,1.2,2.6,1.7,1.2,1.2,1.2,1.2,2.6,1.7,1.2,1.2,3.3,3.3,1.2,1.2,16.1,15.4,3.3,3.3,1.2,1.2,3.3,2,1.2,1.2,1.2,1.2,3.3,2,3.3,3.3,1.9,1.5,1.2,1.2,1.9,1.5,1.2,1.2,3.3,3.3,1.9,1.5,1.2,1.2,1.9,1.5,1.2,1.2,1.2,1.2,1.2,1.2,2.6,1.7,1.2,1.2,1.2,1.2,1.2,1.2,1.2,1.2,1.2,1.2,1.2,1.2,1.2,1.2,1.2,1.2,3.3,1.7,1.9,1.5,1.2,1.2,3.3,1.7,1.9,1.5,1.2,1.2,1.9,1.5,1.2,1.2,1.9,1.5,1.2,1.2,1.9,1.5,1.2,1.2,1.2,1.2,1.2,1.2,1.2,1.2,1.2,1.2,1.2,1.2,1.2,1.2,1.2,1.2,1.2,1.2,1.2,1.2,1.2,1.2,1.2,1.2,1.9,1.5,1.2,1.2,1.2,1.2,1.9,1.5,1.2,1.2,1.2,1.2,1.2,1.2,1.2,1.2,1.2,1.2,1.2,1.2,1.2,1.2,1.2,1.2,1.2,1.2,1.2,1.2,1.2,1.2,1.2,1.2,1.2,1.2,1.2,1.2,1.2,1.2,1.2,1.2,1.2,1.2,1.2,1.2,1.2,1.2,1.2,1.2,1.2,1.2,1.2,1.2,1.2,1.2,1.2,1.2
0.0850,0.0204,545,93.5,1.98,1052.2,1756.7,2763.2,3732.8,0.986,0.972,3.3,3.3,3.3,3.3,1.9,1.5,1.2,1.2,9.6,8.6,2.6,1.7,1.2,1.2,1.9,1.5,1.2,1.2,3.3,3.3,2.6,1.7,1.2,1.2,3.3,2,2.6,1.7,1.2,1.2,20.5,19.6,3.3,1.7,2.6,1.7,1.2,1.2,12.9,12,3.3,3.3,2.6,1.7,1.2,1.2,2.6,1.7,1.2,1.2,3.3,3.3,2.6,1.7,1.2,1.2,3.3,3.3,2.6,1.7,1.2,1.2,1.2,1.2,2.6,1.7,1.2,1.2,2.6,1.7,1.2,1.2,1.2,1.2,2.6,1.7,1.2,1.2,3.3,3.3,1.2,1.2,16.1,15.4,3.3,3.3,1.2,1.2,3.3,2,1.2,1.2,1.2,1.2,3.3,2,3.3,3.3,1.9,1.5,1.2,1.2,1.9,1.5,1.2,1.2,3.3,3.3,1.9,1.5,1.2,1.2,1.9,1.5,1.2,1.2,1.2,1.2,1.2,1.2,2.6,1.7,1.2,1.2,1.2,1.2,1.2,1.2,1.2,1.2,1.2,1.2,1.2,1.2,1.2,1.2,1.2,1.2,3.3,1.7,1.9,1.5,1.2,1.2,3.3,1.7,1.9,1.5,1.2,1.2,1.9,1.5,1.2,1.2,1.9,1.5,1.2,1.2,1.9,1.5,1.2,1.2,1.2,1.2,1.2,1.2,1.2,1.2,1.2,1.2,1.2,1.2,1.2,1.2,1.2,1.2,1.2,1.2,1.2,1.2,1.2,1.2,1.2,1.2,1.9,1.5,1.2,1.2,1.2,1.2,1.9,1.5,1.2,1.2,1.2,1.2,1.2,1.2,1.2,1.2,1.2,1.2,1.2,1.2,1.2,1.2,1.2,1.2,1.2,1.2,1.2,1.2,1.2,1.2,1.2,1.2,1.2,1.2,1.2,1.2,1.2,1.2,1.2,1.2,1.2,1.2,1.2,1.2,1.2,1.2,1.2,1.2,1.2,1.2,1.2,1.2,1.2,1.2,1.2,1.2
0.0880,0.0219,561.7,93.5,1.97,1052.2,1756.7,2763.4,3733.6,0.985,0.97,3.3,3.3,3.3,3.3,1.9,1.5,1.2,1.2,9.7,8.6,2.6,1.7,1.2,1.2,1.9,1.5,1.2,1.2,3.3,3.3,2.6,1.7,1.2,1.2,3.3,2,2.6,1.7,1.2,1.2,20.5,19.6,3.3,1.7,2.6,1.7,1.2,1.2,12.9,12,3.3,3.3,2.6,1.7,1.2,1.2,2.6,1.7,1.2,1.2,3.3,3.3,2.6,1.7,1.2,1.2,3.3,3.3,2.6,1.7,1.2,1.2,1.2,1.2,2.6,1.7,1.2,1.2,2.6,1.7,1.2,1.2,1.2,1.2,2.6,1.7,1.2,1.2,3.3,3.3,1.2,1.2,16.2,15.5,3.3,3.3,1.2,1.2,3.3,2,1.2,1.2,1.2,1.2,3.3,2,3.3,3.3,1.9,1.5,1.2,1.2,1.9,1.5,1.2,1.2,3.3,3.3,1.9,1.5,1.2,1.2,1.9,1.5,1.2,1.2,1.2,1.2,1.2,1.2,2.6,1.7,1.2,1.2,1.2,1.2,1.2,1.2,1.2,1.2,1.2,1.2,1.2,1.2,1.2,1.2,1.2,1.2,3.3,1.7,1.9,1.5,1.2,1.2,3.3,1.7,1.9,1.5,1.2,1.2,1.9,1.5,1.2,1.2,1.9,1.5,1.2,1.2,1.9,1.5,1.2,1.2,1.2,1.2,1.2,1.2,1.2,1.2,1.2,1.2,1.2,1.2,1.2,1.2,1.2,1.2,1.2,1.2,1.2,1.2,1.2,1.2,1.2,1.2,1.9,1.5,1.2,1.2,1.2,1.2,1.9,1.5,1.2,1.2,1.2,1.2,1.2,1.2,1.2,1.2,1.2,1.2,1.2,1.2,1.2,1.2,1.2,1.2,1.2,1.2,1.2,1.2,1.2,1.2,1.2,1.2,1.2,1.2,1.2,1.2,1.2,1.2,1.2,1.2,1.2,1.2,1.2,1.2,1.2,1.2,1.2,1.2,1.2,1.2,1.2,1.2,1.2,1.2,1.2,1.2
0.0900,0.0228,578.5,93.5,1.97,1052.2,1756.7,2763.5,3734.3,0.985,0.968,3.3,3.3,3.3,3.3,1.9,1.5,1.2,1.2,9.7,8.7,2.6,1.7,1.2,1.2,1.9,1.5,1.2,1.2,3.3,3.3,2.6,1.7,1.2,1.2,3.3,2,2.6,1.7,1.2,1.2,20.5,19.7,3.3,1.7,2.6,1.7,1.2,1.2,12.9,12,3.3,3.3,2.6,1.7,1.2,1.2,2.6,1.7,1.2,1.2,3.3,3.3,2.6,1.7,1.2,1.2,3.3,3.3,2.6,1.7,1.2,1.2,1.2,1.2,2.6,1.7,1.2,1.2,2.6,1.7,1.2,1.2,1.2,1.2,2.6,1.7,1.2,1.2,3.3,3.3,1.2,1.2,16.2,15.5,3.3,3.3,1.2,1.2,3.3,2,1.2,1.2,1.2,1.2,3.3,2,3.3,3.3,1.9,1.5,1.2,1.2,1.9,1.5,1.2,1.2,3.3,3.3,1.9,1.5,1.2,1.2,1.9,1.5,1.2,1.2,1.2,1.2,1.2,1.2,2.6,1.7,1.2,1.2,1.2,1.2,1.2,1.2,1.2,1.2,1.2,1.2,1.2,1.2,1.2,1.2,1.2,1.2,3.3,1.7,1.9,1.5,1.2,1.2,3.3,1.7,1.9,1.5,1.2,1.2,1.9,1.5,1.2,1.2,1.9,1.5,1.2,1.2,1.9,1.5,1.2,1.2,1.2,1.2,1.2,1.2,1.2,1.2,1.2,1.2,1.2,1.2,1.2,1.2,1.2,1.2,1.2,1.2,1.2,1.2,1.2,1.2,1.2,1.2,1.9,1.5,1.2,1.2,1.2,1.2,1.9,1.5,1.2,1.2,1.2,1.2,1.2,1.2,1.2,1.2,1.2,1.2,1.2,1.2,1.2,1.2,1.2,1.2,1.2,1.2,1.2,1.2,1.2,1.2,1.2,1.2,1.2,1.2,1.2,1.2,1.2,1.2,1.2,1.2,1.2,1.2,1.2,1.2,1.2,1.2,1.2,1.2,1.2,1.2,1.2,1.2,1.2,1.2,1.2,1.2
0.0930,0.0243,595,93.5,1.97,1052.2,1756.7,2763.6,3735.2,0.984,0.965,3.3,3.3,3.3,3.3,1.9,1.5,1.2,1.2,9.7,8.7,2.6,1.7,1.2,1.2,1.9,1.5,1.2,1.2,3.3,3.3,2.6,1.7,1.2,1.2,3.3,2,2.6,1.7,1.2,1.2,20.6,19.7,3.3,1.7,2.6,1.7,1.2,1.2,13,12.1,3.3,3.3,2.6,1.7,1.2,1.2,2.6,1.7,1.2,1.2,3.3,3.3,2.6,1.7,1.2,1.2,3.3,3.3,2.6,1.7,1.2,1.2,1.2,1.2,2.6,1.7,1.2,1.2,2.6,1.7,1.2,1.2,1.2,1.2,2.6,1.7,1.2,1.2,3.3,3.3,1.2,1.2,16.2,15.5,3.3,3.3,1.2,1.2,3.3,2,1.2,1.2,1.2,1.2,3.3,2,3.3,3.3,1.9,1.5,1.2,1.2,1.9,1.5,1.2,1.2,3.3,3.3,1.9,1.5,1.2,1.2,1.9,1.5,1.2,1.2,1.2,1.2,1.2,1.2,2.6,1.7,1.2,1.2,1.2,1.2,1.2,1.2,1.2,1.2,1.2,1.2,1.2,1.2,1.2,1.2,1.2,1.2,3.3,1.7,1.9,1.5,1.2,1.2,3.3,1.7,1.9,1.5,1.2,1.2,1.9,1.5,1.2,1.2,1.9,1.5,1.2,1.2,1.9,1.5,1.2,1.2,1.2,1.2,1.2,1.2,1.2,1.2,1.2,1.2,1.2,1.2,1.2,1.2,1.2,1.2,1.2,1.2,1.2,1.2,1.2,1.2,1.2,1.2,1.9,1.5,1.2,1.2,1.2,1.2,1.9,1.5,1.2,1.2,1.2,1.2,1.2,1.2,1.2,1.2,1.2,1.2,1.2,1.2,1.2,1.2,1.2,1.2,1.2,1.2,1.2,1.2,1.2,1.2,1.2,1.2,1.2,1.2,1.2,1.2,1.2,1.2,1.2,1.2,1.2,1.2,1.2,1.2,1.2,1.2,1.2,1.2,1.2,1.2,1.2,1.2,1.2,1.2,1.2,1.2
0.0960,0.0259,611.8,93.5,1.97,1052.2,1756.7,2763.8,3736,0.984,0.963,3.3,3.3,3.3,3.3,1.9,1.5,1.2,1.2,9.7,8.7,2.6,1.7,1.2,1.2,1.9,1.5,1.2,1.2,3.3,3.3,2.6,1.7,1.2,1.2,3.3,2,2.6,1.7,1.2,1.2,20.6,19.8,3.3,1.7,2.6,1.7,1.2,1.2,13,12.1,3.3,3.3,2.6,1.7,1.2,1.2,2.6,1.7,1.2,1.2,3.3,3.3,2.6,1.7,1.2,1.2,3.3,3.3,2.6,1.7,1.2,1.2,1.2,1.2,2.6,1.7,1.2,1.2,2.6,1.7,1.2,1.2,1.2,1.2,2.6,1.7,1.2,1.2,3.3,3.3,1.2,1.2,16.3,15.3,3.3,3.3,1.2,1.2,3.3,2,1.2,1.2,1.2,1.2,3.3,2,3.3,3.3,1.9,1.5,1.2,1.2,1.9,1.5,1.2,1.2,3.3,3.3,1.9,1.5,1.2,1.2,1.9,1.5,1.2,1.2,1.2,1.2,1.2,1.2,2.6,1.7,1.2,1.2,1.2,1.2,1.2,1.2,1.2,1.2,1.2,1.2,1.2,1.2,1.2,1.2,1.2,1.2,3.3,1.7,1.9,1.5,1.2,1.2,3.3,1.7,1.9,1.5,1.2,1.2,1.9,1.5,1.2,1.2,1.9,1.5,1.2,1.2,1.9,1.5,1.2,1.2,1.2,1.2,1.2,1.2,1.2,1.2,1.2,1.2,1.2,1.2,1.2,1.2,1.2,1.2,1.2,1.2,1.2,1.2,1.2,1.2,1.2,1.2,1.9,1.5,1.2,1.2,1.2,1.2,1.9,1.5,1.2,1.2,1.2,1.2,1.2,1.2,1.2,1.2,1.2,1.2,1.2,1.2,1.2,1.2,1.2,1.2,1.2,1.2,1.2,1.2,1.2,1.2,1.2,1.2,1.2,1.2,1.2,1.2,1.2,1.2,1.2,1.2,1.2,1.2,1.2,1.2,1.2,1.2,1.2,1.2,1.2,1.2,1.2,1.2,1.2,1.2,1.2,1.2
0.0980,0.0269,628.4,93.5,1.97,1052.2,1756.7,2763.9,3736.9,0.983,0.961,3.3,3.3,3.3,3.3,1.9,1.5,1.2,1.2,9.8,8.7,2.6,1.7,1.2,1.2,1.9,1.5,1.2,1.2,3.3,3.3,2.6,1.7,1.2,1.2,3.3,2,2.6,1.7,1.2,1.2,20.7,19.8,3.3,1.7,2.6,1.7,1.2,1.2,13,12.1,3.3,3.3,2.6,1.7,1.2,1.2,2.6,1.7,1.2,1.2,3.3,3.3,2.6,1.7,1.2,1.2,3.3,3.3,2.6,1.7,1.2,1.2,1.2,1.2,2.6,1.7,1.2,1.2,2.6,1.7,1.2,1.2,1.2,1.2,2.6,1.7,1.2,1.2,3.3,3.3,1.2,1.2,16.3,15.6,3.3,3.3,1.2,1.2,3.3,2,1.2,1.2,1.2,1.2,3.3,2,3.3,3.3,1.9,1.5,1.2,1.2,1.9,1.5,1.2,1.2,3.3,3.3,1.9,1.5,1.2,1.2,1.9,1.5,1.2,1.2,1.2,1.2,1.2,1.2,2.6,1.7,1.2,1.2,1.2,1.2,1.2,1.2,1.2,1.2,1.2,1.2,1.2,1.2,1.2,1.2,1.2,1.2,3.3,1.7,1.9,1.5,1.2,1.2,3.3,1.7,1.9,1.5,1.2,1.2,1.9,1.5,1.2,1.2,1.9,1.5,1.2,1.2,1.9,1.5,1.2,1.2,1.2,1.2,1.2,1.2,1.2,1.2,1.2,1.2,1.2,1.2,1.2,1.2,1.2,1.2,1.2,1.2,1.2,1.2,1.2,1.2,1.2,1.2,1.9,1.5,1.2,1.2,1.2,1.2,1.9,1.5,1.2,1.2,1.2,1.2,1.2,1.2,1.2,1.2,1.2,1.2,1.2,1.2,1.2,1.2,1.2,1.2,1.2,1.2,1.2,1.2,1.2,1.2,1.2,1.2,1.2,1.2,1.2,1.2,1.2,1.2,1.2,1.2,1.2,1.2,1.2,1.2,1.2,1.2,1.2,1.2,1.2,1.2,1.2,1.2,1.2,1.2,1.2,1.2
0.1010,0.0285,645.1,93.5,1.97,1052.2,1756.7,2764.1,3737.7,0.983,0.958,3.3,3.3,3.3,3.3,1.9,1.5,1.2,1.2,9.8,8.7,2.6,1.7,1.2,1.2,1.9,1.5,1.2,1.2,3.3,3.3,2.6,1.7,1.2,1.2,3.3,2,2.6,1.7,1.2,1.2,20.7,19.9,3.3,1.7,2.6,1.7,1.2,1.2,13.1,12.1,3.3,3.3,2.6,1.7,1.2,1.2,2.6,1.7,1.2,1.2,3.3,3.3,2.6,1.7,1.2,1.2,3.3,3.3,2.6,1.7,1.2,1.2,1.2,1.2,2.6,1.7,1.2,1.2,2.6,1.7,1.2,1.2,1.2,1.2,2.6,1.7,1.2,1.2,3.3,3.3,1.2,1.2,16.4,15.6,3.3,3.3,1.2,1.2,3.3,2,1.2,1.2,1.2,1.2,3.3,2,3.3,3.3,1.9,1.5,1.2,1.2,1.9,1.5,1.2,1.2,3.3,3.3,1.9,1.5,1.2,1.2,1.9,1.5,1.2,1.2,1.2,1.2,1.2,1.2,2.6,1.7,1.2,1.2,1.2,1.2,1.2,1.2,1.2,1.2,1.2,1.2,1.2,1.2,1.2,1.2,1.2,1.2,3.3,1.7,1.9,1.5,1.2,1.2,3.3,1.7,1.9,1.5,1.2,1.2,1.9,1.5,1.2,1.2,1.9,1.5,1.2,1.2,1.9,1.5,1.2,1.2,1.2,1.2,1.2,1.2,1.2,1.2,1.2,1.2,1.2,1.2,1.2,1.2,1.2,1.2,1.2,1.2,1.2,1.2,1.2,1.2,1.2,1.2,1.9,1.5,1.2,1.2,1.2,1.2,1.9,1.5,1.2,1.2,1.2,1.2,1.2,1.2,1.2,1.2,1.2,1.2,1.2,1.2,1.2,1.2,1.2,1.2,1.2,1.2,1.2,1.2,1.2,1.2,1.2,1.2,1.2,1.2,1.2,1.2,1.2,1.2,1.2,1.2,1.2,1.2,1.2,1.2,1.2,1.2,1.2,1.2,1.2,1.2,1.2,1.2,1.2,1.2,1.2,1.2
0.1030,0.0296,661.7,93.5,1.97,1052.2,1756.7,2764.2,3738.6,0.982,0.955,3.3,3.3,3.3,3.3,1.9,1.5,1.2,1.2,9.8,8.8,2.6,1.7,1.2,1.2,1.9,1.5,1.2,1.2,3.3,3.3,2.6,1.7,1.2,1.2,3.3,2,2.6,1.7,1.2,1.2,20.8,19.9,3.3,1.7,2.6,1.7,1.2,1.2,13.1,12.2,3.3,3.3,2.6,1.7,1.2,1.2,2.6,1.7,1.2,1.2,3.3,3.3,2.6,1.7,1.2,1.2,3.3,3.3,2.6,1.7,1.2,1.2,1.2,1.2,2.6,1.7,1.2,1.2,2.6,1.7,1.2,1.2,1.2,1.2,2.6,1.7,1.2,1.2,3.3,3.3,1.2,1.2,16.4,15.7,3.3,3.3,1.2,1.2,3.3,2,1.2,1.2,1.2,1.2,3.3,2,3.3,3.3,1.9,1.5,1.2,1.2,1.9,1.5,1.2,1.2,3.3,3.3,1.9,1.5,1.2,1.2,1.9,1.5,1.2,1.2,1.2,1.2,1.2,1.2,2.6,1.7,1.2,1.2,1.2,1.2,1.2,1.2,1.2,1.2,1.2,1.2,1.2,1.2,1.2,1.2,1.2,1.2,3.3,1.7,1.9,1.5,1.2,1.2,3.3,1.7,1.9,1.5,1.2,1.2,1.9,1.5,1.2,1.2,1.9,1.5,1.2,1.2,1.9,1.5,1.2,1.2,1.2,1.2,1.2,1.2,1.2,1.2,1.2,1.2,1.2,1.2,1.2,1.2,1.2,1.2,1.2,1.2,1.2,1.2,1.2,1.2,1.2,1.2,1.9,1.5,1.2,1.2,1.2,1.2,1.9,1.5,1.2,1.2,1.2,1.2,1.2,1.2,1.2,1.2,1.2,1.2,1.2,1.2,1.2,1.2,1.2,1.2,1.2,1.2,1.2,1.2,1.2,1.2,1.2,1.2,1.2,1.2,1.2,1.2,1.2,1.2,1.2,1.2,1.2,1.2,1.2,1.2,1.2,1.2,1.2,1.2,1.2,1.2,1.2,1.2,1.2,1.2,1.2,1.2
0.1060,0.0313,678.5,93.5,1.97,1052.2,1756.7,2764.4,3739.6,0.982,0.953,3.3,3.3,3.3,3.3,1.9,1.5,1.2,1.2,9.8,8.8,2.6,1.7,1.2,1.2,1.9,1.5,1.2,1.2,3.3,3.3,2.6,1.7,1.2,1.2,3.3,2,2.6,1.7,1.2,1.2,20.8,20,3.3,1.7,2.6,1.7,1.2,1.2,13.1,12.2,3.3,3.3,2.6,1.7,1.2,1.2,2.6,1.7,1.2,1.2,3.3,3.3,2.6,1.7,1.2,1.2,3.3,3.3,2.6,1.7,1.2,1.2,1.2,1.2,2.6,1.7,1.2,1.2,2.6,1.7,1.2,1.2,1.2,1.2,2.6,1.7,1.2,1.2,3.3,3.3,1.2,1.2,16.4,15.7,3.3,3.3,1.2,1.2,3.3,2,1.2,1.2,1.2,1.2,3.3,2,3.3,3.3,1.9,1.5,1.2,1.2,1.9,1.5,1.2,1.2,3.3,3.3,1.9,1.5,1.2,1.2,1.9,1.5,1.2,1.2,1.2,1.2,1.2,1.2,2.6,1.7,1.2,1.2,1.2,1.2,1.2,1.2,1.2,1.2,1.2,1.2,1.2,1.2,1.2,1.2,1.2,1.2,3.3,1.7,1.9,1.5,1.2,1.2,3.3,1.7,1.9,1.5,1.2,1.2,1.9,1.5,1.2,1.2,1.9,1.5,1.2,1.2,1.9,1.5,1.2,1.2,1.2,1.2,1.2,1.2,1.2,1.2,1.2,1.2,1.2,1.2,1.2,1.2,1.2,1.2,1.2,1.2,1.2,1.2,1.2,1.2,1.2,1.2,1.9,1.5,1.2,1.2,1.2,1.2,1.9,1.5,1.2,1.2,1.2,1.2,1.2,1.2,1.2,1.2,1.2,1.2,1.2,1.2,1.2,1.2,1.2,1.2,1.2,1.2,1.2,1.2,1.2,1.2,1.2,1.2,1.2,1.2,1.2,1.2,1.2,1.2,1.2,1.2,1.2,1.2,1.2,1.2,1.2,1.2,1.2,1.2,1.2,1.2,1.2,1.2,1.2,1.2,1.2,1.2
0.1090,0.0331,695.2,93.5,1.97,1052.2,1756.7,2764.6,3740.5,0.982,0.95,3.3,3.3,3.3,3.3,1.9,1.5,1.2,1.2,9.8,8.8,2.6,1.7,1.2,1.2,1.9,1.5,1.2,1.2,3.3,3.3,2.6,1.7,1.2,1.2,3.3,2,2.6,1.7,1.2,1.2,20.9,20,3.3,1.7,2.6,1.7,1.2,1.2,13.2,12.2,3.3,3.3,2.6,1.7,1.2,1.2,2.6,1.7,1.2,1.2,3.3,3.3,2.6,1.7,1.2,1.2,3.3,3.3,2.6,1.7,1.2,1.2,1.2,1.2,2.6,1.7,1.2,1.2,2.6,1.7,1.2,1.2,1.2,1.2,2.6,1.7,1.2,1.2,3.3,3.3,1.2,1.2,16.5,15.8,3.3,3.3,1.2,1.2,3.3,2,1.2,1.2,1.2,1.2,3.3,2,3.3,3.3,1.9,1.5,1.2,1.2,1.9,1.5,1.2,1.2,3.3,3.3,1.9,1.5,1.2,1.2,1.9,1.5,1.2,1.2,1.2,1.2,1.2,1.2,2.6,1.7,1.2,1.2,1.2,1.2,1.2,1.2,1.2,1.2,1.2,1.2,1.2,1.2,1.2,1.2,1.2,1.2,3.3,1.7,1.9,1.5,1.2,1.2,3.3,1.7,1.9,1.5,1.2,1.2,1.9,1.5,1.2,1.2,1.9,1.5,1.2,1.2,1.9,1.5,1.2,1.2,1.2,1.2,1.2,1.2,1.2,1.2,1.2,1.2,1.2,1.2,1.2,1.2,1.2,1.2,1.2,1.2,1.2,1.2,1.2,1.2,1.2,1.2,1.9,1.5,1.2,1.2,1.2,1.2,1.9,1.5,1.2,1.2,1.2,1.2,1.2,1.2,1.2,1.2,1.2,1.2,1.2,1.2,1.2,1.2,1.2,1.2,1.2,1.2,1.2,1.2,1.2,1.2,1.2,1.2,1.2,1.2,1.2,1.2,1.2,1.2,1.2,1.2,1.2,1.2,1.2,1.2,1.2,1.2,1.2,1.2,1.2,1.2,1.2,1.2,1.2,1.2,1.2,1.2
0.1110,0.0342,711.9,93.5,1.97,1052.2,1756.7,2764.7,3741.5,0.981,0.947,3.3,3.3,3.3,3.3,1.9,1.5,1.2,1.2,9.9,8.8,2.6,1.7,1.2,1.2,1.9,1.5,1.2,1.2,3.3,3.3,2.6,1.7,1.2,1.2,3.3,2,2.6,1.7,1.2,1.2,21,20,3.3,1.7,2.6,1.7,1.2,1.2,13.2,12.2,3.3,3.3,2.6,1.7,1.2,1.2,2.6,1.7,1.2,1.2,3.3,3.3,2.6,1.7,1.2,1.2,3.3,3.3,2.6,1.7,1.2,1.2,1.2,1.2,2.6,1.7,1.2,1.2,2.6,1.7,1.2,1.2,1.2,1.2,2.6,1.7,1.2,1.2,3.3,3.3,1.2,1.2,16.5,15.8,3.3,3.3,1.2,1.2,3.3,2,1.2,1.2,1.2,1.2,3.3,2,3.3,3.3,1.9,1.5,1.2,1.2,1.9,1.5,1.2,1.2,3.3,3.3,1.9,1.5,1.2,1.2,1.9,1.5,1.2,1.2,1.2,1.2,1.2,1.2,2.6,1.7,1.2,1.2,1.2,1.2,1.2,1.2,1.2,1.2,1.2,1.2,1.2,1.2,1.2,1.2,1.2,1.2,3.3,1.7,1.9,1.5,1.2,1.2,3.3,1.7,1.9,1.5,1.2,1.2,1.9,1.5,1.2,1.2,1.9,1.5,1.2,1.2,1.9,1.5,1.2,1.2,1.2,1.2,1.2,1.2,1.2,1.2,1.2,1.2,1.2,1.2,1.2,1.2,1.2,1.2,1.2,1.2,1.2,1.2,1.2,1.2,1.2,1.2,1.9,1.5,1.2,1.2,1.2,1.2,1.9,1.5,1.2,1.2,1.2,1.2,1.2,1.2,1.2,1.2,1.2,1.2,1.2,1.2,1.2,1.2,1.2,1.2,1.2,1.2,1.2,1.2,1.2,1.2,1.2,1.2,1.2,1.2,1.2,1.2,1.2,1.2,1.2,1.2,1.2,1.2,1.2,1.2,1.2,1.2,1.2,1.2,1.2,1.2,1.2,1.2,1.2,1.2,1.2,1.2
0.1140,0.0360,728.6,93.5,1.96,1052.2,1756.7,2764.9,3742.5,0.981,0.944,3.3,3.3,3.3,3.3,1.9,1.5,1.2,1.2,9.9,8.8,2.6,1.7,1.2,1.2,1.9,1.5,1.2,1.2,3.3,3.3,2.6,1.7,1.2,1.2,3.3,2,2.6,1.7,1.2,1.2,21,20,3.3,1.7,2.6,1.7,1.2,1.2,13.2,12.3,3.3,3.3,2.6,1.7,1.2,1.2,2.6,1.7,1.2,1.2,3.3,3.3,2.6,1.7,1.2,1.2,3.3,3.3,2.6,1.7,1.2,1.2,1.2,1.2,2.6,1.7,1.2,1.2,2.6,1.7,1.2,1.2,1.2,1.2,2.6,1.7,1.2,1.2,3.3,3.3,1.2,1.2,16.6,15.8,3.3,3.3,1.2,1.2,3.3,2,1.2,1.2,1.2,1.2,3.3,2,3.3,3.3,1.9,1.5,1.2,1.2,1.9,1.5,1.2,1.2,3.3,3.3,1.9,1.5,1.2,1.2,1.9,1.5,1.2,1.2,1.2,1.2,1.2,1.2,2.6,1.7,1.2,1.2,1.2,1.2,1.2,1.2,1.2,1.2,1.2,1.2,1.2,1.2,1.2,1.2,1.2,1.2,3.3,1.7,1.9,1.5,1.2,1.2,3.3,1.7,1.9,1.5,1.2,1.2,1.9,1.5,1.2,1.2,1.9,1.5,1.2,1.2,1.9,1.5,1.2,1.2,1.2,1.2,1.2,1.2,1.2,1.2,1.2,1.2,1.2,1.2,1.2,1.2,1.2,1.2,1.2,1.2,1.2,1.2,1.2,1.2,1.2,1.2,1.9,1.5,1.2,1.2,1.2,1.2,1.9,1.5,1.2,1.2,1.2,1.2,1.2,1.2,1.2,1.2,1.2,1.2,1.2,1.2,1.2,1.2,1.2,1.2,1.2,1.2,1.2,1.2,1.2,1.2,1.2,1.2,1.2,1.2,1.2,1.2,1.2,1.2,1.2,1.2,1.2,1.2,1.2,1.2,1.2,1.2,1.2,1.2,1.2,1.2,1.2,1.2,1.2,1.2,1.2,1.2
0.1160,0.0372,745.2,93.5,1.96,1052.2,1756.7,2765.1,3743.5,0.98,0.942,3.3,3.3,3.3,3.3,1.9,1.5,1.2,1.2,9.9,8.9,2.6,1.7,1.2,1.2,1.9,1.5,1.2,1.2,3.3,3.3,2.6,1.7,1.2,1.2,3.3,2,2.6,1.7,1.2,1.2,21.1,20.2,3.3,1.7,2.6,1.7,1.2,1.2,13.3,12.3,3.3,3.3,2.6,1.7,1.2,1.2,2.6,1.7,1.2,1.2,3.3,3.3,2.6,1.7,1.2,1.2,3.3,3.3,2.6,1.7,1.2,1.2,1.2,1.2,2.6,1.7,1.2,1.2,2.6,1.7,1.2,1.2,1.2,1.2,2.6,1.7,1.2,1.2,3.3,3.3,1.2,1.2,16.6,15.9,3.3,3.3,1.2,1.2,3.3,2,1.2,1.2,1.2,1.2,3.3,2,3.3,3.3,1.9,1.5,1.2,1.2,1.9,1.5,1.2,1.2,3.3,3.3,1.9,1.5,1.2,1.2,1.9,1.5,1.2,1.2,1.2,1.2,1.2,1.2,2.6,1.7,1.2,1.2,1.2,1.2,1.2,1.2,1.2,1.2,1.2,1.2,1.2,1.2,1.2,1.2,1.2,1.2,3.3,1.7,1.9,1.5,1.2,1.2,3.3,1.7,1.9,1.5,1.2,1.2,1.9,1.5,1.2,1.2,1.9,1.5,1.2,1.2,1.9,1.5,1.2,1.2,1.2,1.2,1.2,1.2,1.2,1.2,1.2,1.2,1.2,1.2,1.2,1.2,1.2,1.2,1.2,1.2,1.2,1.2,1.2,1.2,1.2,1.2,1.9,1.5,1.2,1.2,1.2,1.2,1.9,1.5,1.2,1.2,1.2,1.2,1.2,1.2,1.2,1.2,1.2,1.2,1.2,1.2,1.2,1.2,1.2,1.2,1.2,1.2,1.2,1.2,1.2,1.2,1.2,1.2,1.2,1.2,1.2,1.2,1.2,1.2,1.2,1.2,1.2,1.2,1.2,1.2,1.2,1.2,1.2,1.2,1.2,1.2,1.2,1.2,1.2,1.2,1.2,1.2
0.1190,0.0391,761.8,93.5,1.96,1052.2,1756.7,2765.2,3744.6,0.98,0.939,3.3,3.3,3.3,3.3,1.9,1.5,1.2,1.2,9.9,8.9,2.6,1.7,1.2,1.2,1.9,1.5,1.2,1.2,3.3,3.3,2.6,1.7,1.2,1.2,3.3,2,2.6,1.7,1.2,1.2,21.1,20.2,3.3,1.7,2.6,1.7,1.2,1.2,13.3,12.4,3.3,3.3,2.6,1.7,1.2,1.2,2.6,1.7,1.2,1.2,3.3,3.3,2.6,1.7,1.2,1.2,3.3,3.3,2.6,1.7,1.2,1.2,1.2,1.2,2.6,1.7,1.2,1.2,2.6,1.7,1.2,1.2,1.2,1.2,2.6,1.7,1.2,1.2,3.3,3.3,1.2,1.2,16.6,15.9,3.3,3.3,1.2,1.2,3.3,2,1.2,1.2,1.2,1.2,3.3,2,3.3,3.3,1.9,1.5,1.2,1.2,1.9,1.5,1.2,1.2,3.3,3.3,1.9,1.5,1.2,1.2,1.9,1.5,1.2,1.2,1.2,1.2,1.2,1.2,2.6,1.7,1.2,1.2,1.2,1.2,1.2,1.2,1.2,1.2,1.2,1.2,1.2,1.2,1.2,1.2,1.2,1.2,3.3,1.7,1.9,1.5,1.2,1.2,3.3,1.7,1.9,1.5,1.2,1.2,1.9,1.5,1.2,1.2,1.9,1.5,1.2,1.2,1.9,1.5,1.2,1.2,1.2,1.2,1.2,1.2,1.2,1.2,1.2,1.2,1.2,1.2,1.2,1.2,1.2,1.2,1.2,1.2,1.2,1.2,1.2,1.2,1.2,1.2,1.9,1.5,1.2,1.2,1.2,1.2,1.9,1.5,1.2,1.2,1.2,1.2,1.2,1.2,1.2,1.2,1.2,1.2,1.2,1.2,1.2,1.2,1.2,1.2,1.2,1.2,1.2,1.2,1.2,1.2,1.2,1.2,1.2,1.2,1.2,1.2,1.2,1.2,1.2,1.2,1.2,1.2,1.2,1.2,1.2,1.2,1.2,1.2,1.2,1.2,1.2,1.2,1.2,1.2,1.2,1.2
0.1220,0.0410,778.6,93.5,1.96,1052.2,1756.7,2765.4,3745.7,0.979,0.936,3.3,3.3,3.3,3.3,1.9,1.5,1.2,1.2,10,8.9,2.6,1.7,1.2,1.2,1.9,1.5,1.2,1.2,3.3,3.3,2.6,1.7,1.2,1.2,3.3,2,2.6,1.7,1.2,1.2,21.2,20.3,3.3,1.7,2.6,1.7,1.2,1.2,13.3,12.4,3.3,3.3,2.6,1.7,1.2,1.2,2.6,1.7,1.2,1.2,3.3,3.3,2.6,1.7,1.2,1.2,3.3,3.3,2.6,1.7,1.2,1.2,1.2,1.2,2.6,1.7,1.2,1.2,2.6,1.7,1.2,1.2,1.2,1.2,2.6,1.7,1.2,1.2,3.3,3.3,1.2,1.2,16.7,16,3.3,3.3,1.2,1.2,3.3,2,1.2,1.2,1.2,1.2,3.3,2,3.3,3.3,1.9,1.5,1.2,1.2,1.9,1.5,1.2,1.2,3.3,3.3,1.9,1.5,1.2,1.2,1.9,1.5,1.2,1.2,1.2,1.2,1.2,1.2,2.6,1.7,1.2,1.2,1.2,1.2,1.2,1.2,1.2,1.2,1.2,1.2,1.2,1.2,1.2,1.2,1.2,1.2,3.3,1.7,1.9,1.5,1.2,1.2,3.3,1.7,1.9,1.5,1.2,1.2,1.9,1.5,1.2,1.2,1.9,1.5,1.2,1.2,1.9,1.5,1.2,1.2,1.2,1.2,1.2,1.2,1.2,1.2,1.2,1.2,1.2,1.2,1.2,1.2,1.2,1.2,1.2,1.2,1.2,1.2,1.2,1.2,1.2,1.2,1.9,1.5,1.2,1.2,1.2,1.2,1.9,1.5,1.2,1.2,1.2,1.2,1.2,1.2,1.2,1.2,1.2,1.2,1.2,1.2,1.2,1.2,1.2,1.2,1.2,1.2,1.2,1.2,1.2,1.2,1.2,1.2,1.2,1.2,1.2,1.2,1.2,1.2,1.2,1.2,1.2,1.2,1.2,1.2,1.2,1.2,1.2,1.2,1.2,1.2,1.2,1.2,1.2,1.2,1.2,1.2
0.1240,0.0423,795.3,93.5,1.96,1052.2,1756.7,2765.6,3746.7,0.979,0.933,3.3,3.3,3.3,3.3,1.9,1.5,1.2,1.2,10,8.9,2.6,1.7,1.2,1.2,1.9,1.5,1.2,1.2,3.3,3.3,2.6,1.7,1.2,1.2,3.3,2,2.6,1.7,1.2,1.2,21.2,20.3,3.3,1.7,2.6,1.7,1.2,1.2,13.4,12.4,3.3,3.3,2.6,1.7,1.2,1.2,2.6,1.7,1.2,1.2,3.3,3.3,2.6,1.7,1.2,1.2,3.3,3.3,2.6,1.7,1.2,1.2,1.2,1.2,2.6,1.7,1.2,1.2,2.6,1.7,1.2,1.2,1.2,1.2,2.6,1.7,1.2,1.2,3.3,3.3,1.2,1.2,16.7,16,3.3,3.3,1.2,1.2,3.3,2,1.2,1.2,1.2,1.2,3.3,2,3.3,3.3,1.9,1.5,1.2,1.2,1.9,1.5,1.2,1.2,3.3,3.3,1.9,1.5,1.2,1.2,1.9,1.5,1.2,1.2,1.2,1.2,1.2,1.2,2.6,1.7,1.2,1.2,1.2,1.2,1.2,1.2,1.2,1.2,1.2,1.2,1.2,1.2,1.2,1.2,1.2,1.2,3.3,1.7,1.9,1.5,1.2,1.2,3.3,1.7,1.9,1.5,1.2,1.2,1.9,1.5,1.2,1.2,1.9,1.5,1.2,1.2,1.9,1.5,1.2,1.2,1.2,1.2,1.2,1.2,1.2,1.2,1.2,1.2,1.2,1.2,1.2,1.2,1.2,1.2,1.2,1.2,1.2,1.2,1.2,1.2,1.2,1.2,1.9,1.5,1.2,1.2,1.2,1.2,1.9,1.5,1.2,1.2,1.2,1.2,1.2,1.2,1.2,1.2,1.2,1.2,1.2,1.2,1.2,1.2,1.2,1.2,1.2,1.2,1.2,1.2,1.2,1.2,1.2,1.2,1.2,1.2,1.2,1.2,1.2,1.2,1.2,1.2,1.2,1.2,1.2,1.2,1.2,1.2,1.2,1.2,1.2,1.2,1.2,1.2,1.2,1.2,1.2,1.2
0.1270,0.0443,812,93.5,1.96,1052.2,1756.7,2765.8,3747.9,0.978,0.93,3.3,3.3,3.3,3.3,1.9,1.5,1.2,1.2,10,9,2.6,1.7,1.2,1.2,1.9,1.5,1.2,1.2,3.3,3.3,2.6,1.7,1.2,1.2,3.3,2,2.6,1.7,1.2,1.2,21.3,20.4,3.3,1.7,2.6,1.7,1.2,1.2,13.4,12.4,3.3,3.3,2.6,1.7,1.2,1.2,2.6,1.7,1.2,1.2,3.3,3.3,2.6,1.7,1.2,1.2,3.3,3.3,2.6,1.7,1.2,1.2,1.2,1.2,2.6,1.7,1.2,1.2,2.6,1.7,1.2,1.2,1.2,1.2,2.6,1.7,1.2,1.2,3.3,3.3,1.2,1.2,16.8,16,3.3,3.3,1.2,1.2,3.3,2,1.2,1.2,1.2,1.2,3.3,2,3.3,3.3,1.9,1.5,1.2,1.2,1.9,1.5,1.2,1.2,3.3,3.3,1.9,1.5,1.2,1.2,1.9,1.5,1.2,1.2,1.2,1.2,1.2,1.2,2.6,1.7,1.2,1.2,1.2,1.2,1.2,1.2,1.2,1.2,1.2,1.2,1.2,1.2,1.2,1.2,1.2,1.2,3.3,1.7,1.9,1.5,1.2,1.2,3.3,1.7,1.9,1.5,1.2,1.2,1.9,1.5,1.2,1.2,1.9,1.5,1.2,1.2,1.9,1.5,1.2,1.2,1.2,1.2,1.2,1.2,1.2,1.2,1.2,1.2,1.2,1.2,1.2,1.2,1.2,1.2,1.2,1.2,1.2,1.2,1.2,1.2,1.2,1.2,1.9,1.5,1.2,1.2,1.2,1.2,1.9,1.5,1.2,1.2,1.2,1.2,1.2,1.2,1.2,1.2,1.2,1.2,1.2,1.2,1.2,1.2,1.2,1.2,1.2,1.2,1.2,1.2,1.2,1.2,1.2,1.2,1.2,1.2,1.2,1.2,1.2,1.2,1.2,1.2,1.2,1.2,1.2,1.2,1.2,1.2,1.2,1.2,1.2,1.2,1.2,1.2,1.2,1.2,1.2,1.2
0.1290,0.0456,828.6,93.5,1.96,1052.2,1756.7,2766,3749,0.977,0.927,3.3,3.3,3.3,3.3,1.9,1.5,1.2,1.2,10,8.8,2.6,1.7,1.2,1.2,1.9,1.5,1.2,1.2,3.3,3.3,2.6,1.7,1.2,1.2,3.3,2,2.6,1.7,1.2,1.2,21.3,20.4,3.3,1.7,2.6,1.7,1.2,1.2,13.4,12.5,3.3,3.3,2.6,1.7,1.2,1.2,2.6,1.7,1.2,1.2,3.3,3.3,2.6,1.7,1.2,1.2,3.3,3.3,2.6,1.7,1.2,1.2,1.2,1.2,2.6,1.7,1.2,1.2,2.6,1.7,1.2,1.2,1.2,1.2,2.6,1.7,1.2,1.2,3.3,3.3,1.2,1.2,16.8,16.1,3.3,3.3,1.2,1.2,3.3,2,1.2,1.2,1.2,1.2,3.3,2,3.3,3.3,1.9,1.5,1.2,1.2,1.9,1.5,1.2,1.2,3.3,3.3,1.9,1.5,1.2,1.2,1.9,1.5,1.2,1.2,1.2,1.2,1.2,1.2,2.6,1.7,1.2,1.2,1.2,1.2,1.2,1.2,1.2,1.2,1.2,1.2,1.2,1.2,1.2,1.2,1.2,1.2,3.3,1.7,1.9,1.5,1.2,1.2,3.3,1.7,1.9,1.5,1.2,1.2,1.9,1.5,1.2,1.2,1.9,1.5,1.2,1.2,1.9,1.5,1.2,1.2,1.2,1.2,1.2,1.2,1.2,1.2,1.2,1.2,1.2,1.2,1.2,1.2,1.2,1.2,1.2,1.2,1.2,1.2,1.2,1.2,1.2,1.2,1.9,1.5,1.2,1.2,1.2,1.2,1.9,1.5,1.2,1.2,1.2,1.2,1.2,1.2,1.2,1.2,1.2,1.2,1.2,1.2,1.2,1.2,1.2,1.2,1.2,1.2,1.2,1.2,1.2,1.2,1.2,1.2,1.2,1.2,1.2,1.2,1.2,1.2,1.2,1.2,1.2,1.2,1.2,1.2,1.2,1.2,1.2,1.2,1.2,1.2,1.2,1.2,1.2,1.2,1.2,1.2
0.1320,0.0477,845.2,93.5,1.96,1052.2,1756.7,2766.2,3750.2,0.977,0.924,3.3,3.3,3.3,3.3,1.9,1.5,1.2,1.2,10.1,9,2.6,1.7,1.2,1.2,1.9,1.5,1.2,1.2,3.3,3.3,2.6,1.7,1.2,1.2,3.3,2,2.6,1.7,1.2,1.2,21.4,20.5,3.3,1.7,2.6,1.7,1.2,1.2,13.5,12.5,3.3,3.3,2.6,1.7,1.2,1.2,2.6,1.7,1.2,1.2,3.3,3.3,2.6,1.7,1.2,1.2,3.3,3.3,2.6,1.7,1.2,1.2,1.2,1.2,2.6,1.7,1.2,1.2,2.6,1.7,1.2,1.2,1.2,1.2,2.6,1.7,1.2,1.2,3.3,3.3,1.2,1.2,16.8,16.1,3.3,3.3,1.2,1.2,3.3,2,1.2,1.2,1.2,1.2,3.3,2,3.3,3.3,1.9,1.5,1.2,1.2,1.9,1.5,1.2,1.2,3.3,3.3,1.9,1.5,1.2,1.2,1.9,1.5,1.2,1.2,1.2,1.2,1.2,1.2,2.6,1.7,1.2,1.2,1.2,1.2,1.2,1.2,1.2,1.2,1.2,1.2,1.2,1.2,1.2,1.2,1.2,1.2,3.3,1.7,1.9,1.5,1.2,1.2,3.3,1.7,1.9,1.5,1.2,1.2,1.9,1.5,1.2,1.2,1.9,1.5,1.2,1.2,1.9,1.5,1.2,1.2,1.2,1.2,1.2,1.2,1.2,1.2,1.2,1.2,1.2,1.2,1.2,1.2,1.2,1.2,1.2,1.2,1.2,1.2,1.2,1.2,1.2,1.2,1.9,1.5,1.2,1.2,1.2,1.2,1.9,1.5,1.2,1.2,1.2,1.2,1.2,1.2,1.2,1.2,1.2,1.2,1.2,1.2,1.2,1.2,1.2,1.2,1.2,1.2,1.2,1.2,1.2,1.2,1.2,1.2,1.2,1.2,1.2,1.2,1.2,1.2,1.2,1.2,1.2,1.2,1.2,1.2,1.2,1.2,1.2,1.2,1.2,1.2,1.2,1.2,1.2,1.2,1.2,1.2
0.1350,0.0498,861.9,93.5,1.96,1052.2,1756.7,2766.4,3751.4,0.976,0.921,3.3,3.3,3.3,3.3,1.9,1.5,1.2,1.2,10.1,9,2.6,1.7,1.2,1.2,1.9,1.5,1.2,1.2,3.3,3.3,2.6,1.7,1.2,1.2,3.3,2,2.6,1.7,1.2,1.2,21.4,20.5,3.3,1.7,2.6,1.7,1.2,1.2,13.5,12.5,3.3,3.3,2.6,1.7,1.2,1.2,2.6,1.7,1.2,1.2,3.3,3.3,2.6,1.7,1.2,1.2,3.3,3.3,2.6,1.7,1.2,1.2,1.2,1.2,2.6,1.7,1.2,1.2,2.6,1.7,1.2,1.2,1.2,1.2,2.6,1.7,1.2,1.2,3.3,3.3,1.2,1.2,16.9,16.1,3.3,3.3,1.2,1.2,3.3,2,1.2,1.2,1.2,1.2,3.3,2,3.3,3.3,1.9,1.5,1.2,1.2,1.9,1.5,1.2,1.2,3.3,3.3,1.9,1.5,1.2,1.2,1.9,1.5,1.2,1.2,1.2,1.2,1.2,1.2,2.6,1.7,1.2,1.2,1.2,1.2,1.2,1.2,1.2,1.2,1.2,1.2,1.2,1.2,1.2,1.2,1.2,1.2,3.3,1.7,1.9,1.5,1.2,1.2,3.3,1.7,1.9,1.5,1.2,1.2,1.9,1.5,1.2,1.2,1.9,1.5,1.2,1.2,1.9,1.5,1.2,1.2,1.2,1.2,1.2,1.2,1.2,1.2,1.2,1.2,1.2,1.2,1.2,1.2,1.2,1.2,1.2,1.2,1.2,1.2,1.2,1.2,1.2,1.2,1.9,1.5,1.2,1.2,1.2,1.2,1.9,1.5,1.2,1.2,1.2,1.2,1.2,1.2,1.2,1.2,1.2,1.2,1.2,1.2,1.2,1.2,1.2,1.2,1.2,1.2,1.2,1.2,1.2,1.2,1.2,1.2,1.2,1.2,1.2,1.2,1.2,1.2,1.2,1.2,1.2,1.2,1.2,1.2,1.2,1.2,1.2,1.2,1.2,1.2,1.2,1.2,1.2,1.2,1.2,1.2
0.1370,0.0512,878.8,93.5,1.95,1052.2,1756.7,2766.6,3752.6,0.976,0.918,3.3,3.3,3.3,3.3,1.9,1.5,1.2,1.2,10.1,9.1,2.6,1.7,1.2,1.2,1.9,1.5,1.2,1.2,3.3,3.3,2.6,1.7,1.2,1.2,3.3,2,2.6,1.7,1.2,1.2,21.5,20.6,3.3,1.7,2.6,1.7,1.2,1.2,13.5,12.6,3.3,3.3,2.6,1.7,1.2,1.2,2.6,1.7,1.2,1.2,3.3,3.3,2.6,1.7,1.2,1.2,3.3,3.3,2.6,1.7,1.2,1.2,1.2,1.2,2.6,1.7,1.2,1.2,2.6,1.7,1.2,1.2,1.2,1.2,2.6,1.7,1.2,1.2,3.3,3.3,1.2,1.2,16.9,16.2,3.3,3.3,1.2,1.2,3.3,2,1.2,1.2,1.2,1.2,3.3,2,3.3,3.3,1.9,1.5,1.2,1.2,1.9,1.5,1.2,1.2,3.3,3.3,1.9,1.5,1.2,1.2,1.9,1.5,1.2,1.2,1.2,1.2,1.2,1.2,2.6,1.7,1.2,1.2,1.2,1.2,1.2,1.2,1.2,1.2,1.2,1.2,1.2,1.2,1.2,1.2,1.2,1.2,3.3,1.7,1.9,1.5,1.2,1.2,3.3,1.7,1.9,1.5,1.2,1.2,1.9,1.5,1.2,1.2,1.9,1.5,1.2,1.2,1.9,1.5,1.2,1.2,1.2,1.2,1.2,1.2,1.2,1.2,1.2,1.2,1.2,1.2,1.2,1.2,1.2,1.2,1.2,1.2,1.2,1.2,1.2,1.2,1.2,1.2,1.9,1.5,1.2,1.2,1.2,1.2,1.9,1.5,1.2,1.2,1.2,1.2,1.2,1.2,1.2,1.2,1.2,1.2,1.2,1.2,1.2,1.2,1.2,1.2,1.2,1.2,1.2,1.2,1.2,1.2,1.2,1.2,1.2,1.2,1.2,1.2,1.2,1.2,1.2,1.2,1.2,1.2,1.2,1.2,1.2,1.2,1.2,1.2,1.2,1.2,1.2,1.2,1.2,1.2,1.2,1.2
0.1400,0.0533,895.3,93.5,1.95,1052.2,1756.7,2766.8,3753.8,0.975,0.915,3.3,3.3,3.3,3.3,1.9,1.5,1.2,1.2,10.1,9.1,2.6,1.7,1.2,1.2,1.9,1.5,1.2,1.2,3.3,3.3,2.6,1.7,1.2,1.2,3.3,2,2.6,1.7,1.2,1.2,21.5,20.6,3.3,1.7,2.6,1.7,1.2,1.2,13.6,12.6,3.3,3.3,2.6,1.7,1.2,1.2,2.6,1.7,1.2,1.2,3.3,3.3,2.6,1.7,1.2,1.2,3.3,3.3,2.6,1.7,1.2,1.2,1.2,1.2,2.6,1.7,1.2,1.2,2.6,1.7,1.2,1.2,1.2,1.2,2.6,1.7,1.2,1.2,3.3,3.3,1.2,1.2,17,16.2,3.3,3.3,1.2,1.2,3.3,2,1.2,1.2,1.2,1.2,3.3,2,3.3,3.3,1.9,1.5,1.2,1.2,1.9,1.5,1.2,1.2,3.3,3.3,1.9,1.5,1.2,1.2,1.9,1.5,1.2,1.2,1.2,1.2,1.2,1.2,2.6,1.7,1.2,1.2,1.2,1.2,1.2,1.2,1.2,1.2,1.2,1.2,1.2,1.2,1.2,1.2,1.2,1.2,3.3,1.7,1.9,1.5,1.2,1.2,3.3,1.7,1.9,1.5,1.2,1.2,1.9,1.5,1.2,1.2,1.9,1.5,1.2,1.2,1.9,1.5,1.2,1.2,1.2,1.2,1.2,1.2,1.2,1.2,1.2,1.2,1.2,1.2,1.2,1.2,1.2,1.2,1.2,1.2,1.2,1.2,1.2,1.2,1.2,1.2,1.9,1.5,1.2,1.2,1.2,1.2,1.9,1.5,1.2,1.2,1.2,1.2,1.2,1.2,1.2,1.2,1.2,1.2,1.2,1.2,1.2,1.2,1.2,1.2,1.2,1.2,1.2,1.2,1.2,1.2,1.2,1.2,1.2,1.2,1.2,1.2,1.2,1.2,1.2,1.2,1.2,1.2,1.2,1.2,1.2,1.2,1.2,1.2,1.2,1.2,1.2,1.2,1.2,1.2,1.2,1.2
0.1420,0.0548,912.1,93.5,1.95,1052.2,1756.7,2767,3755.1,0.975,0.912,3.3,3.3,3.3,3.3,1.9,1.5,1.2,1.2,10.2,9.1,2.6,1.7,1.2,1.2,1.9,1.5,1.2,1.2,3.3,3.3,2.6,1.7,1.2,1.2,3.3,2,2.6,1.7,1.2,1.2,21.6,20.7,3.3,1.7,2.6,1.7,1.2,1.2,13.6,12.6,3.3,3.3,2.6,1.7,1.2,1.2,2.6,1.7,1.2,1.2,3.3,3.3,2.6,1.7,1.2,1.2,3.3,3.3,2.6,1.7,1.2,1.2,1.2,1.2,2.6,1.7,1.2,1.2,2.6,1.7,1.2,1.2,1.2,1.2,2.6,1.7,1.2,1.2,3.3,3.3,1.2,1.2,17,16.3,3.3,3.3,1.2,1.2,3.3,2,1.2,1.2,1.2,1.2,3.3,2,3.3,3.3,1.9,1.5,1.2,1.2,1.9,1.5,1.2,1.2,3.3,3.3,1.9,1.5,1.2,1.2,1.9,1.5,1.2,1.2,1.2,1.2,1.2,1.2,2.6,1.7,1.2,1.2,1.2,1.2,1.2,1.2,1.2,1.2,1.2,1.2,1.2,1.2,1.2,1.2,1.2,1.2,3.3,1.7,1.9,1.5,1.2,1.2,3.3,1.7,1.9,1.5,1.2,1.2,1.9,1.5,1.2,1.2,1.9,1.5,1.2,1.2,1.9,1.5,1.2,1.2,1.2,1.2,1.2,1.2,1.2,1.2,1.2,1.2,1.2,1.2,1.2,1.2,1.2,1.2,1.2,1.2,1.2,1.2,1.2,1.2,1.2,1.2,1.9,1.5,1.2,1.2,1.2,1.2,1.9,1.5,1.2,1.2,1.2,1.2,1.2,1.2,1.2,1.2,1.2,1.2,1.2,1.2,1.2,1.2,1.2,1.2,1.2,1.2,1.2,1.2,1.2,1.2,1.2,1.2,1.2,1.2,1.2,1.2,1.2,1.2,1.2,1.2,1.2,1.2,1.2,1.2,1.2,1.2,1.2,1.2,1.2,1.2,1.2,1.2,1.2,1.2,1.2,1.2
0.1450,0.0570,928.7,93.5,1.95,1052.2,1756.7,2767.2,3756.3,0.974,0.909,3.3,3.3,3.3,3.3,1.9,1.5,1.2,1.2,10.2,9.1,2.6,1.7,1.2,1.2,1.9,1.5,1.2,1.2,3.3,3.3,2.6,1.7,1.2,1.2,3.3,2,2.6,1.7,1.2,1.2,21.6,20.7,3.3,1.7,2.6,1.7,1.2,1.2,13.6,12.7,3.3,3.3,2.6,1.7,1.2,1.2,2.6,1.7,1.2,1.2,3.3,3.3,2.6,1.7,1.2,1.2,3.3,3.3,2.6,1.7,1.2,1.2,1.2,1.2,2.6,1.7,1.2,1.2,2.6,1.7,1.2,1.2,1.2,1.2,2.6,1.7,1.2,1.2,3.3,3.3,1.2,1.2,17.1,16.3,3.3,3.3,1.2,1.2,3.3,2,1.2,1.2,1.2,1.2,3.3,2,3.3,3.3,1.9,1.5,1.2,1.2,1.9,1.5,1.2,1.2,3.3,3.3,1.9,1.5,1.2,1.2,1.9,1.5,1.2,1.2,1.2,1.2,1.2,1.2,2.6,1.7,1.2,1.2,1.2,1.2,1.2,1.2,1.2,1.2,1.2,1.2,1.2,1.2,1.2,1.2,1.2,1.2,3.3,1.7,1.9,1.5,1.2,1.2,3.3,1.7,1.9,1.5,1.2,1.2,1.9,1.5,1.2,1.2,1.9,1.5,1.2,1.2,1.9,1.5,1.2,1.2,1.2,1.2,1.2,1.2,1.2,1.2,1.2,1.2,1.2,1.2,1.2,1.2,1.2,1.2,1.2,1.2,1.2,1.2,1.2,1.2,1.2,1.2,1.9,1.5,1.2,1.2,1.2,1.2,1.9,1.5,1.2,1.2,1.2,1.2,1.2,1.2,1.2,1.2,1.2,1.2,1.2,1.2,1.2,1.2,1.2,1.2,1.2,1.2,1.2,1.2,1.2,1.2,1.2,1.2,1.2,1.2,1.2,1.2,1.2,1.2,1.2,1.2,1.2,1.2,1.2,1.2,1.2,1.2,1.2,1.2,1.2,1.2,1.2,1.2,1.2,1.2,1.2,1.2
0.1480,0.0592,945.4,93.5,1.95,1052.2,1756.7,2767.4,3757.6,0.974,0.906,3.3,3.3,3.3,3.3,1.9,1.5,1.2,1.2,10.2,9.1,2.6,1.7,1.2,1.2,1.9,1.5,1.2,1.2,3.3,3.3,2.6,1.7,1.2,1.2,3.3,2,2.6,1.7,1.2,1.2,21.7,20.8,3.3,1.7,2.6,1.7,1.2,1.2,13.7,12.7,3.3,3.3,2.6,1.7,1.2,1.2,2.6,1.7,1.2,1.2,3.3,3.3,2.6,1.7,1.2,1.2,3.3,3.3,2.6,1.7,1.2,1.2,1.2,1.2,2.6,1.7,1.2,1.2,2.6,1.7,1.2,1.2,1.2,1.2,2.6,1.7,1.2,1.2,3.3,3.3,1.2,1.2,17.1,16.3,3.3,3.3,1.2,1.2,3.3,2,1.2,1.2,1.2,1.2,3.3,2,3.3,3.3,1.9,1.5,1.2,1.2,1.9,1.5,1.2,1.2,3.3,3.3,1.9,1.5,1.2,1.2,1.9,1.5,1.2,1.2,1.2,1.2,1.2,1.2,2.6,1.7,1.2,1.2,1.2,1.2,1.2,1.2,1.2,1.2,1.2,1.2,1.2,1.2,1.2,1.2,1.2,1.2,3.3,1.7,1.9,1.5,1.2,1.2,3.3,1.7,1.9,1.5,1.2,1.2,1.9,1.5,1.2,1.2,1.9,1.5,1.2,1.2,1.9,1.5,1.2,1.2,1.2,1.2,1.2,1.2,1.2,1.2,1.2,1.2,1.2,1.2,1.2,1.2,1.2,1.2,1.2,1.2,1.2,1.2,1.2,1.2,1.2,1.2,1.9,1.5,1.2,1.2,1.2,1.2,1.9,1.5,1.2,1.2,1.2,1.2,1.2,1.2,1.2,1.2,1.2,1.2,1.2,1.2,1.2,1.2,1.2,1.2,1.2,1.2,1.2,1.2,1.2,1.2,1.2,1.2,1.2,1.2,1.2,1.2,1.2,1.2,1.2,1.2,1.2,1.2,1.2,1.2,1.2,1.2,1.2,1.2,1.2,1.2,1.2,1.2,1.2,1.2,1.2,1.2
0.1500,0.0607,962,93.5,1.95,1052.2,1756.7,2767.6,3759,0.973,0.903,3.3,3.3,3.3,3.3,1.9,1.5,1.2,1.2,10.2,9.2,2.6,1.7,1.2,1.2,1.9,1.5,1.2,1.2,3.3,3.3,2.6,1.7,1.2,1.2,3.3,2,2.6,1.7,1.2,1.2,21.7,20.8,3.3,1.7,2.6,1.7,1.2,1.2,13.7,12.7,3.3,3.3,2.6,1.7,1.2,1.2,2.6,1.7,1.2,1.2,3.3,3.3,2.6,1.7,1.2,1.2,3.3,3.3,2.6,1.7,1.2,1.2,1.2,1.2,2.6,1.7,1.2,1.2,2.6,1.7,1.2,1.2,1.2,1.2,2.6,1.7,1.2,1.2,3.3,3.3,1.2,1.2,17.1,16.4,3.3,3.3,1.2,1.2,3.3,2,1.2,1.2,1.2,1.2,3.3,2,3.3,3.3,1.9,1.5,1.2,1.2,1.9,1.5,1.2,1.2,3.3,3.3,1.9,1.5,1.2,1.2,1.9,1.5,1.2,1.2,1.2,1.2,1.2,1.2,2.6,1.7,1.2,1.2,1.2,1.2,1.2,1.2,1.2,1.2,1.2,1.2,1.2,1.2,1.2,1.2,1.2,1.2,3.3,1.7,1.9,1.5,1.2,1.2,3.3,1.7,1.9,1.5,1.2,1.2,1.9,1.5,1.2,1.2,1.9,1.5,1.2,1.2,1.9,1.5,1.2,1.2,1.2,1.2,1.2,1.2,1.2,1.2,1.2,1.2,1.2,1.2,1.2,1.2,1.2,1.2,1.2,1.2,1.2,1.2,1.2,1.2,1.2,1.2,1.9,1.5,1.2,1.2,1.2,1.2,1.9,1.5,1.2,1.2,1.2,1.2,1.2,1.2,1.2,1.2,1.2,1.2,1.2,1.2,1.2,1.2,1.2,1.2,1.2,1.2,1.2,1.2,1.2,1.2,1.2,1.2,1.2,1.2,1.2,1.2,1.2,1.2,1.2,1.2,1.2,1.2,1.2,1.2,1.2,1.2,1.2,1.2,1.2,1.2,1.2,1.2,1.2,1.2,1.2,1.2
0.1530,0.0631,978.8,93.5,1.95,1052.2,1756.7,2767.9,3760.3,0.973,0.9,3.3,3.3,3.3,3.3,1.9,1.5,1.2,1.2,10.3,9.2,2.6,1.7,1.2,1.2,1.9,1.5,1.2,1.2,3.3,3.3,2.6,1.7,1.2,1.2,3.3,2,2.6,1.7,1.2,1.2,21.8,20.9,3.3,1.7,2.6,1.7,1.2,1.2,13.7,12.8,3.3,3.3,2.6,1.7,1.2,1.2,2.6,1.7,1.2,1.2,3.3,3.3,2.6,1.7,1.2,1.2,3.3,3.3,2.6,1.7,1.2,1.2,1.2,1.2,2.6,1.7,1.2,1.2,2.6,1.7,1.2,1.2,1.2,1.2,2.6,1.7,1.2,1.2,3.3,3.3,1.2,1.2,17.2,16.4,3.3,3.3,1.2,1.2,3.3,2,1.2,1.2,1.2,1.2,3.3,2,3.3,3.3,1.9,1.5,1.2,1.2,1.9,1.5,1.2,1.2,3.3,3.3,1.9,1.5,1.2,1.2,1.9,1.5,1.2,1.2,1.2,1.2,1.2,1.2,2.6,1.7,1.2,1.2,1.2,1.2,1.2,1.2,1.2,1.2,1.2,1.2,1.2,1.2,1.2,1.2,1.2,1.2,3.3,1.7,1.9,1.5,1.2,1.2,3.3,1.7,1.9,1.5,1.2,1.2,1.9,1.5,1.2,1.2,1.9,1.5,1.2,1.2,1.9,1.5,1.2,1.2,1.2,1.2,1.2,1.2,1.2,1.2,1.2,1.2,1.2,1.2,1.2,1.2,1.2,1.2,1.2,1.2,1.2,1.2,1.2,1.2,1.2,1.2,1.9,1.5,1.2,1.2,1.2,1.2,1.9,1.5,1.2,1.2,1.2,1.2,1.2,1.2,1.2,1.2,1.2,1.2,1.2,1.2,1.2,1.2,1.2,1.2,1.2,1.2,1.2,1.2,1.2,1.2,1.2,1.2,1.2,1.2,1.2,1.2,1.2,1.2,1.2,1.2,1.2,1.2,1.2,1.2,1.2,1.2,1.2,1.2,1.2,1.2,1.2,1.2,1.2,1.2,1.2,1.2
0.1560,0.0654,995.6,93.5,1.95,1052.2,1756.7,2768.1,3761.7,0.972,0.897,3.3,3.3,3.3,3.3,1.9,1.5,1.2,1.2,10.3,9.2,2.6,1.7,1.2,1.2,1.9,1.5,1.2,1.2,3.3,3.3,2.6,1.7,1.2,1.2,3.3,2,2.6,1.7,1.2,1.2,21.9,20.9,3.3,1.7,2.6,1.7,1.2,1.2,13.8,12.8,3.3,3.3,2.6,1.7,1.2,1.2,2.6,1.7,1.2,1.2,3.3,3.3,2.6,1.7,1.2,1.2,3.3,3.3,2.6,1.7,1.2,1.2,1.2,1.2,2.6,1.7,1.2,1.2,2.6,1.7,1.2,1.2,1.2,1.2,2.6,1.7,1.2,1.2,3.3,3.3,1.2,1.2,17.2,16.5,3.3,3.3,1.2,1.2,3.3,2,1.2,1.2,1.2,1.2,3.3,2,3.3,3.3,1.9,1.5,1.2,1.2,1.9,1.5,1.2,1.2,3.3,3.3,1.9,1.5,1.2,1.2,1.9,1.5,1.2,1.2,1.2,1.2,1.2,1.2,2.6,1.7,1.2,1.2,1.2,1.2,1.2,1.2,1.2,1.2,1.2,1.2,1.2,1.2,1.2,1.2,1.2,1.2,3.3,1.7,1.9,1.5,1.2,1.2,3.3,1.7,1.9,1.5,1.2,1.2,1.9,1.5,1.2,1.2,1.9,1.5,1.2,1.2,1.9,1.5,1.2,1.2,1.2,1.2,1.2,1.2,1.2,1.2,1.2,1.2,1.2,1.2,1.2,1.2,1.2,1.2,1.2,1.2,1.2,1.2,1.2,1.2,1.2,1.2,1.9,1.5,1.2,1.2,1.2,1.2,1.9,1.5,1.2,1.2,1.2,1.2,1.2,1.2,1.2,1.2,1.2,1.2,1.2,1.2,1.2,1.2,1.2,1.2,1.2,1.2,1.2,1.2,1.2,1.2,1.2,1.2,1.2,1.2,1.2,1.2,1.2,1.2,1.2,1.2,1.2,1.2,1.2,1.2,1.2,1.2,1.2,1.2,1.2,1.2,1.2,1.2,1.2,1.2,1.2,1.2
0.1580,0.0670,1012.1,93.5,1.95,1052.2,1756.7,2768.3,3763.1,0.972,0.894,3.3,3.3,3.3,3.3,1.9,1.5,1.2,1.2,10.3,9.2,2.6,1.7,1.2,1.2,1.9,1.5,1.2,1.2,3.3,3.3,2.6,1.7,1.2,1.2,3.3,2,2.6,1.7,1.2,1.2,21.9,21,3.3,1.7,2.6,1.7,1.2,1.2,13.8,12.8,3.3,3.3,2.6,1.7,1.2,1.2,2.6,1.7,1.2,1.2,3.3,3.3,2.6,1.7,1.2,1.2,3.3,3.3,2.6,1.7,1.2,1.2,1.2,1.2,2.6,1.7,1.2,1.2,2.6,1.7,1.2,1.2,1.2,1.2,2.6,1.7,1.2,1.2,3.3,3.3,1.2,1.2,17.3,16.5,3.3,3.3,1.2,1.2,3.3,2,1.2,1.2,1.2,1.2,3.3,2,3.3,3.3,1.9,1.5,1.2,1.2,1.9,1.5,1.2,1.2,3.3,3.3,1.9,1.5,1.2,1.2,1.9,1.5,1.2,1.2,1.2,1.2,1.2,1.2,2.6,1.7,1.2,1.2,1.2,1.2,1.2,1.2,1.2,1.2,1.2,1.2,1.2,1.2,1.2,1.2,1.2,1.2,3.3,1.7,1.9,1.5,1.2,1.2,3.3,1.7,1.9,1.5,1.2,1.2,1.9,1.5,1.2,1.2,1.9,1.5,1.2,1.2,1.9,1.5,1.2,1.2,1.2,1.2,1.2,1.2,1.2,1.2,1.2,1.2,1.2,1.2,1.2,1.2,1.2,1.2,1.2,1.2,1.2,1.2,1.2,1.2,1.2,1.2,1.9,1.5,1.2,1.2,1.2,1.2,1.9,1.5,1.2,1.2,1.2,1.2,1.2,1.2,1.2,1.2,1.2,1.2,1.2,1.2,1.2,1.2,1.2,1.2,1.2,1.2,1.2,1.2,1.2,1.2,1.2,1.2,1.2,1.2,1.2,1.2,1.2,1.2,1.2,1.2,1.2,1.2,1.2,1.2,1.2,1.2,1.2,1.2,1.2,1.2,1.2,1.2,1.2,1.2,1.2,1.2
0.1610,0.0694,1029,93.5,1.95,1052.2,1756.7,2768.5,3764.5,0.971,0.891,3.3,3.3,3.3,3.3,1.9,1.5,1.2,1.2,10.4,9.3,2.6,1.7,1.2,1.2,1.9,1.5,1.2,1.2,3.3,3.3,2.6,1.7,1.2,1.2,3.3,2,2.6,1.7,1.2,1.2,22,21,3.3,1.7,2.6,1.7,1.2,1.2,13.8,12.9,3.3,3.3,2.6,1.7,1.2,1.2,2.6,1.7,1.2,1.2,3.3,3.3,2.6,1.7,1.2,1.2,3.3,3.3,2.6,1.7,1.2,1.2,1.2,1.2,2.6,1.7,1.2,1.2,2.6,1.7,1.2,1.2,1.2,1.2,2.6,1.7,1.2,1.2,3.3,3.3,1.2,1.2,17.3,16.6,3.3,3.3,1.2,1.2,3.3,2,1.2,1.2,1.2,1.2,3.3,2,3.3,3.3,1.9,1.5,1.2,1.2,1.9,1.5,1.2,1.2,3.3,3.3,1.9,1.5,1.2,1.2,1.9,1.5,1.2,1.2,1.2,1.2,1.2,1.2,2.6,1.7,1.2,1.2,1.2,1.2,1.2,1.2,1.2,1.2,1.2,1.2,1.2,1.2,1.2,1.2,1.2,1.2,3.3,1.7,1.9,1.5,1.2,1.2,3.3,1.7,1.9,1.5,1.2,1.2,1.9,1.5,1.2,1.2,1.9,1.5,1.2,1.2,1.9,1.5,1.2,1.2,1.2,1.2,1.2,1.2,1.2,1.2,1.2,1.2,1.2,1.2,1.2,1.2,1.2,1.2,1.2,1.2,1.2,1.2,1.2,1.2,1.2,1.2,1.9,1.5,1.2,1.2,1.2,1.2,1.9,1.5,1.2,1.2,1.2,1.2,1.2,1.2,1.2,1.2,1.2,1.2,1.2,1.2,1.2,1.2,1.2,1.2,1.2,1.2,1.2,1.2,1.2,1.2,1.2,1.2,1.2,1.2,1.2,1.2,1.2,1.2,1.2,1.2,1.2,1.2,1.2,1.2,1.2,1.2,1.2,1.2,1.2,1.2,1.2,1.2,1.2,1.2,1.2,1.2
0.1630,0.0710,1046.7,93.5,1.94,1052.2,1756.7,2768.8,3766,0.971,0.888,3.3,3.3,3.3,3.3,1.9,1.5,1.2,1.2,10.4,9.3,2.6,1.7,1.2,1.2,1.9,1.5,1.2,1.2,3.3,3.3,2.6,1.7,1.2,1.2,3.3,2,2.6,1.7,1.2,1.2,22,21.1,3.3,1.7,2.6,1.7,1.2,1.2,13.9,12.9,3.3,3.3,2.6,1.7,1.2,1.2,2.6,1.7,1.2,1.2,3.3,3.3,2.6,1.7,1.2,1.2,3.3,3.3,2.6,1.7,1.2,1.2,1.2,1.2,2.6,1.7,1.2,1.2,2.6,1.7,1.2,1.2,1.2,1.2,2.6,1.7,1.2,1.2,3.3,3.3,1.2,1.2,17.4,16.6,3.3,3.3,1.2,1.2,3.3,2,1.2,1.2,1.2,1.2,3.3,2,3.3,3.3,1.9,1.5,1.2,1.2,1.9,1.5,1.2,1.2,3.3,3.3,1.9,1.5,1.2,1.2,1.9,1.5,1.2,1.2,1.2,1.2,1.2,1.2,2.6,1.7,1.2,1.2,1.2,1.2,1.2,1.2,1.2,1.2,1.2,1.2,1.2,1.2,1.2,1.2,1.2,1.2,3.3,1.7,1.9,1.5,1.2,1.2,3.3,1.7,1.9,1.5,1.2,1.2,1.9,1.5,1.2,1.2,1.9,1.5,1.2,1.2,1.9,1.5,1.2,1.2,1.2,1.2,1.2,1.2,1.2,1.2,1.2,1.2,1.2,1.2,1.2,1.2,1.2,1.2,1.2,1.2,1.2,1.2,1.2,1.2,1.2,1.2,1.9,1.5,1.2,1.2,1.2,1.2,1.9,1.5,1.2,1.2,1.2,1.2,1.2,1.2,1.2,1.2,1.2,1.2,1.2,1.2,1.2,1.2,1.2,1.2,1.2,1.2,1.2,1.2,1.2,1.2,1.2,1.2,1.2,1.2,1.2,1.2,1.2,1.2,1.2,1.2,1.2,1.2,1.2,1.2,1.2,1.2,1.2,1.2,1.2,1.2,1.2,1.2,1.2,1.2,1.2,1.2
0.1660,0.0735,1062.2,93.5,1.94,1052.2,1756.7,2769,3767.4,0.97,0.885,3.3,3.3,3.3,3.3,1.9,1.5,1.2,1.2,10.4,9.3,2.6,1.7,1.2,1.2,1.9,1.5,1.2,1.2,3.3,3.3,2.6,1.7,1.2,1.2,3.3,2,2.6,1.7,1.2,1.2,22.1,21.2,3.3,1.7,2.6,1.7,1.2,1.2,13.9,12.9,3.3,3.3,2.6,1.7,1.2,1.2,2.6,1.7,1.2,1.2,3.3,3.3,2.6,1.7,1.2,1.2,3.3,3.3,2.6,1.7,1.2,1.2,1.2,1.2,2.6,1.7,1.2,1.2,2.6,1.7,1.2,1.2,1.2,1.2,2.6,1.7,1.2,1.2,3.3,3.3,1.2,1.2,17.4,16.6,3.3,3.3,1.2,1.2,3.3,2,1.2,1.2,1.2,1.2,3.3,2,3.3,3.3,1.9,1.5,1.2,1.2,1.9,1.5,1.2,1.2,3.3,3.3,1.9,1.5,1.2,1.2,1.9,1.5,1.2,1.2,1.2,1.2,1.2,1.2,2.6,1.7,1.2,1.2,1.2,1.2,1.2,1.2,1.2,1.2,1.2,1.2,1.2,1.2,1.2,1.2,1.2,1.2,3.3,1.7,1.9,1.5,1.2,1.2,3.3,1.7,1.9,1.5,1.2,1.2,1.9,1.5,1.2,1.2,1.9,1.5,1.2,1.2,1.9,1.5,1.2,1.2,1.2,1.2,1.2,1.2,1.2,1.2,1.2,1.2,1.2,1.2,1.2,1.2,1.2,1.2,1.2,1.2,1.2,1.2,1.2,1.2,1.2,1.2,1.9,1.5,1.2,1.2,1.2,1.2,1.9,1.5,1.2,1.2,1.2,1.2,1.2,1.2,1.2,1.2,1.2,1.2,1.2,1.2,1.2,1.2,1.2,1.2,1.2,1.2,1.2,1.2,1.2,1.2,1.2,1.2,1.2,1.2,1.2,1.2,1.2,1.2,1.2,1.2,1.2,1.2,1.2,1.2,1.2,1.2,1.2,1.2,1.2,1.2,1.2,1.2,1.2,1.2,1.2,1.2
0.1690,0.0760,1080.5,93.5,1.94,1052.2,1756.7,2769.3,3768.9,0.969,0.882,3.3,3.3,3.3,3.3,1.9,1.5,1.2,1.2,10.4,9.3,2.6,1.7,1.2,1.2,1.9,1.5,1.2,1.2,3.3,3.3,2.6,1.7,1.2,1.2,3.3,2,2.6,1.7,1.2,1.2,22.1,21.2,3.3,1.7,2.6,1.7,1.2,1.2,13.9,13,3.3,3.3,2.6,1.7,1.2,1.2,2.6,1.7,1.2,1.2,3.3,3.3,2.6,1.7,1.2,1.2,3.3,3.3,2.6,1.7,1.2,1.2,1.2,1.2,2.6,1.7,1.2,1.2,2.6,1.7,1.2,1.2,1.2,1.2,2.6,1.7,1.2,1.2,3.3,3.3,1.2,1.2,17.5,16.7,3.3,3.3,1.2,1.2,3.3,2,1.2,1.2,1.2,1.2,3.3,2,3.3,3.3,1.9,1.5,1.2,1.2,1.9,1.5,1.2,1.2,3.3,3.3,1.9,1.5,1.2,1.2,1.9,1.5,1.2,1.2,1.2,1.2,1.2,1.2,2.6,1.7,1.2,1.2,1.2,1.2,1.2,1.2,1.2,1.2,1.2,1.2,1.2,1.2,1.2,1.2,1.2,1.2,3.3,1.7,1.9,1.5,1.2,1.2,3.3,1.7,1.9,1.5,1.2,1.2,1.9,1.5,1.2,1.2,1.9,1.5,1.2,1.2,1.9,1.5,1.2,1.2,1.2,1.2,1.2,1.2,1.2,1.2,1.2,1.2,1.2,1.2,1.2,1.2,1.2,1.2,1.2,1.2,1.2,1.2,1.2,1.2,1.2,1.2,1.9,1.5,1.2,1.2,1.2,1.2,1.9,1.5,1.2,1.2,1.2,1.2,1.2,1.2,1.2,1.2,1.2,1.2,1.2,1.2,1.2,1.2,1.2,1.2,1.2,1.2,1.2,1.2,1.2,1.2,1.2,1.2,1.2,1.2,1.2,1.2,1.2,1.2,1.2,1.2,1.2,1.2,1.2,1.2,1.2,1.2,1.2,1.2,1.2,1.2,1.2,1.2,1.2,1.2,1.2,1.2
0.1710,0.0777,1095.5,93.5,1.94,1052.2,1756.7,2769.5,3770.5,0.969,0.879,3.3,3.3,3.3,3.3,1.9,1.5,1.2,1.2,10.5,9.4,2.6,1.7,1.2,1.2,1.9,1.5,1.2,1.2,3.3,3.3,2.6,1.7,1.2,1.2,3.3,2,2.6,1.7,1.2,1.2,22.2,21.3,3.3,1.7,2.6,1.7,1.2,1.2,14,13,3.3,3.3,2.6,1.7,1.2,1.2,2.6,1.7,1.2,1.2,3.3,3.3,2.6,1.7,1.2,1.2,3.3,3.3,2.6,1.7,1.2,1.2,1.2,1.2,2.6,1.7,1.2,1.2,2.6,1.7,1.2,1.2,1.2,1.2,2.6,1.7,1.2,1.2,3.3,3.3,1.2,1.2,17.5,16.7,3.3,3.3,1.2,1.2,3.3,2,1.2,1.2,1.2,1.2,3.3,2,3.3,3.3,1.9,1.5,1.2,1.2,1.9,1.5,1.2,1.2,3.3,3.3,1.9,1.5,1.2,1.2,1.9,1.5,1.2,1.2,1.2,1.2,1.2,1.2,2.6,1.7,1.2,1.2,1.2,1.2,1.2,1.2,1.2,1.2,1.2,1.2,1.2,1.2,1.2,1.2,1.2,1.2,3.3,1.7,1.9,1.5,1.2,1.2,3.3,1.7,1.9,1.5,1.2,1.2,1.9,1.5,1.2,1.2,1.9,1.5,1.2,1.2,1.9,1.5,1.2,1.2,1.2,1.2,1.2,1.2,1.2,1.2,1.2,1.2,1.2,1.2,1.2,1.2,1.2,1.2,1.2,1.2,1.2,1.2,1.2,1.2,1.2,1.2,1.9,1.5,1.2,1.2,1.2,1.2,1.9,1.5,1.2,1.2,1.2,1.2,1.2,1.2,1.2,1.2,1.2,1.2,1.2,1.2,1.2,1.2,1.2,1.2,1.2,1.2,1.2,1.2,1.2,1.2,1.2,1.2,1.2,1.2,1.2,1.2,1.2,1.2,1.2,1.2,1.2,1.2,1.2,1.2,1.2,1.2,1.2,1.2,1.2,1.2,1.2,1.2,1.2,1.2,1.2,1.2
0.1740,0.0803,1112.2,93.5,1.94,1052.2,1756.7,2769.8,3772,0.968,0.876,3.3,3.3,3.3,3.3,1.9,1.5,1.2,1.2,10.5,9.4,2.6,1.7,1.2,1.2,1.9,1.5,1.2,1.2,3.3,3.3,2.6,1.7,1.2,1.2,3.3,2,2.6,1.7,1.2,1.2,22.2,21.2,3.3,1.7,2.6,1.7,1.2,1.2,14,13,3.3,3.3,2.6,1.7,1.2,1.2,2.6,1.7,1.2,1.2,3.3,3.3,2.6,1.7,1.2,1.2,3.3,3.3,2.6,1.7,1.2,1.2,1.2,1.2,2.6,1.7,1.2,1.2,2.6,1.7,1.2,1.2,1.2,1.2,2.6,1.7,1.2,1.2,3.3,3.3,1.2,1.2,17.5,16.8,3.3,3.3,1.2,1.2,3.3,2,1.2,1.2,1.2,1.2,3.3,2,3.3,3.3,1.9,1.5,1.2,1.2,1.9,1.5,1.2,1.2,3.3,3.3,1.9,1.5,1.2,1.2,1.9,1.5,1.2,1.2,1.2,1.2,1.2,1.2,2.6,1.7,1.2,1.2,1.2,1.2,1.2,1.2,1.2,1.2,1.2,1.2,1.2,1.2,1.2,1.2,1.2,1.2,3.3,1.7,1.9,1.5,1.2,1.2,3.3,1.7,1.9,1.5,1.2,1.2,1.9,1.5,1.2,1.2,1.9,1.5,1.2,1.2,1.9,1.5,1.2,1.2,1.2,1.2,1.2,1.2,1.2,1.2,1.2,1.2,1.2,1.2,1.2,1.2,1.2,1.2,1.2,1.2,1.2,1.2,1.2,1.2,1.2,1.2,1.9,1.5,1.2,1.2,1.2,1.2,1.9,1.5,1.2,1.2,1.2,1.2,1.2,1.2,1.2,1.2,1.2,1.2,1.2,1.2,1.2,1.2,1.2,1.2,1.2,1.2,1.2,1.2,1.2,1.2,1.2,1.2,1.2,1.2,1.2,1.2,1.2,1.2,1.2,1.2,1.2,1.2,1.2,1.2,1.2,1.2,1.2,1.2,1.2,1.2,1.2,1.2,1.2,1.2,1.2,1.2
0.1760,0.0820,1128.8,93.5,1.94,1052.2,1756.7,2770,3773.5,0.968,0.873,3.3,3.3,3.3,3.3,1.9,1.5,1.2,1.2,10.5,9.4,2.6,1.7,1.2,1.2,1.9,1.5,1.2,1.2,3.3,3.3,2.6,1.7,1.2,1.2,3.3,2,2.6,1.7,1.2,1.2,22.3,21.3,3.3,1.7,2.6,1.7,1.2,1.2,14.1,13.1,3.3,3.3,2.6,1.7,1.2,1.2,2.6,1.7,1.2,1.2,3.3,3.3,2.6,1.7,1.2,1.2,3.3,3.3,2.6,1.7,1.2,1.2,1.2,1.2,2.6,1.7,1.2,1.2,2.6,1.7,1.2,1.2,1.2,1.2,2.6,1.7,1.2,1.2,3.3,3.3,1.2,1.2,17.6,16.5,3.3,3.3,1.2,1.2,3.3,2,1.2,1.2,1.2,1.2,3.3,2,3.3,3.3,1.9,1.5,1.2,1.2,1.9,1.5,1.2,1.2,3.3,3.3,1.9,1.5,1.2,1.2,1.9,1.5,1.2,1.2,1.2,1.2,1.2,1.2,2.6,1.7,1.2,1.2,1.2,1.2,1.2,1.2,1.2,1.2,1.2,1.2,1.2,1.2,1.2,1.2,1.2,1.2,3.3,1.7,1.9,1.5,1.2,1.2,3.3,1.7,1.9,1.5,1.2,1.2,1.9,1.5,1.2,1.2,1.9,1.5,1.2,1.2,1.9,1.5,1.2,1.2,1.2,1.2,1.2,1.2,1.2,1.2,1.2,1.2,1.2,1.2,1.2,1.2,1.2,1.2,1.2,1.2,1.2,1.2,1.2,1.2,1.2,1.2,1.9,1.5,1.2,1.2,1.2,1.2,1.9,1.5,1.2,1.2,1.2,1.2,1.2,1.2,1.2,1.2,1.2,1.2,1.2,1.2,1.2,1.2,1.2,1.2,1.2,1.2,1.2,1.2,1.2,1.2,1.2,1.2,1.2,1.2,1.2,1.2,1.2,1.2,1.2,1.2,1.2,1.2,1.2,1.2,1.2,1.2,1.2,1.2,1.2,1.2,1.2,1.2,1.2,1.2,1.2,1.2
0.1790,0.0847,1145.6,93.5,1.94,1052.2,1756.7,2770.3,3775.1,0.967,0.87,3.3,3.3,3.3,3.3,1.9,1.5,1.2,1.2,10.5,9.4,2.6,1.7,1.2,1.2,1.9,1.5,1.2,1.2,3.3,3.3,2.6,1.7,1.2,1.2,3.3,2,2.6,1.7,1.2,1.2,22.4,21.4,3.3,1.7,2.6,1.7,1.2,1.2,14.1,13.1,3.3,3.3,2.6,1.7,1.2,1.2,2.6,1.7,1.2,1.2,3.3,3.3,2.6,1.7,1.2,1.2,3.3,3.3,2.6,1.7,1.2,1.2,1.2,1.2,2.6,1.7,1.2,1.2,2.6,1.7,1.2,1.2,1.2,1.2,2.6,1.7,1.2,1.2,3.3,3.3,1.2,1.2,17.6,16.8,3.3,3.3,1.2,1.2,3.3,2,1.2,1.2,1.2,1.2,3.3,2,3.3,3.3,1.9,1.5,1.2,1.2,1.9,1.5,1.2,1.2,3.3,3.3,1.9,1.5,1.2,1.2,1.9,1.5,1.2,1.2,1.2,1.2,1.2,1.2,2.6,1.7,1.2,1.2,1.2,1.2,1.2,1.2,1.2,1.2,1.2,1.2,1.2,1.2,1.2,1.2,1.2,1.2,3.3,1.7,1.9,1.5,1.2,1.2,3.3,1.7,1.9,1.5,1.2,1.2,1.9,1.5,1.2,1.2,1.9,1.5,1.2,1.2,1.9,1.5,1.2,1.2,1.2,1.2,1.2,1.2,1.2,1.2,1.2,1.2,1.2,1.2,1.2,1.2,1.2,1.2,1.2,1.2,1.2,1.2,1.2,1.2,1.2,1.2,1.9,1.5,1.2,1.2,1.2,1.2,1.9,1.5,1.2,1.2,1.2,1.2,1.2,1.2,1.2,1.2,1.2,1.2,1.2,1.2,1.2,1.2,1.2,1.2,1.2,1.2,1.2,1.2,1.2,1.2,1.2,1.2,1.2,1.2,1.2,1.2,1.2,1.2,1.2,1.2,1.2,1.2,1.2,1.2,1.2,1.2,1.2,1.2,1.2,1.2,1.2,1.2,1.2,1.2,1.2,1.2
0.1820,0.0873,1162.3,93.5,1.94,1052.2,1756.7,2770.5,3776.7,0.967,0.867,3.3,3.3,3.3,3.3,1.9,1.5,1.2,1.2,10.6,9.5,2.6,1.7,1.2,1.2,1.9,1.5,1.2,1.2,3.3,3.3,2.6,1.7,1.2,1.2,3.3,2,2.6,1.7,1.2,1.2,22.4,21.5,3.3,1.7,2.6,1.7,1.2,1.2,14.1,13.1,3.3,3.3,2.6,1.7,1.2,1.2,2.6,1.7,1.2,1.2,3.3,3.3,2.6,1.7,1.2,1.2,3.3,3.3,2.6,1.7,1.2,1.2,1.2,1.2,2.6,1.7,1.2,1.2,2.6,1.7,1.2,1.2,1.2,1.2,2.6,1.7,1.2,1.2,3.3,3.3,1.2,1.2,17.7,16.9,3.3,3.3,1.2,1.2,3.3,2,1.2,1.2,1.2,1.2,3.3,2,3.3,3.3,1.9,1.5,1.2,1.2,1.9,1.5,1.2,1.2,3.3,3.3,1.9,1.5,1.2,1.2,1.9,1.5,1.2,1.2,1.2,1.2,1.2,1.2,2.6,1.7,1.2,1.2,1.2,1.2,1.2,1.2,1.2,1.2,1.2,1.2,1.2,1.2,1.2,1.2,1.2,1.2,3.3,1.7,1.9,1.5,1.2,1.2,3.3,1.7,1.9,1.5,1.2,1.2,1.9,1.5,1.2,1.2,1.9,1.5,1.2,1.2,1.9,1.5,1.2,1.2,1.2,1.2,1.2,1.2,1.2,1.2,1.2,1.2,1.2,1.2,1.2,1.2,1.2,1.2,1.2,1.2,1.2,1.2,1.2,1.2,1.2,1.2,1.9,1.5,1.2,1.2,1.2,1.2,1.9,1.5,1.2,1.2,1.2,1.2,1.2,1.2,1.2,1.2,1.2,1.2,1.2,1.2,1.2,1.2,1.2,1.2,1.2,1.2,1.2,1.2,1.2,1.2,1.2,1.2,1.2,1.2,1.2,1.2,1.2,1.2,1.2,1.2,1.2,1.2,1.2,1.2,1.2,1.2,1.2,1.2,1.2,1.2,1.2,1.2,1.2,1.2,1.2,1.2
0.1840,0.0891,1179,93.5,1.94,1052.2,1756.7,2770.8,3778.3,0.966,0.864,3.3,3.3,3.3,3.3,1.9,1.5,1.2,1.2,10.6,9.5,2.6,1.7,1.2,1.2,1.9,1.5,1.2,1.2,3.3,3.3,2.6,1.7,1.2,1.2,3.3,2,2.6,1.7,1.2,1.2,22.5,21.5,3.3,1.7,2.6,1.7,1.2,1.2,14.2,13.2,3.3,3.3,2.6,1.7,1.2,1.2,2.6,1.7,1.2,1.2,3.3,3.3,2.6,1.7,1.2,1.2,3.3,3.3,2.6,1.7,1.2,1.2,1.2,1.2,2.6,1.7,1.2,1.2,2.6,1.7,1.2,1.2,1.2,1.2,2.6,1.7,1.2,1.2,3.3,3.3,1.2,1.2,17.7,16.9,3.3,3.3,1.2,1.2,3.3,2,1.2,1.2,1.2,1.2,3.3,2,3.3,3.3,1.9,1.5,1.2,1.2,1.9,1.5,1.2,1.2,3.3,3.3,1.9,1.5,1.2,1.2,1.9,1.5,1.2,1.2,1.2,1.2,1.2,1.2,2.6,1.7,1.2,1.2,1.2,1.2,1.2,1.2,1.2,1.2,1.2,1.2,1.2,1.2,1.2,1.2,1.2,1.2,3.3,1.7,1.9,1.5,1.2,1.2,3.3,1.7,1.9,1.5,1.2,1.2,1.9,1.5,1.2,1.2,1.9,1.5,1.2,1.2,1.9,1.5,1.2,1.2,1.2,1.2,1.2,1.2,1.2,1.2,1.2,1.2,1.2,1.2,1.2,1.2,1.2,1.2,1.2,1.2,1.2,1.2,1.2,1.2,1.2,1.2,1.9,1.5,1.2,1.2,1.2,1.2,1.9,1.5,1.2,1.2,1.2,1.2,1.2,1.2,1.2,1.2,1.2,1.2,1.2,1.2,1.2,1.2,1.2,1.2,1.2,1.2,1.2,1.2,1.2,1.2,1.2,1.2,1.2,1.2,1.2,1.2,1.2,1.2,1.2,1.2,1.2,1.2,1.2,1.2,1.2,1.2,1.2,1.2,1.2,1.2,1.2,1.2,1.2,1.2,1.2,1.2
0.1870,0.0918,1195.6,93.5,1.93,1052.2,1756.7,2771,3780,0.965,0.861,3.3,3.3,3.3,3.3,1.9,1.5,1.2,1.2,10.6,9.5,2.6,1.7,1.2,1.2,1.9,1.5,1.2,1.2,3.3,3.3,2.6,1.7,1.2,1.2,3.3,2,2.6,1.7,1.2,1.2,22.5,21.6,3.3,1.7,2.6,1.7,1.2,1.2,14.2,13.2,3.3,3.3,2.6,1.7,1.2,1.2,2.6,1.7,1.2,1.2,3.3,3.3,2.6,1.7,1.2,1.2,3.3,3.3,2.6,1.7,1.2,1.2,1.2,1.2,2.6,1.7,1.2,1.2,2.6,1.7,1.2,1.2,1.2,1.2,2.6,1.7,1.2,1.2,3.3,3.3,1.2,1.2,17.8,17,3.3,3.3,1.2,1.2,3.3,2,1.2,1.2,1.2,1.2,3.3,2,3.3,3.3,1.9,1.5,1.2,1.2,1.9,1.5,1.2,1.2,3.3,3.3,1.9,1.5,1.2,1.2,1.9,1.5,1.2,1.2,1.2,1.2,1.2,1.2,2.6,1.7,1.2,1.2,1.2,1.2,1.2,1.2,1.2,1.2,1.2,1.2,1.2,1.2,1.2,1.2,1.2,1.2,3.3,1.7,1.9,1.5,1.2,1.2,3.3,1.7,1.9,1.5,1.2,1.2,1.9,1.5,1.2,1.2,1.9,1.5,1.2,1.2,1.9,1.5,1.2,1.2,1.2,1.2,1.2,1.2,1.2,1.2,1.2,1.2,1.2,1.2,1.2,1.2,1.2,1.2,1.2,1.2,1.2,1.2,1.2,1.2,1.2,1.2,1.9,1.5,1.2,1.2,1.2,1.2,1.9,1.5,1.2,1.2,1.2,1.2,1.2,1.2,1.2,1.2,1.2,1.2,1.2,1.2,1.2,1.2,1.2,1.2,1.2,1.2,1.2,1.2,1.2,1.2,1.2,1.2,1.2,1.2,1.2,1.2,1.2,1.2,1.2,1.2,1.2,1.2,1.2,1.2,1.2,1.2,1.2,1.2,1.2,1.2,1.2,1.2,1.2,1.2,1.2,1.2
0.1890,0.0937,1212.3,93.5,1.93,1052.2,1756.7,2771.3,3781.6,0.965,0.858,3.3,3.3,3.3,3.3,1.9,1.5,1.2,1.2,10.7,9.5,2.6,1.7,1.2,1.2,1.9,1.5,1.2,1.2,3.3,3.3,2.6,1.7,1.2,1.2,3.3,2,2.6,1.7,1.2,1.2,22.6,21.6,3.3,1.7,2.6,1.7,1.2,1.2,14.2,13.2,3.3,3.3,2.6,1.7,1.2,1.2,2.6,1.7,1.2,1.2,3.3,3.3,2.6,1.7,1.2,1.2,3.3,3.3,2.6,1.7,1.2,1.2,1.2,1.2,2.6,1.7,1.2,1.2,2.6,1.7,1.2,1.2,1.2,1.2,2.6,1.7,1.2,1.2,3.3,3.3,1.2,1.2,17.8,17,3.3,3.3,1.2,1.2,3.3,2,1.2,1.2,1.2,1.2,3.3,2,3.3,3.3,1.9,1.5,1.2,1.2,1.9,1.5,1.2,1.2,3.3,3.3,1.9,1.5,1.2,1.2,1.9,1.5,1.2,1.2,1.2,1.2,1.2,1.2,2.6,1.7,1.2,1.2,1.2,1.2,1.2,1.2,1.2,1.2,1.2,1.2,1.2,1.2,1.2,1.2,1.2,1.2,3.3,1.7,1.9,1.5,1.2,1.2,3.3,1.7,1.9,1.5,1.2,1.2,1.9,1.5,1.2,1.2,1.9,1.5,1.2,1.2,1.9,1.5,1.2,1.2,1.2,1.2,1.2,1.2,1.2,1.2,1.2,1.2,1.2,1.2,1.2,1.2,1.2,1.2,1.2,1.2,1.2,1.2,1.2,1.2,1.2,1.2,1.9,1.5,1.2,1.2,1.2,1.2,1.9,1.5,1.2,1.2,1.2,1.2,1.2,1.2,1.2,1.2,1.2,1.2,1.2,1.2,1.2,1.2,1.2,1.2,1.2,1.2,1.2,1.2,1.2,1.2,1.2,1.2,1.2,1.2,1.2,1.2,1.2,1.2,1.2,1.2,1.2,1.2,1.2,1.2,1.2,1.2,1.2,1.2,1.2,1.2,1.2,1.2,1.2,1.2,1.2,1.2
0.1920,0.0964,1229,93.5,1.93,1052.2,1756.7,2771.6,3783.3,0.964,0.855,3.3,3.3,3.3,3.3,1.9,1.5,1.2,1.2,10.7,9.6,2.6,1.7,1.2,1.2,1.9,1.5,1.2,1.2,3.3,3.3,2.6,1.7,1.2,1.2,3.3,2,2.6,1.7,1.2,1.2,22.7,21.7,3.3,1.7,2.6,1.7,1.2,1.2,14.3,13.3,3.3,3.3,2.6,1.7,1.2,1.2,2.6,1.7,1.2,1.2,3.3,3.3,2.6,1.7,1.2,1.2,3.3,3.3,2.6,1.7,1.2,1.2,1.2,1.2,2.6,1.7,1.2,1.2,2.6,1.7,1.2,1.2,1.2,1.2,2.6,1.7,1.2,1.2,3.3,3.3,1.2,1.2,17.9,17.1,3.3,3.3,1.2,1.2,3.3,2,1.2,1.2,1.2,1.2,3.3,2,3.3,3.3,1.9,1.5,1.2,1.2,1.9,1.5,1.2,1.2,3.3,3.3,1.9,1.5,1.2,1.2,1.9,1.5,1.2,1.2,1.2,1.2,1.2,1.2,2.6,1.7,1.2,1.2,1.2,1.2,1.2,1.2,1.2,1.2,1.2,1.2,1.2,1.2,1.2,1.2,1.2,1.2,3.3,1.7,1.9,1.5,1.2,1.2,3.3,1.7,1.9,1.5,1.2,1.2,1.9,1.5,1.2,1.2,1.9,1.5,1.2,1.2,1.9,1.5,1.2,1.2,1.2,1.2,1.2,1.2,1.2,1.2,1.2,1.2,1.2,1.2,1.2,1.2,1.2,1.2,1.2,1.2,1.2,1.2,1.2,1.2,1.2,1.2,1.9,1.5,1.2,1.2,1.2,1.2,1.9,1.5,1.2,1.2,1.2,1.2,1.2,1.2,1.2,1.2,1.2,1.2,1.2,1.2,1.2,1.2,1.2,1.2,1.2,1.2,1.2,1.2,1.2,1.2,1.2,1.2,1.2,1.2,1.2,1.2,1.2,1.2,1.2,1.2,1.2,1.2,1.2,1.2,1.2,1.2,1.2,1.2,1.2,1.2,1.2,1.2,1.2,1.2,1.2,1.2
0.1950,0.0992,1245.6,93.5,1.93,1052.2,1756.7,2771.8,3785,0.964,0.852,3.3,3.3,3.3,3.3,1.9,1.5,1.2,1.2,10.7,9.6,2.6,1.7,1.2,1.2,1.9,1.5,1.2,1.2,3.3,3.3,2.6,1.7,1.2,1.2,3.3,2,2.6,1.7,1.2,1.2,22.7,21.8,3.3,1.7,2.6,1.7,1.2,1.2,14.3,13.3,3.3,3.3,2.6,1.7,1.2,1.2,2.6,1.7,1.2,1.2,3.3,3.3,2.6,1.7,1.2,1.2,3.3,3.3,2.6,1.7,1.2,1.2,1.2,1.2,2.6,1.7,1.2,1.2,2.6,1.7,1.2,1.2,1.2,1.2,2.6,1.7,1.2,1.2,3.3,3.3,1.2,1.2,17.9,17.1,3.3,3.3,1.2,1.2,3.3,2,1.2,1.2,1.2,1.2,3.3,2,3.3,3.3,1.9,1.5,1.2,1.2,1.9,1.5,1.2,1.2,3.3,3.3,1.9,1.5,1.2,1.2,1.9,1.5,1.2,1.2,1.2,1.2,1.2,1.2,2.6,1.7,1.2,1.2,1.2,1.2,1.2,1.2,1.2,1.2,1.2,1.2,1.2,1.2,1.2,1.2,1.2,1.2,3.3,1.7,1.9,1.5,1.2,1.2,3.3,1.7,1.9,1.5,1.2,1.2,1.9,1.5,1.2,1.2,1.9,1.5,1.2,1.2,1.9,1.5,1.2,1.2,1.2,1.2,1.2,1.2,1.2,1.2,1.2,1.2,1.2,1.2,1.2,1.2,1.2,1.2,1.2,1.2,1.2,1.2,1.2,1.2,1.2,1.2,1.9,1.5,1.2,1.2,1.2,1.2,1.9,1.5,1.2,1.2,1.2,1.2,1.2,1.2,1.2,1.2,1.2,1.2,1.2,1.2,1.2,1.2,1.2,1.2,1.2,1.2,1.2,1.2,1.2,1.2,1.2,1.2,1.2,1.2,1.2,1.2,1.2,1.2,1.2,1.2,1.2,1.2,1.2,1.2,1.2,1.2,1.2,1.2,1.2,1.2,1.2,1.2,1.2,1.2,1.2,1.2
0.1970,0.1011,1262.3,93.5,1.93,1052.2,1756.7,2772.1,3786.8,0.963,0.849,3.3,3.3,3.3,3.3,1.9,1.5,1.2,1.2,10.7,9.6,2.6,1.7,1.2,1.2,1.9,1.5,1.2,1.2,3.3,3.3,2.6,1.7,1.2,1.2,3.3,2,2.6,1.7,1.2,1.2,22.8,21.8,3.3,1.7,2.6,1.7,1.2,1.2,14.3,13.3,3.3,3.3,2.6,1.7,1.2,1.2,2.6,1.7,1.2,1.2,3.3,3.3,2.6,1.7,1.2,1.2,3.3,3.3,2.6,1.7,1.2,1.2,1.2,1.2,2.6,1.7,1.2,1.2,2.6,1.7,1.2,1.2,1.2,1.2,2.6,1.7,1.2,1.2,3.3,3.3,1.2,1.2,18,17.1,3.3,3.3,1.2,1.2,3.3,2,1.2,1.2,1.2,1.2,3.3,2,3.3,3.3,1.9,1.5,1.2,1.2,1.9,1.5,1.2,1.2,3.3,3.3,1.9,1.5,1.2,1.2,1.9,1.5,1.2,1.2,1.2,1.2,1.2,1.2,2.6,1.7,1.2,1.2,1.2,1.2,1.2,1.2,1.2,1.2,1.2,1.2,1.2,1.2,1.2,1.2,1.2,1.2,3.3,1.7,1.9,1.5,1.2,1.2,3.3,1.7,1.9,1.5,1.2,1.2,1.9,1.5,1.2,1.2,1.9,1.5,1.2,1.2,1.9,1.5,1.2,1.2,1.2,1.2,1.2,1.2,1.2,1.2,1.2,1.2,1.2,1.2,1.2,1.2,1.2,1.2,1.2,1.2,1.2,1.2,1.2,1.2,1.2,1.2,1.9,1.5,1.2,1.2,1.2,1.2,1.9,1.5,1.2,1.2,1.2,1.2,1.2,1.2,1.2,1.2,1.2,1.2,1.2,1.2,1.2,1.2,1.2,1.2,1.2,1.2,1.2,1.2,1.2,1.2,1.2,1.2,1.2,1.2,1.2,1.2,1.2,1.2,1.2,1.2,1.2,1.2,1.2,1.2,1.2,1.2,1.2,1.2,1.2,1.2,1.2,1.2,1.2,1.2,1.2,1.2
0.2000,0.1040,1279,93.5,1.93,1052.2,1756.7,2772.4,3788.5,0.963,0.846,3.3,3.3,3.3,3.3,1.9,1.5,1.2,1.2,10.8,9.6,2.6,1.7,1.2,1.2,1.9,1.5,1.2,1.2,3.3,3.3,2.6,1.7,1.2,1.2,3.3,2,2.6,1.7,1.2,1.2,22.8,21.9,3.3,1.7,2.6,1.7,1.2,1.2,14.4,13.3,3.3,3.3,2.6,1.7,1.2,1.2,2.6,1.7,1.2,1.2,3.3,3.3,2.6,1.7,1.2,1.2,3.3,3.3,2.6,1.7,1.2,1.2,1.2,1.2,2.6,1.7,1.2,1.2,2.6,1.7,1.2,1.2,1.2,1.2,2.6,1.7,1.2,1.2,3.3,3.3,1.2,1.2,18,17.2,3.3,3.3,1.2,1.2,3.3,2,1.2,1.2,1.2,1.2,3.3,2,3.3,3.3,1.9,1.5,1.2,1.2,1.9,1.5,1.2,1.2,3.3,3.3,1.9,1.5,1.2,1.2,1.9,1.5,1.2,1.2,1.2,1.2,1.2,1.2,2.6,1.7,1.2,1.2,1.2,1.2,1.2,1.2,1.2,1.2,1.2,1.2,1.2,1.2,1.2,1.2,1.2,1.2,3.3,1.7,1.9,1.5,1.2,1.2,3.3,1.7,1.9,1.5,1.2,1.2,1.9,1.5,1.2,1.2,1.9,1.5,1.2,1.2,1.9,1.5,1.2,1.2,1.2,1.2,1.2,1.2,1.2,1.2,1.2,1.2,1.2,1.2,1.2,1.2,1.2,1.2,1.2,1.2,1.2,1.2,1.2,1.2,1.2,1.2,1.9,1.5,1.2,1.2,1.2,1.2,1.9,1.5,1.2,1.2,1.2,1.2,1.2,1.2,1.2,1.2,1.2,1.2,1.2,1.2,1.2,1.2,1.2,1.2,1.2,1.2,1.2,1.2,1.2,1.2,1.2,1.2,1.2,1.2,1.2,1.2,1.2,1.2,1.2,1.2,1.2,1.2,1.2,1.2,1.2,1.2,1.2,1.2,1.2,1.2,1.2,1.2,1.2,1.2,1.2,1.2
0.2020,0.1059,1301.3,93.5,1.93,1052.2,1756.7,2772.7,3790.3,0.962,0.843,3.3,3.3,3.3,3.3,1.9,1.5,1.2,1.2,10.8,9.7,2.6,1.7,1.2,1.2,1.9,1.5,1.2,1.2,3.3,3.3,2.6,1.7,1.2,1.2,3.3,2,2.6,1.7,1.2,1.2,22.9,21.9,3.3,1.7,2.6,1.7,1.2,1.2,14.4,13.4,3.3,3.3,2.6,1.7,1.2,1.2,2.6,1.7,1.2,1.2,3.3,3.3,2.6,1.7,1.2,1.2,3.3,3.3,2.6,1.7,1.2,1.2,1.2,1.2,2.6,1.7,1.2,1.2,2.6,1.7,1.2,1.2,1.2,1.2,2.6,1.7,1.2,1.2,3.3,3.3,1.2,1.2,18.1,17.2,3.3,3.3,1.2,1.2,3.3,2,1.2,1.2,1.2,1.2,3.3,2,3.3,3.3,1.9,1.5,1.2,1.2,1.9,1.5,1.2,1.2,3.3,3.3,1.9,1.5,1.2,1.2,1.9,1.5,1.2,1.2,1.2,1.2,1.2,1.2,2.6,1.7,1.2,1.2,1.2,1.2,1.2,1.2,1.2,1.2,1.2,1.2,1.2,1.2,1.2,1.2,1.2,1.2,3.3,1.7,1.9,1.5,1.2,1.2,3.3,1.7,1.9,1.5,1.2,1.2,1.9,1.5,1.2,1.2,1.9,1.5,1.2,1.2,1.9,1.5,1.2,1.2,1.2,1.2,1.2,1.2,1.2,1.2,1.2,1.2,1.2,1.2,1.2,1.2,1.2,1.2,1.2,1.2,1.2,1.2,1.2,1.2,1.2,1.2,1.9,1.5,1.2,1.2,1.2,1.2,1.9,1.5,1.2,1.2,1.2,1.2,1.2,1.2,1.2,1.2,1.2,1.2,1.2,1.2,1.2,1.2,1.2,1.2,1.2,1.2,1.2,1.2,1.2,1.2,1.2,1.2,1.2,1.2,1.2,1.2,1.2,1.2,1.2,1.2,1.2,1.2,1.2,1.2,1.2,1.2,1.2,1.2,1.2,1.2,1.2,1.2,1.2,1.2,1.2,1.2
0.2060,0.1098,1318.4,93.5,1.93,1052.2,1756.7,2773,3792.3,0.961,0.839,3.3,3.3,3.3,3.3,1.9,1.5,1.2,1.2,10.8,9.7,2.6,1.7,1.2,1.2,1.9,1.5,1.2,1.2,3.3,3.3,2.6,1.7,1.2,1.2,3.3,2,2.6,1.7,1.2,1.2,23,22,3.3,1.7,2.6,1.7,1.2,1.2,14.5,13.5,3.3,3.3,2.6,1.7,1.2,1.2,2.6,1.7,1.2,1.2,3.3,3.3,2.6,1.7,1.2,1.2,3.3,3.3,2.6,1.7,1.2,1.2,1.2,1.2,2.6,1.7,1.2,1.2,2.6,1.7,1.2,1.2,1.2,1.2,2.6,1.7,1.2,1.2,3.3,3.3,1.2,1.2,18.1,17.3,3.3,3.3,1.2,1.2,3.3,2,1.2,1.2,1.2,1.2,3.3,2,3.3,3.3,1.9,1.5,1.2,1.2,1.9,1.5,1.2,1.2,3.3,3.3,1.9,1.5,1.2,1.2,1.9,1.5,1.2,1.2,1.2,1.2,1.2,1.2,2.6,1.7,1.2,1.2,1.2,1.2,1.2,1.2,1.2,1.2,1.2,1.2,1.2,1.2,1.2,1.2,1.2,1.2,3.3,1.7,1.9,1.5,1.2,1.2,3.3,1.7,1.9,1.5,1.2,1.2,1.9,1.5,1.2,1.2,1.9,1.5,1.2,1.2,1.9,1.5,1.2,1.2,1.2,1.2,1.2,1.2,1.2,1.2,1.2,1.2,1.2,1.2,1.2,1.2,1.2,1.2,1.2,1.2,1.2,1.2,1.2,1.2,1.2,1.2,1.9,1.5,1.2,1.2,1.2,1.2,1.9,1.5,1.2,1.2,1.2,1.2,1.2,1.2,1.2,1.2,1.2,1.2,1.2,1.2,1.2,1.2,1.2,1.2,1.2,1.2,1.2,1.2,1.2,1.2,1.2,1.2,1.2,1.2,1.2,1.2,1.2,1.2,1.2,1.2,1.2,1.2,1.2,1.2,1.2,1.2,1.2,1.2,1.2,1.2,1.2,1.2,1.2,1.2,1.2,1.2
0.2090,0.1128,1340.8,93.5,1.93,1052.2,1756.7,2773.3,3794.2,0.961,0.836,3.3,3.3,3.3,3.3,1.9,1.5,1.2,1.2,10.9,9.7,2.6,1.7,1.2,1.2,1.9,1.5,1.2,1.2,3.3,3.3,2.6,1.7,1.2,1.2,3.3,2,2.6,1.7,1.2,1.2,23,22.1,3.3,1.7,2.6,1.7,1.2,1.2,14.5,13.5,3.3,3.3,2.6,1.7,1.2,1.2,2.6,1.7,1.2,1.2,3.3,3.3,2.6,1.7,1.2,1.2,3.3,3.3,2.6,1.7,1.2,1.2,1.2,1.2,2.6,1.7,1.2,1.2,2.6,1.7,1.2,1.2,1.2,1.2,2.6,1.7,1.2,1.2,3.3,3.3,1.2,1.2,18.2,17.3,3.3,3.3,1.2,1.2,3.3,2,1.2,1.2,1.2,1.2,3.3,2,3.3,3.3,1.9,1.5,1.2,1.2,1.9,1.5,1.2,1.2,3.3,3.3,1.9,1.5,1.2,1.2,1.9,1.5,1.2,1.2,1.2,1.2,1.2,1.2,2.6,1.7,1.2,1.2,1.2,1.2,1.2,1.2,1.2,1.2,1.2,1.2,1.2,1.2,1.2,1.2,1.2,1.2,3.3,1.7,1.9,1.5,1.2,1.2,3.3,1.7,1.9,1.5,1.2,1.2,1.9,1.5,1.2,1.2,1.9,1.5,1.2,1.2,1.9,1.5,1.2,1.2,1.2,1.2,1.2,1.2,1.2,1.2,1.2,1.2,1.2,1.2,1.2,1.2,1.2,1.2,1.2,1.2,1.2,1.2,1.2,1.2,1.2,1.2,1.9,1.5,1.2,1.2,1.2,1.2,1.9,1.5,1.2,1.2,1.2,1.2,1.2,1.2,1.2,1.2,1.2,1.2,1.2,1.2,1.2,1.2,1.2,1.2,1.2,1.2,1.2,1.2,1.2,1.2,1.2,1.2,1.2,1.2,1.2,1.2,1.2,1.2,1.2,1.2,1.2,1.2,1.2,1.2,1.2,1.2,1.2,1.2,1.2,1.2,1.2,1.2,1.2,1.2,1.2,1.2
0.2120,0.1158,1364.7,93.5,1.92,1052.2,1756.7,2773.6,3796.3,0.96,0.832,3.3,3.3,3.3,3.3,1.9,1.5,1.2,1.2,10.9,9.8,2.6,1.7,1.2,1.2,1.9,1.5,1.2,1.2,3.3,3.3,2.6,1.7,1.2,1.2,3.3,2,2.6,1.7,1.2,1.2,23.1,22.1,3.3,1.7,2.6,1.7,1.2,1.2,14.6,13.5,3.3,3.3,2.6,1.7,1.2,1.2,2.6,1.7,1.2,1.2,3.3,3.3,2.6,1.7,1.2,1.2,3.3,3.3,2.6,1.7,1.2,1.2,1.2,1.2,2.6,1.7,1.2,1.2,2.6,1.7,1.2,1.2,1.2,1.2,2.6,1.7,1.2,1.2,3.3,3.3,1.2,1.2,18.2,17.4,3.3,3.3,1.2,1.2,3.3,2,1.2,1.2,1.2,1.2,3.3,2,3.3,3.3,1.9,1.5,1.2,1.2,1.9,1.5,1.2,1.2,3.3,3.3,1.9,1.5,1.2,1.2,1.9,1.5,1.2,1.2,1.2,1.2,1.2,1.2,2.6,1.7,1.2,1.2,1.2,1.2,1.2,1.2,1.2,1.2,1.2,1.2,1.2,1.2,1.2,1.2,1.2,1.2,3.3,1.7,1.9,1.5,1.2,1.2,3.3,1.7,1.9,1.5,1.2,1.2,1.9,1.5,1.2,1.2,1.9,1.5,1.2,1.2,1.9,1.5,1.2,1.2,1.2,1.2,1.2,1.2,1.2,1.2,1.2,1.2,1.2,1.2,1.2,1.2,1.2,1.2,1.2,1.2,1.2,1.2,1.2,1.2,1.2,1.2,1.9,1.5,1.2,1.2,1.2,1.2,1.9,1.5,1.2,1.2,1.2,1.2,1.2,1.2,1.2,1.2,1.2,1.2,1.2,1.2,1.2,1.2,1.2,1.2,1.2,1.2,1.2,1.2,1.2,1.2,1.2,1.2,1.2,1.2,1.2,1.2,1.2,1.2,1.2,1.2,1.2,1.2,1.2,1.2,1.2,1.2,1.2,1.2,1.2,1.2,1.2,1.2,1.2,1.2,1.2,1.2
0.2160,0.1198,1379.6,93.5,1.92,1052.2,1756.7,2774,3798.6,0.959,0.827,3.3,3.3,3.3,3.3,1.9,1.5,1.2,1.2,10.9,9.8,2.6,1.7,1.2,1.2,1.9,1.5,1.2,1.2,3.3,3.3,2.6,1.7,1.2,1.2,3.3,2,2.6,1.7,1.2,1.2,23.2,22.2,3.3,1.7,2.6,1.7,1.2,1.2,14.6,13.6,3.3,3.3,2.6,1.7,1.2,1.2,2.6,1.7,1.2,1.2,3.3,3.3,2.6,1.7,1.2,1.2,3.3,3.3,2.6,1.7,1.2,1.2,1.2,1.2,2.6,1.7,1.2,1.2,2.6,1.7,1.2,1.2,1.2,1.2,2.6,1.7,1.2,1.2,3.3,3.3,1.2,1.2,18.3,17.5,3.3,3.3,1.2,1.2,3.3,2,1.2,1.2,1.2,1.2,3.3,2,3.3,3.3,1.9,1.5,1.2,1.2,1.9,1.5,1.2,1.2,3.3,3.3,1.9,1.5,1.2,1.2,1.9,1.5,1.2,1.2,1.2,1.2,1.2,1.2,2.6,1.7,1.2,1.2,1.2,1.2,1.2,1.2,1.2,1.2,1.2,1.2,1.2,1.2,1.2,1.2,1.2,1.2,3.3,1.7,1.9,1.5,1.2,1.2,3.3,1.7,1.9,1.5,1.2,1.2,1.9,1.5,1.2,1.2,1.9,1.5,1.2,1.2,1.9,1.5,1.2,1.2,1.2,1.2,1.2,1.2,1.2,1.2,1.2,1.2,1.2,1.2,1.2,1.2,1.2,1.2,1.2,1.2,1.2,1.2,1.2,1.2,1.2,1.2,1.9,1.5,1.2,1.2,1.2,1.2,1.9,1.5,1.2,1.2,1.2,1.2,1.2,1.2,1.2,1.2,1.2,1.2,1.2,1.2,1.2,1.2,1.2,1.2,1.2,1.2,1.2,1.2,1.2,1.2,1.2,1.2,1.2,1.2,1.2,1.2,1.2,1.2,1.2,1.2,1.2,1.2,1.2,1.2,1.2,1.2,1.2,1.2,1.2,1.2,1.2,1.2,1.2,1.2,1.2,1.2
0.2180,0.1219,1399.2,93.5,1.92,1052.2,1756.7,2774.3,3800.8,0.958,0.825,3.3,3.3,3.3,3.3,1.9,1.5,1.2,1.2,11,9.8,2.6,1.7,1.2,1.2,1.9,1.5,1.2,1.2,3.3,3.3,2.6,1.7,1.2,1.2,3.3,2,2.6,1.7,1.2,1.2,23.3,22.2,3.3,1.7,2.6,1.7,1.2,1.2,14.7,13.6,3.3,3.3,2.6,1.7,1.2,1.2,2.6,1.7,1.2,1.2,3.3,3.3,2.6,1.7,1.2,1.2,3.3,3.3,2.6,1.7,1.2,1.2,1.2,1.2,2.6,1.7,1.2,1.2,2.6,1.7,1.2,1.2,1.2,1.2,2.6,1.7,1.2,1.2,3.3,3.3,1.2,1.2,18.3,17.5,3.3,3.3,1.2,1.2,3.3,2,1.2,1.2,1.2,1.2,3.3,2,3.3,3.3,1.9,1.5,1.2,1.2,1.9,1.5,1.2,1.2,3.3,3.3,1.9,1.5,1.2,1.2,1.9,1.5,1.2,1.2,1.2,1.2,1.2,1.2,2.6,1.7,1.2,1.2,1.2,1.2,1.2,1.2,1.2,1.2,1.2,1.2,1.2,1.2,1.2,1.2,1.2,1.2,3.3,1.7,1.9,1.5,1.2,1.2,3.3,1.7,1.9,1.5,1.2,1.2,1.9,1.5,1.2,1.2,1.9,1.5,1.2,1.2,1.9,1.5,1.2,1.2,1.2,1.2,1.2,1.2,1.2,1.2,1.2,1.2,1.2,1.2,1.2,1.2,1.2,1.2,1.2,1.2,1.2,1.2,1.2,1.2,1.2,1.2,1.9,1.5,1.2,1.2,1.2,1.2,1.9,1.5,1.2,1.2,1.2,1.2,1.2,1.2,1.2,1.2,1.2,1.2,1.2,1.2,1.2,1.2,1.2,1.2,1.2,1.2,1.2,1.2,1.2,1.2,1.2,1.2,1.2,1.2,1.2,1.2,1.2,1.2,1.2,1.2,1.2,1.2,1.2,1.2,1.2,1.2,1.2,1.2,1.2,1.2,1.2,1.2,1.2,1.2,1.2,1.2
0.2210,0.1249,1416.8,93.5,1.92,1052.2,1756.7,2754,3782.4,0.958,0.821,3.3,3.3,3.3,3.3,1.9,1.5,1.2,1.2,11,9.9,2.6,1.7,1.2,1.2,1.9,1.5,1.2,1.2,3.3,3.3,2.6,1.7,1.2,1.2,3.3,2,2.6,1.7,1.2,1.2,23.3,22.2,3.3,1.7,2.6,1.7,1.2,1.2,14.7,13.7,3.3,3.3,2.6,1.7,1.2,1.2,2.6,1.7,1.2,1.2,3.3,3.3,2.6,1.7,1.2,1.2,3.3,3.3,2.6,1.7,1.2,1.2,1.2,1.2,2.6,1.7,1.2,1.2,2.6,1.7,1.2,1.2,1.2,1.2,2.6,1.7,1.2,1.2,3.3,3.3,1.2,1.2,18.4,17.6,3.3,3.3,1.2,1.2,3.3,2,1.2,1.2,1.2,1.2,3.3,2,3.3,3.3,1.9,1.5,1.2,1.2,1.9,1.5,1.2,1.2,3.3,3.3,1.9,1.5,1.2,1.2,1.9,1.5,1.2,1.2,1.2,1.2,1.2,1.2,2.6,1.7,1.2,1.2,1.2,1.2,1.2,1.2,1.2,1.2,1.2,1.2,1.2,1.2,1.2,1.2,1.2,1.2,3.3,1.7,1.9,1.5,1.2,1.2,3.3,1.7,1.9,1.5,1.2,1.2,1.9,1.5,1.2,1.2,1.9,1.5,1.2,1.2,1.9,1.5,1.2,1.2,1.2,1.2,1.2,1.2,1.2,1.2,1.2,1.2,1.2,1.2,1.2,1.2,1.2,1.2,1.2,1.2,1.2,1.2,1.2,1.2,1.2,1.2,1.9,1.5,1.2,1.2,1.2,1.2,1.9,1.5,1.2,1.2,1.2,1.2,1.2,1.2,1.2,1.2,1.2,1.2,1.2,1.2,1.2,1.2,1.2,1.2,1.2,1.2,1.2,1.2,1.2,1.2,1.2,1.2,1.2,1.2,1.2,1.2,1.2,1.2,1.2,1.2,1.2,1.2,1.2,1.2,1.2,1.2,1.2,1.2,1.2,1.2,1.2,1.2,1.2,1.2,1.2,1.2
0.2240,0.1280,1430.5,93.5,1.92,1052.2,1756.7,2739.2,3769.4,0.957,0.818,3.3,3.3,3.3,3.3,1.9,1.5,1.2,1.2,11,9.9,2.6,1.7,1.2,1.2,1.9,1.5,1.2,1.2,3.3,3.3,2.6,1.7,1.2,1.2,3.3,2,2.6,1.7,1.2,1.2,23.4,22.4,3.3,1.7,2.6,1.7,1.2,1.2,14.7,13.7,3.3,3.3,2.6,1.7,1.2,1.2,2.6,1.7,1.2,1.2,3.3,3.3,2.6,1.7,1.2,1.2,3.3,3.3,2.6,1.7,1.2,1.2,1.2,1.2,2.6,1.7,1.2,1.2,2.6,1.7,1.2,1.2,1.2,1.2,2.6,1.7,1.2,1.2,3.3,3.3,1.2,1.2,18.5,17.6,3.3,3.3,1.2,1.2,3.3,2,1.2,1.2,1.2,1.2,3.3,2,3.3,3.3,1.9,1.5,1.2,1.2,1.9,1.5,1.2,1.2,3.3,3.3,1.9,1.5,1.2,1.2,1.9,1.5,1.2,1.2,1.2,1.2,1.2,1.2,2.6,1.7,1.2,1.2,1.2,1.2,1.2,1.2,1.2,1.2,1.2,1.2,1.2,1.2,1.2,1.2,1.2,1.2,3.3,1.7,1.9,1.5,1.2,1.2,3.3,1.7,1.9,1.5,1.2,1.2,1.9,1.5,1.2,1.2,1.9,1.5,1.2,1.2,1.9,1.5,1.2,1.2,1.2,1.2,1.2,1.2,1.2,1.2,1.2,1.2,1.2,1.2,1.2,1.2,1.2,1.2,1.2,1.2,1.2,1.2,1.2,1.2,1.2,1.2,1.9,1.5,1.2,1.2,1.2,1.2,1.9,1.5,1.2,1.2,1.2,1.2,1.2,1.2,1.2,1.2,1.2,1.2,1.2,1.2,1.2,1.2,1.2,1.2,1.2,1.2,1.2,1.2,1.2,1.2,1.2,1.2,1.2,1.2,1.2,1.2,1.2,1.2,1.2,1.2,1.2,1.2,1.2,1.2,1.2,1.2,1.2,1.2,1.2,1.2,1.2,1.2,1.2,1.2,1.2,1.2
0.2260,0.1301,1446.1,93.5,1.92,1052.2,1756.7,2728.5,3760.5,0.956,0.816,3.3,3.3,3.3,3.3,1.9,1.5,1.2,1.2,11.1,9.9,2.6,1.7,1.2,1.2,1.9,1.5,1.2,1.2,3.3,3.3,2.6,1.7,1.2,1.2,3.3,2,2.6,1.7,1.2,1.2,23.5,22.5,3.3,1.7,2.6,1.7,1.2,1.2,14.8,13.8,3.3,3.3,2.6,1.7,1.2,1.2,2.6,1.7,1.2,1.2,3.3,3.3,2.6,1.7,1.2,1.2,3.3,3.3,2.6,1.7,1.2,1.2,1.2,1.2,2.6,1.7,1.2,1.2,2.6,1.7,1.2,1.2,1.2,1.2,2.6,1.7,1.2,1.2,3.3,3.3,1.2,1.2,18.5,17.7,3.3,3.3,1.2,1.2,3.3,2,1.2,1.2,1.2,1.2,3.3,2,3.3,3.3,1.9,1.5,1.2,1.2,1.9,1.5,1.2,1.2,3.3,3.3,1.9,1.5,1.2,1.2,1.9,1.5,1.2,1.2,1.2,1.2,1.2,1.2,2.6,1.7,1.2,1.2,1.2,1.2,1.2,1.2,1.2,1.2,1.2,1.2,1.2,1.2,1.2,1.2,1.2,1.2,3.3,1.7,1.9,1.5,1.2,1.2,3.3,1.7,1.9,1.5,1.2,1.2,1.9,1.5,1.2,1.2,1.9,1.5,1.2,1.2,1.9,1.5,1.2,1.2,1.2,1.2,1.2,1.2,1.2,1.2,1.2,1.2,1.2,1.2,1.2,1.2,1.2,1.2,1.2,1.2,1.2,1.2,1.2,1.2,1.2,1.2,1.9,1.5,1.2,1.2,1.2,1.2,1.9,1.5,1.2,1.2,1.2,1.2,1.2,1.2,1.2,1.2,1.2,1.2,1.2,1.2,1.2,1.2,1.2,1.2,1.2,1.2,1.2,1.2,1.2,1.2,1.2,1.2,1.2,1.2,1.2,1.2,1.2,1.2,1.2,1.2,1.2,1.2,1.2,1.2,1.2,1.2,1.2,1.2,1.2,1.2,1.2,1.2,1.2,1.2,1.2,1.2
0.2290,0.1333,1462.5,93.5,1.92,1052.2,1756.7,2720.9,3754.5,0.956,0.813,3.3,3.3,3.3,3.3,1.9,1.5,1.2,1.2,11.1,10,2.6,1.7,1.2,1.2,1.9,1.5,1.2,1.2,3.3,3.3,2.6,1.7,1.2,1.2,3.3,2,2.6,1.7,1.2,1.2,23.5,22.5,3.3,1.7,2.6,1.7,1.2,1.2,14.8,13.8,3.3,3.3,2.6,1.7,1.2,1.2,2.6,1.7,1.2,1.2,3.3,3.3,2.6,1.7,1.2,1.2,3.3,3.3,2.6,1.7,1.2,1.2,1.2,1.2,2.6,1.7,1.2,1.2,2.6,1.7,1.2,1.2,1.2,1.2,2.6,1.7,1.2,1.2,3.3,3.3,1.2,1.2,18.5,17.7,3.3,3.3,1.2,1.2,3.3,2,1.2,1.2,1.2,1.2,3.3,2,3.3,3.3,1.9,1.5,1.2,1.2,1.9,1.5,1.2,1.2,3.3,3.3,1.9,1.5,1.2,1.2,1.9,1.5,1.2,1.2,1.2,1.2,1.2,1.2,2.6,1.7,1.2,1.2,1.2,1.2,1.2,1.2,1.2,1.2,1.2,1.2,1.2,1.2,1.2,1.2,1.2,1.2,3.3,1.7,1.9,1.5,1.2,1.2,3.3,1.7,1.9,1.5,1.2,1.2,1.9,1.5,1.2,1.2,1.9,1.5,1.2,1.2,1.9,1.5,1.2,1.2,1.2,1.2,1.2,1.2,1.2,1.2,1.2,1.2,1.2,1.2,1.2,1.2,1.2,1.2,1.2,1.2,1.2,1.2,1.2,1.2,1.2,1.2,1.9,1.5,1.2,1.2,1.2,1.2,1.9,1.5,1.2,1.2,1.2,1.2,1.2,1.2,1.2,1.2,1.2,1.2,1.2,1.2,1.2,1.2,1.2,1.2,1.2,1.2,1.2,1.2,1.2,1.2,1.2,1.2,1.2,1.2,1.2,1.2,1.2,1.2,1.2,1.2,1.2,1.2,1.2,1.2,1.2,1.2,1.2,1.2,1.2,1.2,1.2,1.2,1.2,1.2,1.2,1.2
0.2310,0.1354,1479.2,93.5,1.92,1052.2,1756.7,2715.6,3751,0.955,0.81,3.3,3.3,3.3,3.3,1.9,1.5,1.2,1.2,11.1,9.9,2.6,1.7,1.2,1.2,1.9,1.5,1.2,1.2,3.3,3.3,2.6,1.7,1.2,1.2,3.3,2,2.6,1.7,1.2,1.2,23.6,22.6,3.3,1.7,2.6,1.7,1.2,1.2,14.9,13.8,3.3,3.3,2.6,1.7,1.2,1.2,2.6,1.7,1.2,1.2,3.3,3.3,2.6,1.7,1.2,1.2,3.3,3.3,2.6,1.7,1.2,1.2,1.2,1.2,2.6,1.7,1.2,1.2,2.6,1.7,1.2,1.2,1.2,1.2,2.6,1.7,1.2,1.2,3.3,3.3,1.2,1.2,18.6,17.6,3.3,3.3,1.2,1.2,3.3,2,1.2,1.2,1.2,1.2,3.3,2,3.3,3.3,1.9,1.5,1.2,1.2,1.9,1.5,1.2,1.2,3.3,3.3,1.9,1.5,1.2,1.2,1.9,1.5,1.2,1.2,1.2,1.2,1.2,1.2,2.6,1.7,1.2,1.2,1.2,1.2,1.2,1.2,1.2,1.2,1.2,1.2,1.2,1.2,1.2,1.2,1.2,1.2,3.3,1.7,1.9,1.5,1.2,1.2,3.3,1.7,1.9,1.5,1.2,1.2,1.9,1.5,1.2,1.2,1.9,1.5,1.2,1.2,1.9,1.5,1.2,1.2,1.2,1.2,1.2,1.2,1.2,1.2,1.2,1.2,1.2,1.2,1.2,1.2,1.2,1.2,1.2,1.2,1.2,1.2,1.2,1.2,1.2,1.2,1.9,1.5,1.2,1.2,1.2,1.2,1.9,1.5,1.2,1.2,1.2,1.2,1.2,1.2,1.2,1.2,1.2,1.2,1.2,1.2,1.2,1.2,1.2,1.2,1.2,1.2,1.2,1.2,1.2,1.2,1.2,1.2,1.2,1.2,1.2,1.2,1.2,1.2,1.2,1.2,1.2,1.2,1.2,1.2,1.2,1.2,1.2,1.2,1.2,1.2,1.2,1.2,1.2,1.2,1.2,1.2
0.2340,0.1386,1495.9,93.5,1.92,1052.2,1756.7,2712,3749.2,0.955,0.807,3.3,3.3,3.3,3.3,1.9,1.5,1.2,1.2,11.1,9.9,2.6,1.7,1.2,1.2,1.9,1.5,1.2,1.2,3.3,3.3,2.6,1.7,1.2,1.2,3.3,2,2.6,1.7,1.2,1.2,23.6,22.7,3.3,1.7,2.6,1.7,1.2,1.2,14.9,13.9,3.3,3.3,2.6,1.7,1.2,1.2,2.6,1.7,1.2,1.2,3.3,3.3,2.6,1.7,1.2,1.2,3.3,3.3,2.6,1.7,1.2,1.2,1.2,1.2,2.6,1.7,1.2,1.2,2.6,1.7,1.2,1.2,1.2,1.2,2.6,1.7,1.2,1.2,3.3,3.3,1.2,1.2,18.6,17.9,3.3,3.3,1.2,1.2,3.3,2,1.2,1.2,1.2,1.2,3.3,2,3.3,3.3,1.9,1.5,1.2,1.2,1.9,1.5,1.2,1.2,3.3,3.3,1.9,1.5,1.2,1.2,1.9,1.5,1.2,1.2,1.2,1.2,1.2,1.2,2.6,1.7,1.2,1.2,1.2,1.2,1.2,1.2,1.2,1.2,1.2,1.2,1.2,1.2,1.2,1.2,1.2,1.2,3.3,1.7,1.9,1.5,1.2,1.2,3.3,1.7,1.9,1.5,1.2,1.2,1.9,1.5,1.2,1.2,1.9,1.5,1.2,1.2,1.9,1.5,1.2,1.2,1.2,1.2,1.2,1.2,1.2,1.2,1.2,1.2,1.2,1.2,1.2,1.2,1.2,1.2,1.2,1.2,1.2,1.2,1.2,1.2,1.2,1.2,1.9,1.5,1.2,1.2,1.2,1.2,1.9,1.5,1.2,1.2,1.2,1.2,1.2,1.2,1.2,1.2,1.2,1.2,1.2,1.2,1.2,1.2,1.2,1.2,1.2,1.2,1.2,1.2,1.2,1.2,1.2,1.2,1.2,1.2,1.2,1.2,1.2,1.2,1.2,1.2,1.2,1.2,1.2,1.2,1.2,1.2,1.2,1.2,1.2,1.2,1.2,1.2,1.2,1.2,1.2,1.2
0.2360,0.1408,1512.5,93.5,1.92,1052.2,1756.7,2709.8,3748.8,0.954,0.804,3.3,3.3,3.3,3.3,1.9,1.5,1.2,1.2,11.2,10,2.6,1.7,1.2,1.2,1.9,1.5,1.2,1.2,3.3,3.3,2.6,1.7,1.2,1.2,3.3,2,2.6,1.7,1.2,1.2,23.7,22.7,3.3,1.7,2.6,1.7,1.2,1.2,14.9,13.9,3.3,3.3,2.6,1.7,1.2,1.2,2.6,1.7,1.2,1.2,3.3,3.3,2.6,1.7,1.2,1.2,3.3,3.3,2.6,1.7,1.2,1.2,1.2,1.2,2.6,1.7,1.2,1.2,2.6,1.7,1.2,1.2,1.2,1.2,2.6,1.7,1.2,1.2,3.3,3.3,1.2,1.2,18.7,17.9,3.3,3.3,1.2,1.2,3.3,2,1.2,1.2,1.2,1.2,3.3,2,3.3,3.3,1.9,1.5,1.2,1.2,1.9,1.5,1.2,1.2,3.3,3.3,1.9,1.5,1.2,1.2,1.9,1.5,1.2,1.2,1.2,1.2,1.2,1.2,2.6,1.7,1.2,1.2,1.2,1.2,1.2,1.2,1.2,1.2,1.2,1.2,1.2,1.2,1.2,1.2,1.2,1.2,3.3,1.7,1.9,1.5,1.2,1.2,3.3,1.7,1.9,1.5,1.2,1.2,1.9,1.5,1.2,1.2,1.9,1.5,1.2,1.2,1.9,1.5,1.2,1.2,1.2,1.2,1.2,1.2,1.2,1.2,1.2,1.2,1.2,1.2,1.2,1.2,1.2,1.2,1.2,1.2,1.2,1.2,1.2,1.2,1.2,1.2,1.9,1.5,1.2,1.2,1.2,1.2,1.9,1.5,1.2,1.2,1.2,1.2,1.2,1.2,1.2,1.2,1.2,1.2,1.2,1.2,1.2,1.2,1.2,1.2,1.2,1.2,1.2,1.2,1.2,1.2,1.2,1.2,1.2,1.2,1.2,1.2,1.2,1.2,1.2,1.2,1.2,1.2,1.2,1.2,1.2,1.2,1.2,1.2,1.2,1.2,1.2,1.2,1.2,1.2,1.2,1.2
0.2390,0.1441,1529.4,93.5,1.91,1052.2,1756.7,2708.6,3749.4,0.953,0.801,3.3,3.3,3.3,3.3,1.9,1.5,1.2,1.2,11.2,10,2.6,1.7,1.2,1.2,1.9,1.5,1.2,1.2,3.3,3.3,2.6,1.7,1.2,1.2,3.3,2,2.6,1.7,1.2,1.2,23.8,22.8,3.3,1.7,2.6,1.7,1.2,1.2,15,14,3.3,3.3,2.6,1.7,1.2,1.2,2.6,1.7,1.2,1.2,3.3,3.3,2.6,1.7,1.2,1.2,3.3,3.3,2.6,1.7,1.2,1.2,1.2,1.2,2.6,1.7,1.2,1.2,2.6,1.7,1.2,1.2,1.2,1.2,2.6,1.7,1.2,1.2,3.3,3.3,1.2,1.2,18.8,18,3.3,3.3,1.2,1.2,3.3,2,1.2,1.2,1.2,1.2,3.3,2,3.3,3.3,1.9,1.5,1.2,1.2,1.9,1.5,1.2,1.2,3.3,3.3,1.9,1.5,1.2,1.2,1.9,1.5,1.2,1.2,1.2,1.2,1.2,1.2,2.6,1.7,1.2,1.2,1.2,1.2,1.2,1.2,1.2,1.2,1.2,1.2,1.2,1.2,1.2,1.2,1.2,1.2,3.3,1.7,1.9,1.5,1.2,1.2,3.3,1.7,1.9,1.5,1.2,1.2,1.9,1.5,1.2,1.2,1.9,1.5,1.2,1.2,1.9,1.5,1.2,1.2,1.2,1.2,1.2,1.2,1.2,1.2,1.2,1.2,1.2,1.2,1.2,1.2,1.2,1.2,1.2,1.2,1.2,1.2,1.2,1.2,1.2,1.2,1.9,1.5,1.2,1.2,1.2,1.2,1.9,1.5,1.2,1.2,1.2,1.2,1.2,1.2,1.2,1.2,1.2,1.2,1.2,1.2,1.2,1.2,1.2,1.2,1.2,1.2,1.2,1.2,1.2,1.2,1.2,1.2,1.2,1.2,1.2,1.2,1.2,1.2,1.2,1.2,1.2,1.2,1.2,1.2,1.2,1.2,1.2,1.2,1.2,1.2,1.2,1.2,1.2,1.2,1.2,1.2
0.2420,0.1473,1546,93.5,1.91,1052.2,1756.7,2708.2,3750.7,0.953,0.798,3.3,3.3,3.3,3.3,1.9,1.5,1.2,1.2,11.2,10,2.6,1.7,1.2,1.2,1.9,1.5,1.2,1.2,3.3,3.3,2.6,1.7,1.2,1.2,3.3,2,2.6,1.7,1.2,1.2,23.8,22.9,3.3,1.7,2.6,1.7,1.2,1.2,15,14,3.3,3.3,2.6,1.7,1.2,1.2,2.6,1.7,1.2,1.2,3.3,3.3,2.6,1.7,1.2,1.2,3.3,3.3,2.6,1.7,1.2,1.2,1.2,1.2,2.6,1.7,1.2,1.2,2.6,1.7,1.2,1.2,1.2,1.2,2.6,1.7,1.2,1.2,3.3,3.3,1.2,1.2,18.8,18,3.3,3.3,1.2,1.2,3.3,2,1.2,1.2,1.2,1.2,3.3,2,3.3,3.3,1.9,1.5,1.2,1.2,1.9,1.5,1.2,1.2,3.3,3.3,1.9,1.5,1.2,1.2,1.9,1.5,1.2,1.2,1.2,1.2,1.2,1.2,2.6,1.7,1.2,1.2,1.2,1.2,1.2,1.2,1.2,1.2,1.2,1.2,1.2,1.2,1.2,1.2,1.2,1.2,3.3,1.7,1.9,1.5,1.2,1.2,3.3,1.7,1.9,1.5,1.2,1.2,1.9,1.5,1.2,1.2,1.9,1.5,1.2,1.2,1.9,1.5,1.2,1.2,1.2,1.2,1.2,1.2,1.2,1.2,1.2,1.2,1.2,1.2,1.2,1.2,1.2,1.2,1.2,1.2,1.2,1.2,1.2,1.2,1.2,1.2,1.9,1.5,1.2,1.2,1.2,1.2,1.9,1.5,1.2,1.2,1.2,1.2,1.2,1.2,1.2,1.2,1.2,1.2,1.2,1.2,1.2,1.2,1.2,1.2,1.2,1.2,1.2,1.2,1.2,1.2,1.2,1.2,1.2,1.2,1.2,1.2,1.2,1.2,1.2,1.2,1.2,1.2,1.2,1.2,1.2,1.2,1.2,1.2,1.2,1.2,1.2,1.2,1.2,1.2,1.2,1.2
0.2440,0.1496,1562.8,93.5,1.91,1052.2,1756.7,2708.4,3752.7,0.952,0.795,3.3,3.3,3.3,3.3,1.9,1.5,1.2,1.2,11.3,10,2.6,1.7,1.2,1.2,1.9,1.5,1.2,1.2,3.3,3.3,2.6,1.7,1.2,1.2,3.3,2,2.6,1.7,1.2,1.2,23.9,22.9,3.3,1.7,2.6,1.7,1.2,1.2,15.1,14,3.3,3.3,2.6,1.7,1.2,1.2,2.6,1.7,1.2,1.2,3.3,3.3,2.6,1.7,1.2,1.2,3.3,3.3,2.6,1.7,1.2,1.2,1.2,1.2,2.6,1.7,1.2,1.2,2.6,1.7,1.2,1.2,1.2,1.2,2.6,1.7,1.2,1.2,3.3,3.3,1.2,1.2,18.9,18.1,3.3,3.3,1.2,1.2,3.3,2,1.2,1.2,1.2,1.2,3.3,2,3.3,3.3,1.9,1.5,1.2,1.2,1.9,1.5,1.2,1.2,3.3,3.3,1.9,1.5,1.2,1.2,1.9,1.5,1.2,1.2,1.2,1.2,1.2,1.2,2.6,1.7,1.2,1.2,1.2,1.2,1.2,1.2,1.2,1.2,1.2,1.2,1.2,1.2,1.2,1.2,1.2,1.2,3.3,1.7,1.9,1.5,1.2,1.2,3.3,1.7,1.9,1.5,1.2,1.2,1.9,1.5,1.2,1.2,1.9,1.5,1.2,1.2,1.9,1.5,1.2,1.2,1.2,1.2,1.2,1.2,1.2,1.2,1.2,1.2,1.2,1.2,1.2,1.2,1.2,1.2,1.2,1.2,1.2,1.2,1.2,1.2,1.2,1.2,1.9,1.5,1.2,1.2,1.2,1.2,1.9,1.5,1.2,1.2,1.2,1.2,1.2,1.2,1.2,1.2,1.2,1.2,1.2,1.2,1.2,1.2,1.2,1.2,1.2,1.2,1.2,1.2,1.2,1.2,1.2,1.2,1.2,1.2,1.2,1.2,1.2,1.2,1.2,1.2,1.2,1.2,1.2,1.2,1.2,1.2,1.2,1.2,1.2,1.2,1.2,1.2,1.2,1.2,1.2,1.2
0.2470,0.1529,1579.2,93.5,1.91,1052.2,1756.7,2708.9,3755.1,0.951,0.792,3.3,3.3,3.3,3.3,1.9,1.5,1.2,1.2,11.3,10.1,2.6,1.7,1.2,1.2,1.9,1.5,1.2,1.2,3.3,3.3,2.6,1.7,1.2,1.2,3.3,2,2.6,1.7,1.2,1.2,24,23,3.3,1.7,2.6,1.7,1.2,1.2,15.1,14.1,3.3,3.3,2.6,1.7,1.2,1.2,2.6,1.7,1.2,1.2,3.3,3.3,2.6,1.7,1.2,1.2,3.3,3.3,2.6,1.7,1.2,1.2,1.2,1.2,2.6,1.7,1.2,1.2,2.6,1.7,1.2,1.2,1.2,1.2,2.6,1.7,1.2,1.2,3.3,3.3,1.2,1.2,18.9,18.1,3.3,3.3,1.2,1.2,3.3,2,1.2,1.2,1.2,1.2,3.3,2,3.3,3.3,1.9,1.5,1.2,1.2,1.9,1.5,1.2,1.2,3.3,3.3,1.9,1.5,1.2,1.2,1.9,1.5,1.2,1.2,1.2,1.2,1.2,1.2,2.6,1.7,1.2,1.2,1.2,1.2,1.2,1.2,1.2,1.2,1.2,1.2,1.2,1.2,1.2,1.2,1.2,1.2,3.3,1.7,1.9,1.5,1.2,1.2,3.3,1.7,1.9,1.5,1.2,1.2,1.9,1.5,1.2,1.2,1.9,1.5,1.2,1.2,1.9,1.5,1.2,1.2,1.2,1.2,1.2,1.2,1.2,1.2,1.2,1.2,1.2,1.2,1.2,1.2,1.2,1.2,1.2,1.2,1.2,1.2,1.2,1.2,1.2,1.2,1.9,1.5,1.2,1.2,1.2,1.2,1.9,1.5,1.2,1.2,1.2,1.2,1.2,1.2,1.2,1.2,1.2,1.2,1.2,1.2,1.2,1.2,1.2,1.2,1.2,1.2,1.2,1.2,1.2,1.2,1.2,1.2,1.2,1.2,1.2,1.2,1.2,1.2,1.2,1.2,1.2,1.2,1.2,1.2,1.2,1.2,1.2,1.2,1.2,1.2,1.2,1.2,1.2,1.2,1.2,1.2
0.2490,0.1551,1596,93.5,1.91,1052.2,1756.7,2709.8,3757.9,0.951,0.789,3.3,3.3,3.3,3.3,1.9,1.5,1.2,1.2,11.3,10.1,2.6,1.7,1.2,1.2,1.9,1.5,1.2,1.2,3.3,3.3,2.6,1.7,1.2,1.2,3.3,2,2.6,1.7,1.2,1.2,24,23,3.3,1.7,2.6,1.7,1.2,1.2,15.1,14.1,3.3,3.3,2.6,1.7,1.2,1.2,2.6,1.7,1.2,1.2,3.3,3.3,2.6,1.7,1.2,1.2,3.3,3.3,2.6,1.7,1.2,1.2,1.2,1.2,2.6,1.7,1.2,1.2,2.6,1.7,1.2,1.2,1.2,1.2,2.6,1.7,1.2,1.2,3.3,3.3,1.2,1.2,19,18.2,3.3,3.3,1.2,1.2,3.3,2,1.2,1.2,1.2,1.2,3.3,2,3.3,3.3,1.9,1.5,1.2,1.2,1.9,1.5,1.2,1.2,3.3,3.3,1.9,1.5,1.2,1.2,1.9,1.5,1.2,1.2,1.2,1.2,1.2,1.2,2.6,1.7,1.2,1.2,1.2,1.2,1.2,1.2,1.2,1.2,1.2,1.2,1.2,1.2,1.2,1.2,1.2,1.2,3.3,1.7,1.9,1.5,1.2,1.2,3.3,1.7,1.9,1.5,1.2,1.2,1.9,1.5,1.2,1.2,1.9,1.5,1.2,1.2,1.9,1.5,1.2,1.2,1.2,1.2,1.2,1.2,1.2,1.2,1.2,1.2,1.2,1.2,1.2,1.2,1.2,1.2,1.2,1.2,1.2,1.2,1.2,1.2,1.2,1.2,1.9,1.5,1.2,1.2,1.2,1.2,1.9,1.5,1.2,1.2,1.2,1.2,1.2,1.2,1.2,1.2,1.2,1.2,1.2,1.2,1.2,1.2,1.2,1.2,1.2,1.2,1.2,1.2,1.2,1.2,1.2,1.2,1.2,1.2,1.2,1.2,1.2,1.2,1.2,1.2,1.2,1.2,1.2,1.2,1.2,1.2,1.2,1.2,1.2,1.2,1.2,1.2,1.2,1.2,1.2,1.2
0.2520,0.1585,1612.7,93.5,1.91,1052.2,1756.7,2711,3760.9,0.95,0.786,3.3,3.3,3.3,3.3,1.9,1.5,1.2,1.2,11.4,10.1,2.6,1.7,1.2,1.2,1.9,1.5,1.2,1.2,3.3,3.3,2.6,1.7,1.2,1.2,3.3,2,2.6,1.7,1.2,1.2,24.1,23.1,3.3,1.7,2.6,1.7,1.2,1.2,15.2,14.1,3.3,3.3,2.6,1.7,1.2,1.2,2.6,1.7,1.2,1.2,3.3,3.3,2.6,1.7,1.2,1.2,3.3,3.3,2.6,1.7,1.2,1.2,1.2,1.2,2.6,1.7,1.2,1.2,2.6,1.7,1.2,1.2,1.2,1.2,2.6,1.7,1.2,1.2,3.3,3.3,1.2,1.2,19,18.2,3.3,3.3,1.2,1.2,3.3,2,1.2,1.2,1.2,1.2,3.3,2,3.3,3.3,1.9,1.5,1.2,1.2,1.9,1.5,1.2,1.2,3.3,3.3,1.9,1.5,1.2,1.2,1.9,1.5,1.2,1.2,1.2,1.2,1.2,1.2,2.6,1.7,1.2,1.2,1.2,1.2,1.2,1.2,1.2,1.2,1.2,1.2,1.2,1.2,1.2,1.2,1.2,1.2,3.3,1.7,1.9,1.5,1.2,1.2,3.3,1.7,1.9,1.5,1.2,1.2,1.9,1.5,1.2,1.2,1.9,1.5,1.2,1.2,1.9,1.5,1.2,1.2,1.2,1.2,1.2,1.2,1.2,1.2,1.2,1.2,1.2,1.2,1.2,1.2,1.2,1.2,1.2,1.2,1.2,1.2,1.2,1.2,1.2,1.2,1.9,1.5,1.2,1.2,1.2,1.2,1.9,1.5,1.2,1.2,1.2,1.2,1.2,1.2,1.2,1.2,1.2,1.2,1.2,1.2,1.2,1.2,1.2,1.2,1.2,1.2,1.2,1.2,1.2,1.2,1.2,1.2,1.2,1.2,1.2,1.2,1.2,1.2,1.2,1.2,1.2,1.2,1.2,1.2,1.2,1.2,1.2,1.2,1.2,1.2,1.2,1.2,1.2,1.2,1.2,1.2
0.2550,0.1619,1629.3,93.5,1.91,1052.2,1756.7,2712.4,3764.2,0.949,0.783,3.3,3.3,3.3,3.3,1.9,1.5,1.2,1.2,11.4,10.1,2.6,1.7,1.2,1.2,1.9,1.5,1.2,1.2,3.3,3.3,2.6,1.7,1.2,1.2,3.3,2,2.6,1.7,1.2,1.2,24.2,23.1,3.3,1.7,2.6,1.7,1.2,1.2,15.2,14.2,3.3,3.3,2.6,1.7,1.2,1.2,2.6,1.7,1.2,1.2,3.3,3.3,2.6,1.7,1.2,1.2,3.3,3.3,2.6,1.7,1.2,1.2,1.2,1.2,2.6,1.7,1.2,1.2,2.6,1.7,1.2,1.2,1.2,1.2,2.6,1.7,1.2,1.2,3.3,3.3,1.2,1.2,19.1,18.3,3.3,3.3,1.2,1.2,3.3,2,1.2,1.2,1.2,1.2,3.3,2,3.3,3.3,1.9,1.5,1.2,1.2,1.9,1.5,1.2,1.2,3.3,3.3,1.9,1.5,1.2,1.2,1.9,1.5,1.2,1.2,1.2,1.2,1.2,1.2,2.6,1.7,1.2,1.2,1.2,1.2,1.2,1.2,1.2,1.2,1.2,1.2,1.2,1.2,1.2,1.2,1.2,1.2,3.3,1.7,1.9,1.5,1.2,1.2,3.3,1.7,1.9,1.5,1.2,1.2,1.9,1.5,1.2,1.2,1.9,1.5,1.2,1.2,1.9,1.5,1.2,1.2,1.2,1.2,1.2,1.2,1.2,1.2,1.2,1.2,1.2,1.2,1.2,1.2,1.2,1.2,1.2,1.2,1.2,1.2,1.2,1.2,1.2,1.2,1.9,1.5,1.2,1.2,1.2,1.2,1.9,1.5,1.2,1.2,1.2,1.2,1.2,1.2,1.2,1.2,1.2,1.2,1.2,1.2,1.2,1.2,1.2,1.2,1.2,1.2,1.2,1.2,1.2,1.2,1.2,1.2,1.2,1.2,1.2,1.2,1.2,1.2,1.2,1.2,1.2,1.2,1.2,1.2,1.2,1.2,1.2,1.2,1.2,1.2,1.2,1.2,1.2,1.2,1.2,1.2
0.2570,0.1642,1646,93.5,1.91,1052.2,1756.7,2713.9,3767.6,0.949,0.78,3.3,3.3,3.3,3.3,1.9,1.5,1.2,1.2,11.4,10.2,2.6,1.7,1.2,1.2,1.9,1.5,1.2,1.2,3.3,3.3,2.6,1.7,1.2,1.2,3.3,2,2.6,1.7,1.2,1.2,24.2,23.1,3.3,1.7,2.6,1.7,1.2,1.2,15.3,14.2,3.3,3.3,2.6,1.7,1.2,1.2,2.6,1.7,1.2,1.2,3.3,3.3,2.6,1.7,1.2,1.2,3.3,3.3,2.6,1.7,1.2,1.2,1.2,1.2,2.6,1.7,1.2,1.2,2.6,1.7,1.2,1.2,1.2,1.2,2.6,1.7,1.2,1.2,3.3,3.3,1.2,1.2,19.1,18.3,3.3,3.3,1.2,1.2,3.3,2,1.2,1.2,1.2,1.2,3.3,2,3.3,3.3,1.9,1.5,1.2,1.2,1.9,1.5,1.2,1.2,3.3,3.3,1.9,1.5,1.2,1.2,1.9,1.5,1.2,1.2,1.2,1.2,1.2,1.2,2.6,1.7,1.2,1.2,1.2,1.2,1.2,1.2,1.2,1.2,1.2,1.2,1.2,1.2,1.2,1.2,1.2,1.2,3.3,1.7,1.9,1.5,1.2,1.2,3.3,1.7,1.9,1.5,1.2,1.2,1.9,1.5,1.2,1.2,1.9,1.5,1.2,1.2,1.9,1.5,1.2,1.2,1.2,1.2,1.2,1.2,1.2,1.2,1.2,1.2,1.2,1.2,1.2,1.2,1.2,1.2,1.2,1.2,1.2,1.2,1.2,1.2,1.2,1.2,1.9,1.5,1.2,1.2,1.2,1.2,1.9,1.5,1.2,1.2,1.2,1.2,1.2,1.2,1.2,1.2,1.2,1.2,1.2,1.2,1.2,1.2,1.2,1.2,1.2,1.2,1.2,1.2,1.2,1.2,1.2,1.2,1.2,1.2,1.2,1.2,1.2,1.2,1.2,1.2,1.2,1.2,1.2,1.2,1.2,1.2,1.2,1.2,1.2,1.2,1.2,1.2,1.2,1.2,1.2,1.2
0.2600,0.1676,1662.7,93.5,1.91,1052.2,1756.7,2715.5,3771.2,0.948,0.777,3.3,3.3,3.3,3.3,1.9,1.5,1.2,1.2,11.5,10.2,2.6,1.7,1.2,1.2,1.9,1.5,1.2,1.2,3.3,3.3,2.6,1.7,1.2,1.2,3.3,2,2.6,1.7,1.2,1.2,24.3,23.3,3.3,1.7,2.6,1.7,1.2,1.2,15.3,14.2,3.3,3.3,2.6,1.7,1.2,1.2,2.6,1.7,1.2,1.2,3.3,3.3,2.6,1.7,1.2,1.2,3.3,3.3,2.6,1.7,1.2,1.2,1.2,1.2,2.6,1.7,1.2,1.2,2.6,1.7,1.2,1.2,1.2,1.2,2.6,1.7,1.2,1.2,3.3,3.3,1.2,1.2,19.2,18.4,3.3,3.3,1.2,1.2,3.3,2,1.2,1.2,1.2,1.2,3.3,2,3.3,3.3,1.9,1.5,1.2,1.2,1.9,1.5,1.2,1.2,3.3,3.3,1.9,1.5,1.2,1.2,1.9,1.5,1.2,1.2,1.2,1.2,1.2,1.2,2.6,1.7,1.2,1.2,1.2,1.2,1.2,1.2,1.2,1.2,1.2,1.2,1.2,1.2,1.2,1.2,1.2,1.2,3.3,1.7,1.9,1.5,1.2,1.2,3.3,1.7,1.9,1.5,1.2,1.2,1.9,1.5,1.2,1.2,1.9,1.5,1.2,1.2,1.9,1.5,1.2,1.2,1.2,1.2,1.2,1.2,1.2,1.2,1.2,1.2,1.2,1.2,1.2,1.2,1.2,1.2,1.2,1.2,1.2,1.2,1.2,1.2,1.2,1.2,1.9,1.5,1.2,1.2,1.2,1.2,1.9,1.5,1.2,1.2,1.2,1.2,1.2,1.2,1.2,1.2,1.2,1.2,1.2,1.2,1.2,1.2,1.2,1.2,1.2,1.2,1.2,1.2,1.2,1.2,1.2,1.2,1.2,1.2,1.2,1.2,1.2,1.2,1.2,1.2,1.2,1.2,1.2,1.2,1.2,1.2,1.2,1.2,1.2,1.2,1.2,1.2,1.2,1.2,1.2,1.2
0.2620,0.1700,1679.3,93.5,1.9,1052.2,1756.7,2717.2,3774.9,0.947,0.774,3.3,3.3,3.3,3.3,1.9,1.5,1.2,1.2,11.5,10.2,2.6,1.7,1.2,1.2,1.9,1.5,1.2,1.2,3.3,3.3,2.6,1.7,1.2,1.2,3.3,2,2.6,1.7,1.2,1.2,24.4,23.4,3.3,1.7,2.6,1.7,1.2,1.2,15.4,14.2,3.3,3.3,2.6,1.7,1.2,1.2,2.6,1.7,1.2,1.2,3.3,3.3,2.6,1.7,1.2,1.2,3.3,3.3,2.6,1.7,1.2,1.2,1.2,1.2,2.6,1.7,1.2,1.2,2.6,1.7,1.2,1.2,1.2,1.2,2.6,1.7,1.2,1.2,3.3,3.3,1.2,1.2,19.2,18.4,3.3,3.3,1.2,1.2,3.3,2,1.2,1.2,1.2,1.2,3.3,2,3.3,3.3,1.9,1.5,1.2,1.2,1.9,1.5,1.2,1.2,3.3,3.3,1.9,1.5,1.2,1.2,1.9,1.5,1.2,1.2,1.2,1.2,1.2,1.2,2.6,1.7,1.2,1.2,1.2,1.2,1.2,1.2,1.2,1.2,1.2,1.2,1.2,1.2,1.2,1.2,1.2,1.2,3.3,1.7,1.9,1.5,1.2,1.2,3.3,1.7,1.9,1.5,1.2,1.2,1.9,1.5,1.2,1.2,1.9,1.5,1.2,1.2,1.9,1.5,1.2,1.2,1.2,1.2,1.2,1.2,1.2,1.2,1.2,1.2,1.2,1.2,1.2,1.2,1.2,1.2,1.2,1.2,1.2,1.2,1.2,1.2,1.2,1.2,1.9,1.5,1.2,1.2,1.2,1.2,1.9,1.5,1.2,1.2,1.2,1.2,1.2,1.2,1.2,1.2,1.2,1.2,1.2,1.2,1.2,1.2,1.2,1.2,1.2,1.2,1.2,1.2,1.2,1.2,1.2,1.2,1.2,1.2,1.2,1.2,1.2,1.2,1.2,1.2,1.2,1.2,1.2,1.2,1.2,1.2,1.2,1.2,1.2,1.2,1.2,1.2,1.2,1.2,1.2,1.2
0.2650,0.1735,1696,93.5,1.9,1052.2,1756.7,2719.1,3778.7,0.947,0.771,3.3,3.3,3.3,3.3,1.9,1.5,1.2,1.2,11.5,10.3,2.6,1.7,1.2,1.2,1.9,1.5,1.2,1.2,3.3,3.3,2.6,1.7,1.2,1.2,3.3,2,2.6,1.7,1.2,1.2,24.5,23.4,3.3,1.7,2.6,1.7,1.2,1.2,15.4,14.3,3.3,3.3,2.6,1.7,1.2,1.2,2.6,1.7,1.2,1.2,3.3,3.3,2.6,1.7,1.2,1.2,3.3,3.3,2.6,1.7,1.2,1.2,1.2,1.2,2.6,1.7,1.2,1.2,2.6,1.7,1.2,1.2,1.2,1.2,2.6,1.7,1.2,1.2,3.3,3.3,1.2,1.2,19.3,18.4,3.3,3.3,1.2,1.2,3.3,2,1.2,1.2,1.2,1.2,3.3,2,3.3,3.3,1.9,1.5,1.2,1.2,1.9,1.5,1.2,1.2,3.3,3.3,1.9,1.5,1.2,1.2,1.9,1.5,1.2,1.2,1.2,1.2,1.2,1.2,2.6,1.7,1.2,1.2,1.2,1.2,1.2,1.2,1.2,1.2,1.2,1.2,1.2,1.2,1.2,1.2,1.2,1.2,3.3,1.7,1.9,1.5,1.2,1.2,3.3,1.7,1.9,1.5,1.2,1.2,1.9,1.5,1.2,1.2,1.9,1.5,1.2,1.2,1.9,1.5,1.2,1.2,1.2,1.2,1.2,1.2,1.2,1.2,1.2,1.2,1.2,1.2,1.2,1.2,1.2,1.2,1.2,1.2,1.2,1.2,1.2,1.2,1.2,1.2,1.9,1.5,1.2,1.2,1.2,1.2,1.9,1.5,1.2,1.2,1.2,1.2,1.2,1.2,1.2,1.2,1.2,1.2,1.2,1.2,1.2,1.2,1.2,1.2,1.2,1.2,1.2,1.2,1.2,1.2,1.2,1.2,1.2,1.2,1.2,1.2,1.2,1.2,1.2,1.2,1.2,1.2,1.2,1.2,1.2,1.2,1.2,1.2,1.2,1.2,1.2,1.2,1.2,1.2,1.2,1.2
0.2680,0.1770,1712.6,93.5,1.9,1052.2,1756.7,2720.9,3782.6,0.946,0.768,3.3,3.3,3.3,3.3,1.9,1.5,1.2,1.2,11.6,10.3,2.6,1.7,1.2,1.2,1.9,1.5,1.2,1.2,3.3,3.3,2.6,1.7,1.2,1.2,3.3,2,2.6,1.7,1.2,1.2,24.5,23.5,3.3,1.7,2.6,1.7,1.2,1.2,15.4,14.3,3.3,3.3,2.6,1.7,1.2,1.2,2.6,1.7,1.2,1.2,3.3,3.3,2.6,1.7,1.2,1.2,3.3,3.3,2.6,1.7,1.2,1.2,1.2,1.2,2.6,1.7,1.2,1.2,2.6,1.7,1.2,1.2,1.2,1.2,2.6,1.7,1.2,1.2,3.3,3.3,1.2,1.2,19.3,18.5,3.3,3.3,1.2,1.2,3.3,2,1.2,1.2,1.2,1.2,3.3,2,3.3,3.3,1.9,1.5,1.2,1.2,1.9,1.5,1.2,1.2,3.3,3.3,1.9,1.5,1.2,1.2,1.9,1.5,1.2,1.2,1.2,1.2,1.2,1.2,2.6,1.7,1.2,1.2,1.2,1.2,1.2,1.2,1.2,1.2,1.2,1.2,1.2,1.2,1.2,1.2,1.2,1.2,3.3,1.7,1.9,1.5,1.2,1.2,3.3,1.7,1.9,1.5,1.2,1.2,1.9,1.5,1.2,1.2,1.9,1.5,1.2,1.2,1.9,1.5,1.2,1.2,1.2,1.2,1.2,1.2,1.2,1.2,1.2,1.2,1.2,1.2,1.2,1.2,1.2,1.2,1.2,1.2,1.2,1.2,1.2,1.2,1.2,1.2,1.9,1.5,1.2,1.2,1.2,1.2,1.9,1.5,1.2,1.2,1.2,1.2,1.2,1.2,1.2,1.2,1.2,1.2,1.2,1.2,1.2,1.2,1.2,1.2,1.2,1.2,1.2,1.2,1.2,1.2,1.2,1.2,1.2,1.2,1.2,1.2,1.2,1.2,1.2,1.2,1.2,1.2,1.2,1.2,1.2,1.2,1.2,1.2,1.2,1.2,1.2,1.2,1.2,1.2,1.2,1.2
0.2700,0.1793,1730,93.5,1.9,1052.2,1756.7,2722.8,3786.5,0.945,0.765,3.3,3.3,3.3,3.3,1.9,1.5,1.2,1.2,11.6,10.3,2.6,1.7,1.2,1.2,1.9,1.5,1.2,1.2,3.3,3.3,2.6,1.7,1.2,1.2,3.3,2,2.6,1.7,1.2,1.2,24.6,23.6,3.3,1.7,2.6,1.7,1.2,1.2,15.5,14.4,3.3,3.3,2.6,1.7,1.2,1.2,2.6,1.7,1.2,1.2,3.3,3.3,2.6,1.7,1.2,1.2,3.3,3.3,2.6,1.7,1.2,1.2,1.2,1.2,2.6,1.7,1.2,1.2,2.6,1.7,1.2,1.2,1.2,1.2,2.6,1.7,1.2,1.2,3.3,3.3,1.2,1.2,19.4,18.6,3.3,3.3,1.2,1.2,3.3,2,1.2,1.2,1.2,1.2,3.3,2,3.3,3.3,1.9,1.5,1.2,1.2,1.9,1.5,1.2,1.2,3.3,3.3,1.9,1.5,1.2,1.2,1.9,1.5,1.2,1.2,1.2,1.2,1.2,1.2,2.6,1.7,1.2,1.2,1.2,1.2,1.2,1.2,1.2,1.2,1.2,1.2,1.2,1.2,1.2,1.2,1.2,1.2,3.3,1.7,1.9,1.5,1.2,1.2,3.3,1.7,1.9,1.5,1.2,1.2,1.9,1.5,1.2,1.2,1.9,1.5,1.2,1.2,1.9,1.5,1.2,1.2,1.2,1.2,1.2,1.2,1.2,1.2,1.2,1.2,1.2,1.2,1.2,1.2,1.2,1.2,1.2,1.2,1.2,1.2,1.2,1.2,1.2,1.2,1.9,1.5,1.2,1.2,1.2,1.2,1.9,1.5,1.2,1.2,1.2,1.2,1.2,1.2,1.2,1.2,1.2,1.2,1.2,1.2,1.2,1.2,1.2,1.2,1.2,1.2,1.2,1.2,1.2,1.2,1.2,1.2,1.2,1.2,1.2,1.2,1.2,1.2,1.2,1.2,1.2,1.2,1.2,1.2,1.2,1.2,1.2,1.2,1.2,1.2,1.2,1.2,1.2,1.2,1.2,1.2
0.2730,0.1829,1745.9,93.5,1.9,1052.2,1756.7,2724.8,3790.6,0.944,0.762,3.3,3.3,3.3,3.3,1.9,1.5,1.2,1.2,11.6,10.3,2.6,1.7,1.2,1.2,1.9,1.5,1.2,1.2,3.3,3.3,2.6,1.7,1.2,1.2,3.3,2,2.6,1.7,1.2,1.2,24.7,23.6,3.3,1.7,2.6,1.7,1.2,1.2,15.5,14.4,3.3,3.3,2.6,1.7,1.2,1.2,2.6,1.7,1.2,1.2,3.3,3.3,2.6,1.7,1.2,1.2,3.3,3.3,2.6,1.7,1.2,1.2,1.2,1.2,2.6,1.7,1.2,1.2,2.6,1.7,1.2,1.2,1.2,1.2,2.6,1.7,1.2,1.2,3.3,3.3,1.2,1.2,19.4,18.5,3.3,3.3,1.2,1.2,3.3,2,1.2,1.2,1.2,1.2,3.3,2,3.3,3.3,1.9,1.5,1.2,1.2,1.9,1.5,1.2,1.2,3.3,3.3,1.9,1.5,1.2,1.2,1.9,1.5,1.2,1.2,1.2,1.2,1.2,1.2,2.6,1.7,1.2,1.2,1.2,1.2,1.2,1.2,1.2,1.2,1.2,1.2,1.2,1.2,1.2,1.2,1.2,1.2,3.3,1.7,1.9,1.5,1.2,1.2,3.3,1.7,1.9,1.5,1.2,1.2,1.9,1.5,1.2,1.2,1.9,1.5,1.2,1.2,1.9,1.5,1.2,1.2,1.2,1.2,1.2,1.2,1.2,1.2,1.2,1.2,1.2,1.2,1.2,1.2,1.2,1.2,1.2,1.2,1.2,1.2,1.2,1.2,1.2,1.2,1.9,1.5,1.2,1.2,1.2,1.2,1.9,1.5,1.2,1.2,1.2,1.2,1.2,1.2,1.2,1.2,1.2,1.2,1.2,1.2,1.2,1.2,1.2,1.2,1.2,1.2,1.2,1.2,1.2,1.2,1.2,1.2,1.2,1.2,1.2,1.2,1.2,1.2,1.2,1.2,1.2,1.2,1.2,1.2,1.2,1.2,1.2,1.2,1.2,1.2,1.2,1.2,1.2,1.2,1.2,1.2
0.2750,0.1853,1762.6,93.5,1.9,1052.2,1756.7,2726.8,3794.6,0.944,0.759,3.3,3.3,3.3,3.3,1.9,1.5,1.2,1.2,11.7,10.4,2.6,1.7,1.2,1.2,1.9,1.5,1.2,1.2,3.3,3.3,2.6,1.7,1.2,1.2,3.3,2,2.6,1.7,1.2,1.2,24.7,23.7,3.3,1.7,2.6,1.7,1.2,1.2,15.6,14.2,3.3,3.3,2.6,1.7,1.2,1.2,2.6,1.7,1.2,1.2,3.3,3.3,2.6,1.7,1.2,1.2,3.3,3.3,2.6,1.7,1.2,1.2,1.2,1.2,2.6,1.7,1.2,1.2,2.6,1.7,1.2,1.2,1.2,1.2,2.6,1.7,1.2,1.2,3.3,3.3,1.2,1.2,19.5,18.6,3.3,3.3,1.2,1.2,3.3,2,1.2,1.2,1.2,1.2,3.3,2,3.3,3.3,1.9,1.5,1.2,1.2,1.9,1.5,1.2,1.2,3.3,3.3,1.9,1.5,1.2,1.2,1.9,1.5,1.2,1.2,1.2,1.2,1.2,1.2,2.6,1.7,1.2,1.2,1.2,1.2,1.2,1.2,1.2,1.2,1.2,1.2,1.2,1.2,1.2,1.2,1.2,1.2,3.3,1.7,1.9,1.5,1.2,1.2,3.3,1.7,1.9,1.5,1.2,1.2,1.9,1.5,1.2,1.2,1.9,1.5,1.2,1.2,1.9,1.5,1.2,1.2,1.2,1.2,1.2,1.2,1.2,1.2,1.2,1.2,1.2,1.2,1.2,1.2,1.2,1.2,1.2,1.2,1.2,1.2,1.2,1.2,1.2,1.2,1.9,1.5,1.2,1.2,1.2,1.2,1.9,1.5,1.2,1.2,1.2,1.2,1.2,1.2,1.2,1.2,1.2,1.2,1.2,1.2,1.2,1.2,1.2,1.2,1.2,1.2,1.2,1.2,1.2,1.2,1.2,1.2,1.2,1.2,1.2,1.2,1.2,1.2,1.2,1.2,1.2,1.2,1.2,1.2,1.2,1.2,1.2,1.2,1.2,1.2,1.2,1.2,1.2,1.2,1.2,1.2
0.2780,0.1889,1779.4,93.5,1.9,1052.2,1756.7,2728.9,3798.8,0.943,0.756,3.3,3.3,3.3,3.3,1.9,1.5,1.2,1.2,11.7,10.4,2.6,1.7,1.2,1.2,1.9,1.5,1.2,1.2,3.3,3.3,2.6,1.7,1.2,1.2,3.3,2,2.6,1.7,1.2,1.2,24.8,23.7,3.3,1.7,2.6,1.7,1.2,1.2,15.6,14.4,3.3,3.3,2.6,1.7,1.2,1.2,2.6,1.7,1.2,1.2,3.3,3.3,2.6,1.7,1.2,1.2,3.3,3.3,2.6,1.7,1.2,1.2,1.2,1.2,2.6,1.7,1.2,1.2,2.6,1.7,1.2,1.2,1.2,1.2,2.6,1.7,1.2,1.2,3.3,3.3,1.2,1.2,19.6,18.6,3.3,3.3,1.2,1.2,3.3,2,1.2,1.2,1.2,1.2,3.3,2,3.3,3.3,1.9,1.5,1.2,1.2,1.9,1.5,1.2,1.2,3.3,3.3,1.9,1.5,1.2,1.2,1.9,1.5,1.2,1.2,1.2,1.2,1.2,1.2,2.6,1.7,1.2,1.2,1.2,1.2,1.2,1.2,1.2,1.2,1.2,1.2,1.2,1.2,1.2,1.2,1.2,1.2,3.3,1.7,1.9,1.5,1.2,1.2,3.3,1.7,1.9,1.5,1.2,1.2,1.9,1.5,1.2,1.2,1.9,1.5,1.2,1.2,1.9,1.5,1.2,1.2,1.2,1.2,1.2,1.2,1.2,1.2,1.2,1.2,1.2,1.2,1.2,1.2,1.2,1.2,1.2,1.2,1.2,1.2,1.2,1.2,1.2,1.2,1.9,1.5,1.2,1.2,1.2,1.2,1.9,1.5,1.2,1.2,1.2,1.2,1.2,1.2,1.2,1.2,1.2,1.2,1.2,1.2,1.2,1.2,1.2,1.2,1.2,1.2,1.2,1.2,1.2,1.2,1.2,1.2,1.2,1.2,1.2,1.2,1.2,1.2,1.2,1.2,1.2,1.2,1.2,1.2,1.2,1.2,1.2,1.2,1.2,1.2,1.2,1.2,1.2,1.2,1.2,1.2
0.2810,0.1925,1796,93.5,1.9,1052.2,1756.7,2731,3803,0.942,0.753,3.3,3.3,3.3,3.3,1.9,1.5,1.2,1.2,11.7,10.4,2.6,1.7,1.2,1.2,1.9,1.5,1.2,1.2,3.3,3.3,2.6,1.7,1.2,1.2,3.3,2,2.6,1.7,1.2,1.2,24.9,23.8,3.3,1.7,2.6,1.7,1.2,1.2,15.7,14.5,3.3,3.3,2.6,1.7,1.2,1.2,2.6,1.7,1.2,1.2,3.3,3.3,2.6,1.7,1.2,1.2,3.3,3.3,2.6,1.7,1.2,1.2,1.2,1.2,2.6,1.7,1.2,1.2,2.6,1.7,1.2,1.2,1.2,1.2,2.6,1.7,1.2,1.2,3.3,3.3,1.2,1.2,19.6,18.6,3.3,3.3,1.2,1.2,3.3,2,1.2,1.2,1.2,1.2,3.3,2,3.3,3.3,1.9,1.5,1.2,1.2,1.9,1.5,1.2,1.2,3.3,3.3,1.9,1.5,1.2,1.2,1.9,1.5,1.2,1.2,1.2,1.2,1.2,1.2,2.6,1.7,1.2,1.2,1.2,1.2,1.2,1.2,1.2,1.2,1.2,1.2,1.2,1.2,1.2,1.2,1.2,1.2,3.3,1.7,1.9,1.5,1.2,1.2,3.3,1.7,1.9,1.5,1.2,1.2,1.9,1.5,1.2,1.2,1.9,1.5,1.2,1.2,1.9,1.5,1.2,1.2,1.2,1.2,1.2,1.2,1.2,1.2,1.2,1.2,1.2,1.2,1.2,1.2,1.2,1.2,1.2,1.2,1.2,1.2,1.2,1.2,1.2,1.2,1.9,1.5,1.2,1.2,1.2,1.2,1.9,1.5,1.2,1.2,1.2,1.2,1.2,1.2,1.2,1.2,1.2,1.2,1.2,1.2,1.2,1.2,1.2,1.2,1.2,1.2,1.2,1.2,1.2,1.2,1.2,1.2,1.2,1.2,1.2,1.2,1.2,1.2,1.2,1.2,1.2,1.2,1.2,1.2,1.2,1.2,1.2,1.2,1.2,1.2,1.2,1.2,1.2,1.2,1.2,1.2
0.2830,0.1949,1812.7,93.5,1.9,1052.2,1756.7,2733.1,3807.2,0.942,0.75,3.3,3.3,3.3,3.3,1.9,1.5,1.2,1.2,11.8,10.5,2.6,1.7,1.2,1.2,1.9,1.5,1.2,1.2,3.3,3.3,2.6,1.7,1.2,1.2,3.3,2,2.6,1.7,1.2,1.2,24.9,23.9,3.3,1.7,2.6,1.7,1.2,1.2,15.7,14.5,3.3,3.3,2.6,1.7,1.2,1.2,2.6,1.7,1.2,1.2,3.3,3.3,2.6,1.7,1.2,1.2,3.3,3.3,2.6,1.7,1.2,1.2,1.2,1.2,2.6,1.7,1.2,1.2,2.6,1.7,1.2,1.2,1.2,1.2,2.6,1.7,1.2,1.2,3.3,3.3,1.2,1.2,19.7,18.7,3.3,3.3,1.2,1.2,3.3,2,1.2,1.2,1.2,1.2,3.3,2,3.3,3.3,1.9,1.5,1.2,1.2,1.9,1.5,1.2,1.2,3.3,3.3,1.9,1.5,1.2,1.2,1.9,1.5,1.2,1.2,1.2,1.2,1.2,1.2,2.6,1.7,1.2,1.2,1.2,1.2,1.2,1.2,1.2,1.2,1.2,1.2,1.2,1.2,1.2,1.2,1.2,1.2,3.3,1.7,1.9,1.5,1.2,1.2,3.3,1.7,1.9,1.5,1.2,1.2,1.9,1.5,1.2,1.2,1.9,1.5,1.2,1.2,1.9,1.5,1.2,1.2,1.2,1.2,1.2,1.2,1.2,1.2,1.2,1.2,1.2,1.2,1.2,1.2,1.2,1.2,1.2,1.2,1.2,1.2,1.2,1.2,1.2,1.2,1.9,1.5,1.2,1.2,1.2,1.2,1.9,1.5,1.2,1.2,1.2,1.2,1.2,1.2,1.2,1.2,1.2,1.2,1.2,1.2,1.2,1.2,1.2,1.2,1.2,1.2,1.2,1.2,1.2,1.2,1.2,1.2,1.2,1.2,1.2,1.2,1.2,1.2,1.2,1.2,1.2,1.2,1.2,1.2,1.2,1.2,1.2,1.2,1.2,1.2,1.2,1.2,1.2,1.2,1.2,1.2
0.2860,0.1986,1829.4,93.5,1.9,1052.2,1756.7,2735.2,3811.5,0.941,0.747,3.3,3.3,3.3,3.3,1.9,1.5,1.2,1.2,11.8,10.5,2.6,1.7,1.2,1.2,1.9,1.5,1.2,1.2,3.3,3.3,2.6,1.7,1.2,1.2,3.3,2,2.6,1.7,1.2,1.2,25,23.9,3.3,1.7,2.6,1.7,1.2,1.2,15.8,14.6,3.3,3.3,2.6,1.7,1.2,1.2,2.6,1.7,1.2,1.2,3.3,3.3,2.6,1.7,1.2,1.2,3.3,3.3,2.6,1.7,1.2,1.2,1.2,1.2,2.6,1.7,1.2,1.2,2.6,1.7,1.2,1.2,1.2,1.2,2.6,1.7,1.2,1.2,3.3,3.3,1.2,1.2,19.7,18.7,3.3,3.3,1.2,1.2,3.3,2,1.2,1.2,1.2,1.2,3.3,2,3.3,3.3,1.9,1.5,1.2,1.2,1.9,1.5,1.2,1.2,3.3,3.3,1.9,1.5,1.2,1.2,1.9,1.5,1.2,1.2,1.2,1.2,1.2,1.2,2.6,1.7,1.2,1.2,1.2,1.2,1.2,1.2,1.2,1.2,1.2,1.2,1.2,1.2,1.2,1.2,1.2,1.2,3.3,1.7,1.9,1.5,1.2,1.2,3.3,1.7,1.9,1.5,1.2,1.2,1.9,1.5,1.2,1.2,1.9,1.5,1.2,1.2,1.9,1.5,1.2,1.2,1.2,1.2,1.2,1.2,1.2,1.2,1.2,1.2,1.2,1.2,1.2,1.2,1.2,1.2,1.2,1.2,1.2,1.2,1.2,1.2,1.2,1.2,1.9,1.5,1.2,1.2,1.2,1.2,1.9,1.5,1.2,1.2,1.2,1.2,1.2,1.2,1.2,1.2,1.2,1.2,1.2,1.2,1.2,1.2,1.2,1.2,1.2,1.2,1.2,1.2,1.2,1.2,1.2,1.2,1.2,1.2,1.2,1.2,1.2,1.2,1.2,1.2,1.2,1.2,1.2,1.2,1.2,1.2,1.2,1.2,1.2,1.2,1.2,1.2,1.2,1.2,1.2,1.2
0.2880,0.2011,1846.1,93.5,1.89,1052.2,1756.7,2737.3,3815.8,0.94,0.744,3.3,3.3,3.3,3.3,1.9,1.5,1.2,1.2,11.8,10.5,2.6,1.7,1.2,1.2,1.9,1.5,1.2,1.2,3.3,3.3,2.6,1.7,1.2,1.2,3.3,2,2.6,1.7,1.2,1.2,25.1,24,3.3,1.7,2.6,1.7,1.2,1.2,15.8,14.6,3.3,3.3,2.6,1.7,1.2,1.2,2.6,1.7,1.2,1.2,3.3,3.3,2.6,1.7,1.2,1.2,3.3,3.3,2.6,1.7,1.2,1.2,1.2,1.2,2.6,1.7,1.2,1.2,2.6,1.7,1.2,1.2,1.2,1.2,2.6,1.7,1.2,1.2,3.3,3.3,1.2,1.2,19.8,18.8,3.3,3.3,1.2,1.2,3.3,2,1.2,1.2,1.2,1.2,3.3,2,3.3,3.3,1.9,1.5,1.2,1.2,1.9,1.5,1.2,1.2,3.3,3.3,1.9,1.5,1.2,1.2,1.9,1.5,1.2,1.2,1.2,1.2,1.2,1.2,2.6,1.7,1.2,1.2,1.2,1.2,1.2,1.2,1.2,1.2,1.2,1.2,1.2,1.2,1.2,1.2,1.2,1.2,3.3,1.7,1.9,1.5,1.2,1.2,3.3,1.7,1.9,1.5,1.2,1.2,1.9,1.5,1.2,1.2,1.9,1.5,1.2,1.2,1.9,1.5,1.2,1.2,1.2,1.2,1.2,1.2,1.2,1.2,1.2,1.2,1.2,1.2,1.2,1.2,1.2,1.2,1.2,1.2,1.2,1.2,1.2,1.2,1.2,1.2,1.9,1.5,1.2,1.2,1.2,1.2,1.9,1.5,1.2,1.2,1.2,1.2,1.2,1.2,1.2,1.2,1.2,1.2,1.2,1.2,1.2,1.2,1.2,1.2,1.2,1.2,1.2,1.2,1.2,1.2,1.2,1.2,1.2,1.2,1.2,1.2,1.2,1.2,1.2,1.2,1.2,1.2,1.2,1.2,1.2,1.2,1.2,1.2,1.2,1.2,1.2,1.2,1.2,1.2,1.2,1.2
0.2910,0.2048,1862.8,93.5,1.89,1052.2,1756.7,2739.5,3820.2,0.939,0.741,3.3,3.3,3.3,3.3,1.9,1.5,1.2,1.2,11.9,10.6,2.6,1.7,1.2,1.2,1.9,1.5,1.2,1.2,3.3,3.3,2.6,1.7,1.2,1.2,3.3,2,2.6,1.7,1.2,1.2,25.2,24,3.3,1.7,2.6,1.7,1.2,1.2,15.9,14.7,3.3,3.3,2.6,1.7,1.2,1.2,2.6,1.7,1.2,1.2,3.3,3.3,2.6,1.7,1.2,1.2,3.3,3.3,2.6,1.7,1.2,1.2,1.2,1.2,2.6,1.7,1.2,1.2,2.6,1.7,1.2,1.2,1.2,1.2,2.6,1.7,1.2,1.2,3.3,3.3,1.2,1.2,19.8,18.8,3.3,3.3,1.2,1.2,3.3,2,1.2,1.2,1.2,1.2,3.3,2,3.3,3.3,1.9,1.5,1.2,1.2,1.9,1.5,1.2,1.2,3.3,3.3,1.9,1.5,1.2,1.2,1.9,1.5,1.2,1.2,1.2,1.2,1.2,1.2,2.6,1.7,1.2,1.2,1.2,1.2,1.2,1.2,1.2,1.2,1.2,1.2,1.2,1.2,1.2,1.2,1.2,1.2,3.3,1.7,1.9,1.5,1.2,1.2,3.3,1.7,1.9,1.5,1.2,1.2,1.9,1.5,1.2,1.2,1.9,1.5,1.2,1.2,1.9,1.5,1.2,1.2,1.2,1.2,1.2,1.2,1.2,1.2,1.2,1.2,1.2,1.2,1.2,1.2,1.2,1.2,1.2,1.2,1.2,1.2,1.2,1.2,1.2,1.2,1.9,1.5,1.2,1.2,1.2,1.2,1.9,1.5,1.2,1.2,1.2,1.2,1.2,1.2,1.2,1.2,1.2,1.2,1.2,1.2,1.2,1.2,1.2,1.2,1.2,1.2,1.2,1.2,1.2,1.2,1.2,1.2,1.2,1.2,1.2,1.2,1.2,1.2,1.2,1.2,1.2,1.2,1.2,1.2,1.2,1.2,1.2,1.2,1.2,1.2,1.2,1.2,1.2,1.2,1.2,1.2
0.2940,0.2085,1879.5,93.5,1.89,1052.2,1756.7,2741.7,3824.6,0.939,0.738,3.3,3.3,3.3,3.3,1.9,1.5,1.2,1.2,11.9,10.6,2.6,1.7,1.2,1.2,1.9,1.5,1.2,1.2,3.3,3.3,2.6,1.7,1.2,1.2,3.3,2,2.6,1.7,1.2,1.2,25.2,24.1,3.3,1.7,2.6,1.7,1.2,1.2,15.9,14.7,3.3,3.3,2.6,1.7,1.2,1.2,2.6,1.7,1.2,1.2,3.3,3.3,2.6,1.7,1.2,1.2,3.3,3.3,2.6,1.7,1.2,1.2,1.2,1.2,2.6,1.7,1.2,1.2,2.6,1.7,1.2,1.2,1.2,1.2,2.6,1.7,1.2,1.2,3.3,3.3,1.2,1.2,19.9,18.9,3.3,3.3,1.2,1.2,3.3,2,1.2,1.2,1.2,1.2,3.3,2,3.3,3.3,1.9,1.5,1.2,1.2,1.9,1.5,1.2,1.2,3.3,3.3,1.9,1.5,1.2,1.2,1.9,1.5,1.2,1.2,1.2,1.2,1.2,1.2,2.6,1.7,1.2,1.2,1.2,1.2,1.2,1.2,1.2,1.2,1.2,1.2,1.2,1.2,1.2,1.2,1.2,1.2,3.3,1.7,1.9,1.5,1.2,1.2,3.3,1.7,1.9,1.5,1.2,1.2,1.9,1.5,1.2,1.2,1.9,1.5,1.2,1.2,1.9,1.5,1.2,1.2,1.2,1.2,1.2,1.2,1.2,1.2,1.2,1.2,1.2,1.2,1.2,1.2,1.2,1.2,1.2,1.2,1.2,1.2,1.2,1.2,1.2,1.2,1.9,1.5,1.2,1.2,1.2,1.2,1.9,1.5,1.2,1.2,1.2,1.2,1.2,1.2,1.2,1.2,1.2,1.2,1.2,1.2,1.2,1.2,1.2,1.2,1.2,1.2,1.2,1.2,1.2,1.2,1.2,1.2,1.2,1.2,1.2,1.2,1.2,1.2,1.2,1.2,1.2,1.2,1.2,1.2,1.2,1.2,1.2,1.2,1.2,1.2,1.2,1.2,1.2,1.2,1.2,1.2
0.2960,0.2110,1896.2,93.5,1.89,1052.2,1756.7,2744,3829.1,0.938,0.735,3.3,3.3,3.3,3.3,1.9,1.5,1.2,1.2,11.9,10.6,2.6,1.7,1.2,1.2,1.9,1.5,1.2,1.2,3.3,3.3,2.6,1.7,1.2,1.2,3.3,2,2.6,1.7,1.2,1.2,25.3,24.2,3.3,1.7,2.6,1.7,1.2,1.2,15.9,14.7,3.3,3.3,2.6,1.7,1.2,1.2,2.6,1.7,1.2,1.2,3.3,3.3,2.6,1.7,1.2,1.2,3.3,3.3,2.6,1.7,1.2,1.2,1.2,1.2,2.6,1.7,1.2,1.2,2.6,1.7,1.2,1.2,1.2,1.2,2.6,1.7,1.2,1.2,3.3,3.3,1.2,1.2,20,18.9,3.3,3.3,1.2,1.2,3.3,2,1.2,1.2,1.2,1.2,3.3,2,3.3,3.3,1.9,1.5,1.2,1.2,1.9,1.5,1.2,1.2,3.3,3.3,1.9,1.5,1.2,1.2,1.9,1.5,1.2,1.2,1.2,1.2,1.2,1.2,2.6,1.7,1.2,1.2,1.2,1.2,1.2,1.2,1.2,1.2,1.2,1.2,1.2,1.2,1.2,1.2,1.2,1.2,3.3,1.7,1.9,1.5,1.2,1.2,3.3,1.7,1.9,1.5,1.2,1.2,1.9,1.5,1.2,1.2,1.9,1.5,1.2,1.2,1.9,1.5,1.2,1.2,1.2,1.2,1.2,1.2,1.2,1.2,1.2,1.2,1.2,1.2,1.2,1.2,1.2,1.2,1.2,1.2,1.2,1.2,1.2,1.2,1.2,1.2,1.9,1.5,1.2,1.2,1.2,1.2,1.9,1.5,1.2,1.2,1.2,1.2,1.2,1.2,1.2,1.2,1.2,1.2,1.2,1.2,1.2,1.2,1.2,1.2,1.2,1.2,1.2,1.2,1.2,1.2,1.2,1.2,1.2,1.2,1.2,1.2,1.2,1.2,1.2,1.2,1.2,1.2,1.2,1.2,1.2,1.2,1.2,1.2,1.2,1.2,1.2,1.2,1.2,1.2,1.2,1.2
0.2990,0.2147,1912.9,93.5,1.89,1052.2,1756.7,2746.3,3833.6,0.937,0.732,3.3,3.3,3.3,3.3,1.9,1.5,1.2,1.2,12,10.7,2.6,1.7,1.2,1.2,1.9,1.5,1.2,1.2,3.3,3.3,2.6,1.7,1.2,1.2,3.3,2,2.6,1.7,1.2,1.2,25.4,24.2,3.3,1.7,2.6,1.7,1.2,1.2,16,14.8,3.3,3.3,2.6,1.7,1.2,1.2,2.6,1.7,1.2,1.2,3.3,3.3,2.6,1.7,1.2,1.2,3.3,3.3,2.6,1.7,1.2,1.2,1.2,1.2,2.6,1.7,1.2,1.2,2.6,1.7,1.2,1.2,1.2,1.2,2.6,1.7,1.2,1.2,3.3,3.3,1.2,1.2,20,19,3.3,3.3,1.2,1.2,3.3,2,1.2,1.2,1.2,1.2,3.3,2,3.3,3.3,1.9,1.5,1.2,1.2,1.9,1.5,1.2,1.2,3.3,3.3,1.9,1.5,1.2,1.2,1.9,1.5,1.2,1.2,1.2,1.2,1.2,1.2,2.6,1.7,1.2,1.2,1.2,1.2,1.2,1.2,1.2,1.2,1.2,1.2,1.2,1.2,1.2,1.2,1.2,1.2,3.3,1.7,1.9,1.5,1.2,1.2,3.3,1.7,1.9,1.5,1.2,1.2,1.9,1.5,1.2,1.2,1.9,1.5,1.2,1.2,1.9,1.5,1.2,1.2,1.2,1.2,1.2,1.2,1.2,1.2,1.2,1.2,1.2,1.2,1.2,1.2,1.2,1.2,1.2,1.2,1.2,1.2,1.2,1.2,1.2,1.2,1.9,1.5,1.2,1.2,1.2,1.2,1.9,1.5,1.2,1.2,1.2,1.2,1.2,1.2,1.2,1.2,1.2,1.2,1.2,1.2,1.2,1.2,1.2,1.2,1.2,1.2,1.2,1.2,1.2,1.2,1.2,1.2,1.2,1.2,1.2,1.2,1.2,1.2,1.2,1.2,1.2,1.2,1.2,1.2,1.2,1.2,1.2,1.2,1.2,1.2,1.2,1.2,1.2,1.2,1.2,1.2
0.3010,0.2173,1929.6,93.5,1.89,1052.2,1756.7,2748.5,3838.2,0.937,0.729,3.3,3.3,3.3,3.3,1.9,1.5,1.2,1.2,12,10.7,2.6,1.7,1.2,1.2,1.9,1.5,1.2,1.2,3.3,3.3,2.6,1.7,1.2,1.2,3.3,2,2.6,1.7,1.2,1.2,25.5,24.3,3.3,1.7,2.6,1.7,1.2,1.2,16,14.8,3.3,3.3,2.6,1.7,1.2,1.2,2.6,1.7,1.2,1.2,3.3,3.3,2.6,1.7,1.2,1.2,3.3,3.3,2.6,1.7,1.2,1.2,1.2,1.2,2.6,1.7,1.2,1.2,2.6,1.7,1.2,1.2,1.2,1.2,2.6,1.7,1.2,1.2,3.3,3.3,1.2,1.2,20.1,19,3.3,3.3,1.2,1.2,3.3,2,1.2,1.2,1.2,1.2,3.3,2,3.3,3.3,1.9,1.5,1.2,1.2,1.9,1.5,1.2,1.2,3.3,3.3,1.9,1.5,1.2,1.2,1.9,1.5,1.2,1.2,1.2,1.2,1.2,1.2,2.6,1.7,1.2,1.2,1.2,1.2,1.2,1.2,1.2,1.2,1.2,1.2,1.2,1.2,1.2,1.2,1.2,1.2,3.3,1.7,1.9,1.5,1.2,1.2,3.3,1.7,1.9,1.5,1.2,1.2,1.9,1.5,1.2,1.2,1.9,1.5,1.2,1.2,1.9,1.5,1.2,1.2,1.2,1.2,1.2,1.2,1.2,1.2,1.2,1.2,1.2,1.2,1.2,1.2,1.2,1.2,1.2,1.2,1.2,1.2,1.2,1.2,1.2,1.2,1.9,1.5,1.2,1.2,1.2,1.2,1.9,1.5,1.2,1.2,1.2,1.2,1.2,1.2,1.2,1.2,1.2,1.2,1.2,1.2,1.2,1.2,1.2,1.2,1.2,1.2,1.2,1.2,1.2,1.2,1.2,1.2,1.2,1.2,1.2,1.2,1.2,1.2,1.2,1.2,1.2,1.2,1.2,1.2,1.2,1.2,1.2,1.2,1.2,1.2,1.2,1.2,1.2,1.2,1.2,1.2
0.3040,0.2211,1946.3,93.5,1.89,1052.2,1756.7,2750.8,3842.8,0.936,0.726,3.3,3.3,3.3,3.3,1.9,1.5,1.2,1.2,12,10.7,2.6,1.7,1.2,1.2,1.9,1.5,1.2,1.2,3.3,3.3,2.6,1.7,1.2,1.2,3.3,2,2.6,1.7,1.2,1.2,25.5,24.4,3.3,1.7,2.6,1.7,1.2,1.2,16.1,14.9,3.3,3.3,2.6,1.7,1.2,1.2,2.6,1.7,1.2,1.2,3.3,3.3,2.6,1.7,1.2,1.2,3.3,3.3,2.6,1.7,1.2,1.2,1.2,1.2,2.6,1.7,1.2,1.2,2.6,1.7,1.2,1.2,1.2,1.2,2.6,1.7,1.2,1.2,3.3,3.3,1.2,1.2,20.1,19.1,3.3,3.3,1.2,1.2,3.3,2,1.2,1.2,1.2,1.2,3.3,2,3.3,3.3,1.9,1.5,1.2,1.2,1.9,1.5,1.2,1.2,3.3,3.3,1.9,1.5,1.2,1.2,1.9,1.5,1.2,1.2,1.2,1.2,1.2,1.2,2.6,1.7,1.2,1.2,1.2,1.2,1.2,1.2,1.2,1.2,1.2,1.2,1.2,1.2,1.2,1.2,1.2,1.2,3.3,1.7,1.9,1.5,1.2,1.2,3.3,1.7,1.9,1.5,1.2,1.2,1.9,1.5,1.2,1.2,1.9,1.5,1.2,1.2,1.9,1.5,1.2,1.2,1.2,1.2,1.2,1.2,1.2,1.2,1.2,1.2,1.2,1.2,1.2,1.2,1.2,1.2,1.2,1.2,1.2,1.2,1.2,1.2,1.2,1.2,1.9,1.5,1.2,1.2,1.2,1.2,1.9,1.5,1.2,1.2,1.2,1.2,1.2,1.2,1.2,1.2,1.2,1.2,1.2,1.2,1.2,1.2,1.2,1.2,1.2,1.2,1.2,1.2,1.2,1.2,1.2,1.2,1.2,1.2,1.2,1.2,1.2,1.2,1.2,1.2,1.2,1.2,1.2,1.2,1.2,1.2,1.2,1.2,1.2,1.2,1.2,1.2,1.2,1.2,1.2,1.2
0.3070,0.2249,1962.9,93.5,1.89,1052.2,1756.7,2753.2,3847.5,0.935,0.723,3.3,3.3,3.3,3.3,1.9,1.5,1.2,1.2,12.1,10.7,2.6,1.7,1.2,1.2,1.9,1.5,1.2,1.2,3.3,3.3,2.6,1.7,1.2,1.2,3.3,2,2.6,1.7,1.2,1.2,25.6,24.5,3.3,1.7,2.6,1.7,1.2,1.2,16.1,14.9,3.3,3.3,2.6,1.7,1.2,1.2,2.6,1.7,1.2,1.2,3.3,3.3,2.6,1.7,1.2,1.2,3.3,3.3,2.6,1.7,1.2,1.2,1.2,1.2,2.6,1.7,1.2,1.2,2.6,1.7,1.2,1.2,1.2,1.2,2.6,1.7,1.2,1.2,3.3,3.3,1.2,1.2,20.2,19.1,3.3,3.3,1.2,1.2,3.3,2,1.2,1.2,1.2,1.2,3.3,2,3.3,3.3,1.9,1.5,1.2,1.2,1.9,1.5,1.2,1.2,3.3,3.3,1.9,1.5,1.2,1.2,1.9,1.5,1.2,1.2,1.2,1.2,1.2,1.2,2.6,1.7,1.2,1.2,1.2,1.2,1.2,1.2,1.2,1.2,1.2,1.2,1.2,1.2,1.2,1.2,1.2,1.2,3.3,1.7,1.9,1.5,1.2,1.2,3.3,1.7,1.9,1.5,1.2,1.2,1.9,1.5,1.2,1.2,1.9,1.5,1.2,1.2,1.9,1.5,1.2,1.2,1.2,1.2,1.2,1.2,1.2,1.2,1.2,1.2,1.2,1.2,1.2,1.2,1.2,1.2,1.2,1.2,1.2,1.2,1.2,1.2,1.2,1.2,1.9,1.5,1.2,1.2,1.2,1.2,1.9,1.5,1.2,1.2,1.2,1.2,1.2,1.2,1.2,1.2,1.2,1.2,1.2,1.2,1.2,1.2,1.2,1.2,1.2,1.2,1.2,1.2,1.2,1.2,1.2,1.2,1.2,1.2,1.2,1.2,1.2,1.2,1.2,1.2,1.2,1.2,1.2,1.2,1.2,1.2,1.2,1.2,1.2,1.2,1.2,1.2,1.2,1.2,1.2,1.2
0.3090,0.2274,1979.6,93.5,1.89,1052.2,1756.7,2755.5,3852.2,0.934,0.72,3.3,3.3,3.3,3.3,1.9,1.5,1.2,1.2,12.1,10.8,2.6,1.7,1.2,1.2,1.9,1.5,1.2,1.2,3.3,3.3,2.6,1.7,1.2,1.2,3.3,2,2.6,1.7,1.2,1.2,25.7,24.5,3.3,1.7,2.6,1.7,1.2,1.2,16.2,14.9,3.3,3.3,2.6,1.7,1.2,1.2,2.6,1.7,1.2,1.2,3.3,3.3,2.6,1.7,1.2,1.2,3.3,3.3,2.6,1.7,1.2,1.2,1.2,1.2,2.6,1.7,1.2,1.2,2.6,1.7,1.2,1.2,1.2,1.2,2.6,1.7,1.2,1.2,3.3,3.3,1.2,1.2,20.3,19.2,3.3,3.3,1.2,1.2,3.3,2,1.2,1.2,1.2,1.2,3.3,2,3.3,3.3,1.9,1.5,1.2,1.2,1.9,1.5,1.2,1.2,3.3,3.3,1.9,1.5,1.2,1.2,1.9,1.5,1.2,1.2,1.2,1.2,1.2,1.2,2.6,1.7,1.2,1.2,1.2,1.2,1.2,1.2,1.2,1.2,1.2,1.2,1.2,1.2,1.2,1.2,1.2,1.2,3.3,1.7,1.9,1.5,1.2,1.2,3.3,1.7,1.9,1.5,1.2,1.2,1.9,1.5,1.2,1.2,1.9,1.5,1.2,1.2,1.9,1.5,1.2,1.2,1.2,1.2,1.2,1.2,1.2,1.2,1.2,1.2,1.2,1.2,1.2,1.2,1.2,1.2,1.2,1.2,1.2,1.2,1.2,1.2,1.2,1.2,1.9,1.5,1.2,1.2,1.2,1.2,1.9,1.5,1.2,1.2,1.2,1.2,1.2,1.2,1.2,1.2,1.2,1.2,1.2,1.2,1.2,1.2,1.2,1.2,1.2,1.2,1.2,1.2,1.2,1.2,1.2,1.2,1.2,1.2,1.2,1.2,1.2,1.2,1.2,1.2,1.2,1.2,1.2,1.2,1.2,1.2,1.2,1.2,1.2,1.2,1.2,1.2,1.2,1.2,1.2,1.2
0.3120,0.2313,1996.2,93.5,1.88,1052.2,1756.7,2757.9,3810.8,0.934,0.717,3.3,3.3,3.3,3.3,1.9,1.5,1.2,1.2,12.1,10.8,2.6,1.7,1.2,1.2,1.9,1.5,1.2,1.2,3.3,3.3,2.6,1.7,1.2,1.2,3.3,2,2.6,1.7,1.2,1.2,25.8,24.6,3.3,1.7,2.6,1.7,1.2,1.2,16.2,15,3.3,3.3,2.6,1.7,1.2,1.2,2.6,1.7,1.2,1.2,3.3,3.3,2.6,1.7,1.2,1.2,3.3,3.3,2.6,1.7,1.2,1.2,1.2,1.2,2.6,1.7,1.2,1.2,2.6,1.7,1.2,1.2,1.2,1.2,2.6,1.7,1.2,1.2,3.3,3.3,1.2,1.2,20.3,19.3,3.3,3.3,1.2,1.2,3.3,2,1.2,1.2,1.2,1.2,3.3,2,3.3,3.3,1.9,1.5,1.2,1.2,1.9,1.5,1.2,1.2,3.3,3.3,1.9,1.5,1.2,1.2,1.9,1.5,1.2,1.2,1.2,1.2,1.2,1.2,2.6,1.7,1.2,1.2,1.2,1.2,1.2,1.2,1.2,1.2,1.2,1.2,1.2,1.2,1.2,1.2,1.2,1.2,3.3,1.7,1.9,1.5,1.2,1.2,3.3,1.7,1.9,1.5,1.2,1.2,1.9,1.5,1.2,1.2,1.9,1.5,1.2,1.2,1.9,1.5,1.2,1.2,1.2,1.2,1.2,1.2,1.2,1.2,1.2,1.2,1.2,1.2,1.2,1.2,1.2,1.2,1.2,1.2,1.2,1.2,1.2,1.2,1.2,1.2,1.9,1.5,1.2,1.2,1.2,1.2,1.9,1.5,1.2,1.2,1.2,1.2,1.2,1.2,1.2,1.2,1.2,1.2,1.2,1.2,1.2,1.2,1.2,1.2,1.2,1.2,1.2,1.2,1.2,1.2,1.2,1.2,1.2,1.2,1.2,1.2,1.2,1.2,1.2,1.2,1.2,1.2,1.2,1.2,1.2,1.2,1.2,1.2,1.2,1.2,1.2,1.2,1.2,1.2,1.2,1.2
0.3140,0.2339,2013,93.5,1.88,1052.2,1756.7,2760.3,3780.9,0.933,0.714,3.3,3.3,3.3,3.3,1.9,1.5,1.2,1.2,12.2,10.8,2.6,1.7,1.2,1.2,1.9,1.5,1.2,1.2,3.3,3.3,2.6,1.7,1.2,1.2,3.3,2,2.6,1.7,1.2,1.2,25.8,24.6,3.3,1.7,2.6,1.7,1.2,1.2,16.3,15,3.3,3.3,2.6,1.7,1.2,1.2,2.6,1.7,1.2,1.2,3.3,3.3,2.6,1.7,1.2,1.2,3.3,3.3,2.6,1.7,1.2,1.2,1.2,1.2,2.6,1.7,1.2,1.2,2.6,1.7,1.2,1.2,1.2,1.2,2.6,1.7,1.2,1.2,3.3,3.3,1.2,1.2,20.4,19.3,3.3,3.3,1.2,1.2,3.3,2,1.2,1.2,1.2,1.2,3.3,2,3.3,3.3,1.9,1.5,1.2,1.2,1.9,1.5,1.2,1.2,3.3,3.3,1.9,1.5,1.2,1.2,1.9,1.5,1.2,1.2,1.2,1.2,1.2,1.2,2.6,1.7,1.2,1.2,1.2,1.2,1.2,1.2,1.2,1.2,1.2,1.2,1.2,1.2,1.2,1.2,1.2,1.2,3.3,1.7,1.9,1.5,1.2,1.2,3.3,1.7,1.9,1.5,1.2,1.2,1.9,1.5,1.2,1.2,1.9,1.5,1.2,1.2,1.9,1.5,1.2,1.2,1.2,1.2,1.2,1.2,1.2,1.2,1.2,1.2,1.2,1.2,1.2,1.2,1.2,1.2,1.2,1.2,1.2,1.2,1.2,1.2,1.2,1.2,1.9,1.5,1.2,1.2,1.2,1.2,1.9,1.5,1.2,1.2,1.2,1.2,1.2,1.2,1.2,1.2,1.2,1.2,1.2,1.2,1.2,1.2,1.2,1.2,1.2,1.2,1.2,1.2,1.2,1.2,1.2,1.2,1.2,1.2,1.2,1.2,1.2,1.2,1.2,1.2,1.2,1.2,1.2,1.2,1.2,1.2,1.2,1.2,1.2,1.2,1.2,1.2,1.2,1.2,1.2,1.2
0.3170,0.2378,2029.5,93.5,1.88,1052.2,1756.7,2762.7,3759.7,0.932,0.711,3.3,3.3,3.3,3.3,1.9,1.5,1.2,1.2,12.2,10.9,2.6,1.7,1.2,1.2,1.9,1.5,1.2,1.2,3.3,3.3,2.6,1.7,1.2,1.2,3.3,2,2.6,1.7,1.2,1.2,25.9,24.7,3.3,1.7,2.6,1.7,1.2,1.2,16.3,15.1,3.3,3.3,2.6,1.7,1.2,1.2,2.6,1.7,1.2,1.2,3.3,3.3,2.6,1.7,1.2,1.2,3.3,3.3,2.6,1.7,1.2,1.2,1.2,1.2,2.6,1.7,1.2,1.2,2.6,1.7,1.2,1.2,1.2,1.2,2.6,1.7,1.2,1.2,3.3,3.3,1.2,1.2,20.4,19.4,3.3,3.3,1.2,1.2,3.3,2,1.2,1.2,1.2,1.2,3.3,2,3.3,3.3,1.9,1.5,1.2,1.2,1.9,1.5,1.2,1.2,3.3,3.3,1.9,1.5,1.2,1.2,1.9,1.5,1.2,1.2,1.2,1.2,1.2,1.2,2.6,1.7,1.2,1.2,1.2,1.2,1.2,1.2,1.2,1.2,1.2,1.2,1.2,1.2,1.2,1.2,1.2,1.2,3.3,1.7,1.9,1.5,1.2,1.2,3.3,1.7,1.9,1.5,1.2,1.2,1.9,1.5,1.2,1.2,1.9,1.5,1.2,1.2,1.9,1.5,1.2,1.2,1.2,1.2,1.2,1.2,1.2,1.2,1.2,1.2,1.2,1.2,1.2,1.2,1.2,1.2,1.2,1.2,1.2,1.2,1.2,1.2,1.2,1.2,1.9,1.5,1.2,1.2,1.2,1.2,1.9,1.5,1.2,1.2,1.2,1.2,1.2,1.2,1.2,1.2,1.2,1.2,1.2,1.2,1.2,1.2,1.2,1.2,1.2,1.2,1.2,1.2,1.2,1.2,1.2,1.2,1.2,1.2,1.2,1.2,1.2,1.2,1.2,1.2,1.2,1.2,1.2,1.2,1.2,1.2,1.2,1.2,1.2,1.2,1.2,1.2,1.2,1.2,1.2,1.2
0.3200,0.2417,2046.3,93.5,1.88,1052.2,1756.7,2765.2,3744.9,0.931,0.708,3.3,3.3,3.3,3.3,1.9,1.5,1.2,1.2,12.3,10.9,2.6,1.7,1.2,1.2,1.9,1.5,1.2,1.2,3.3,3.3,2.6,1.7,1.2,1.2,3.3,2,2.6,1.7,1.2,1.2,26,24.7,3.3,1.7,2.6,1.7,1.2,1.2,16.4,15.1,3.3,3.3,2.6,1.7,1.2,1.2,2.6,1.7,1.2,1.2,3.3,3.3,2.6,1.7,1.2,1.2,3.3,3.3,2.6,1.7,1.2,1.2,1.2,1.2,2.6,1.7,1.2,1.2,2.6,1.7,1.2,1.2,1.2,1.2,2.6,1.7,1.2,1.2,3.3,3.3,1.2,1.2,20.5,19.4,3.3,3.3,1.2,1.2,3.3,2,1.2,1.2,1.2,1.2,3.3,2,3.3,3.3,1.9,1.5,1.2,1.2,1.9,1.5,1.2,1.2,3.3,3.3,1.9,1.5,1.2,1.2,1.9,1.5,1.2,1.2,1.2,1.2,1.2,1.2,2.6,1.7,1.2,1.2,1.2,1.2,1.2,1.2,1.2,1.2,1.2,1.2,1.2,1.2,1.2,1.2,1.2,1.2,3.3,1.7,1.9,1.5,1.2,1.2,3.3,1.7,1.9,1.5,1.2,1.2,1.9,1.5,1.2,1.2,1.9,1.5,1.2,1.2,1.9,1.5,1.2,1.2,1.2,1.2,1.2,1.2,1.2,1.2,1.2,1.2,1.2,1.2,1.2,1.2,1.2,1.2,1.2,1.2,1.2,1.2,1.2,1.2,1.2,1.2,1.9,1.5,1.2,1.2,1.2,1.2,1.9,1.5,1.2,1.2,1.2,1.2,1.2,1.2,1.2,1.2,1.2,1.2,1.2,1.2,1.2,1.2,1.2,1.2,1.2,1.2,1.2,1.2,1.2,1.2,1.2,1.2,1.2,1.2,1.2,1.2,1.2,1.2,1.2,1.2,1.2,1.2,1.2,1.2,1.2,1.2,1.2,1.2,1.2,1.2,1.2,1.2,1.2,1.2,1.2,1.2
0.3220,0.2443,2063,93.5,1.88,1052.2,1756.7,2767.7,3735,0.93,0.705,3.3,3.3,3.3,3.3,1.9,1.5,1.2,1.2,12.3,10.9,2.6,1.7,1.2,1.2,1.9,1.5,1.2,1.2,3.3,3.3,2.6,1.7,1.2,1.2,3.3,2,2.6,1.7,1.2,1.2,26.1,24.8,3.3,1.7,2.6,1.7,1.2,1.2,16.4,15.2,3.3,3.3,2.6,1.7,1.2,1.2,2.6,1.7,1.2,1.2,3.3,3.3,2.6,1.7,1.2,1.2,3.3,3.3,2.6,1.7,1.2,1.2,1.2,1.2,2.6,1.7,1.2,1.2,2.6,1.7,1.2,1.2,1.2,1.2,2.6,1.7,1.2,1.2,3.3,3.3,1.2,1.2,20.6,19.5,3.3,3.3,1.2,1.2,3.3,2,1.2,1.2,1.2,1.2,3.3,2,3.3,3.3,1.9,1.5,1.2,1.2,1.9,1.5,1.2,1.2,3.3,3.3,1.9,1.5,1.2,1.2,1.9,1.5,1.2,1.2,1.2,1.2,1.2,1.2,2.6,1.7,1.2,1.2,1.2,1.2,1.2,1.2,1.2,1.2,1.2,1.2,1.2,1.2,1.2,1.2,1.2,1.2,3.3,1.7,1.9,1.5,1.2,1.2,3.3,1.7,1.9,1.5,1.2,1.2,1.9,1.5,1.2,1.2,1.9,1.5,1.2,1.2,1.9,1.5,1.2,1.2,1.2,1.2,1.2,1.2,1.2,1.2,1.2,1.2,1.2,1.2,1.2,1.2,1.2,1.2,1.2,1.2,1.2,1.2,1.2,1.2,1.2,1.2,1.9,1.5,1.2,1.2,1.2,1.2,1.9,1.5,1.2,1.2,1.2,1.2,1.2,1.2,1.2,1.2,1.2,1.2,1.2,1.2,1.2,1.2,1.2,1.2,1.2,1.2,1.2,1.2,1.2,1.2,1.2,1.2,1.2,1.2,1.2,1.2,1.2,1.2,1.2,1.2,1.2,1.2,1.2,1.2,1.2,1.2,1.2,1.2,1.2,1.2,1.2,1.2,1.2,1.2,1.2,1.2
0.3250,0.2482,2079.8,93.5,1.88,1052.2,1756.7,2770.2,3728.7,0.93,0.702,3.3,3.3,3.3,3.3,1.9,1.5,1.2,1.2,12.3,10.9,2.6,1.7,1.2,1.2,1.9,1.5,1.2,1.2,3.3,3.3,2.6,1.7,1.2,1.2,3.3,2,2.6,1.7,1.2,1.2,26.2,24.9,3.3,1.7,2.6,1.7,1.2,1.2,16.5,15.2,3.3,3.3,2.6,1.7,1.2,1.2,2.6,1.7,1.2,1.2,3.3,3.3,2.6,1.7,1.2,1.2,3.3,3.3,2.6,1.7,1.2,1.2,1.2,1.2,2.6,1.7,1.2,1.2,2.6,1.7,1.2,1.2,1.2,1.2,2.6,1.7,1.2,1.2,3.3,3.3,1.2,1.2,20.6,19.5,3.3,3.3,1.2,1.2,3.3,2,1.2,1.2,1.2,1.2,3.3,2,3.3,3.3,1.9,1.5,1.2,1.2,1.9,1.5,1.2,1.2,3.3,3.3,1.9,1.5,1.2,1.2,1.9,1.5,1.2,1.2,1.2,1.2,1.2,1.2,2.6,1.7,1.2,1.2,1.2,1.2,1.2,1.2,1.2,1.2,1.2,1.2,1.2,1.2,1.2,1.2,1.2,1.2,3.3,1.7,1.9,1.5,1.2,1.2,3.3,1.7,1.9,1.5,1.2,1.2,1.9,1.5,1.2,1.2,1.9,1.5,1.2,1.2,1.9,1.5,1.2,1.2,1.2,1.2,1.2,1.2,1.2,1.2,1.2,1.2,1.2,1.2,1.2,1.2,1.2,1.2,1.2,1.2,1.2,1.2,1.2,1.2,1.2,1.2,1.9,1.5,1.2,1.2,1.2,1.2,1.9,1.5,1.2,1.2,1.2,1.2,1.2,1.2,1.2,1.2,1.2,1.2,1.2,1.2,1.2,1.2,1.2,1.2,1.2,1.2,1.2,1.2,1.2,1.2,1.2,1.2,1.2,1.2,1.2,1.2,1.2,1.2,1.2,1.2,1.2,1.2,1.2,1.2,1.2,1.2,1.2,1.2,1.2,1.2,1.2,1.2,1.2,1.2,1.2,1.2
0.3280,0.2522,2096.4,93.5,1.88,1052.2,1756.7,2772.4,3724.9,0.929,0.699,3.3,3.3,3.3,3.3,1.9,1.5,1.2,1.2,12.4,11,2.6,1.7,1.2,1.2,1.9,1.5,1.2,1.2,3.3,3.3,2.6,1.7,1.2,1.2,3.3,2,2.6,1.7,1.2,1.2,26.2,25,3.3,1.7,2.6,1.7,1.2,1.2,16.5,15.3,3.3,3.3,2.6,1.7,1.2,1.2,2.6,1.7,1.2,1.2,3.3,3.3,2.6,1.7,1.2,1.2,3.3,3.3,2.6,1.7,1.2,1.2,1.2,1.2,2.6,1.7,1.2,1.2,2.6,1.7,1.2,1.2,1.2,1.2,2.6,1.7,1.2,1.2,3.3,3.3,1.2,1.2,20.7,19.6,3.3,3.3,1.2,1.2,3.3,2,1.2,1.2,1.2,1.2,3.3,2,3.3,3.3,1.9,1.5,1.2,1.2,1.9,1.5,1.2,1.2,3.3,3.3,1.9,1.5,1.2,1.2,1.9,1.5,1.2,1.2,1.2,1.2,1.2,1.2,2.6,1.7,1.2,1.2,1.2,1.2,1.2,1.2,1.2,1.2,1.2,1.2,1.2,1.2,1.2,1.2,1.2,1.2,3.3,1.7,1.9,1.5,1.2,1.2,3.3,1.7,1.9,1.5,1.2,1.2,1.9,1.5,1.2,1.2,1.9,1.5,1.2,1.2,1.9,1.5,1.2,1.2,1.2,1.2,1.2,1.2,1.2,1.2,1.2,1.2,1.2,1.2,1.2,1.2,1.2,1.2,1.2,1.2,1.2,1.2,1.2,1.2,1.2,1.2,1.9,1.5,1.2,1.2,1.2,1.2,1.9,1.5,1.2,1.2,1.2,1.2,1.2,1.2,1.2,1.2,1.2,1.2,1.2,1.2,1.2,1.2,1.2,1.2,1.2,1.2,1.2,1.2,1.2,1.2,1.2,1.2,1.2,1.2,1.2,1.2,1.2,1.2,1.2,1.2,1.2,1.2,1.2,1.2,1.2,1.2,1.2,1.2,1.2,1.2,1.2,1.2,1.2,1.2,1.2,1.2
0.3300,0.2548,2113.1,93.5,1.88,1052.2,1756.7,2774.1,3722.6,0.928,0.696,3.3,3.3,3.3,3.3,1.9,1.5,1.2,1.2,12.4,11,2.6,1.7,1.2,1.2,1.9,1.5,1.2,1.2,3.3,3.3,2.6,1.7,1.2,1.2,3.3,2,2.6,1.7,1.2,1.2,26.3,25.1,3.3,1.7,2.6,1.7,1.2,1.2,16.6,15.1,3.3,3.3,2.6,1.7,1.2,1.2,2.6,1.7,1.2,1.2,3.3,3.3,2.6,1.7,1.2,1.2,3.3,3.3,2.6,1.7,1.2,1.2,1.2,1.2,2.6,1.7,1.2,1.2,2.6,1.7,1.2,1.2,1.2,1.2,2.6,1.7,1.2,1.2,3.3,3.3,1.2,1.2,20.7,19.6,3.3,3.3,1.2,1.2,3.3,2,1.2,1.2,1.2,1.2,3.3,2,3.3,3.3,1.9,1.5,1.2,1.2,1.9,1.5,1.2,1.2,3.3,3.3,1.9,1.5,1.2,1.2,1.9,1.5,1.2,1.2,1.2,1.2,1.2,1.2,2.6,1.7,1.2,1.2,1.2,1.2,1.2,1.2,1.2,1.2,1.2,1.2,1.2,1.2,1.2,1.2,1.2,1.2,3.3,1.7,1.9,1.5,1.2,1.2,3.3,1.7,1.9,1.5,1.2,1.2,1.9,1.5,1.2,1.2,1.9,1.5,1.2,1.2,1.9,1.5,1.2,1.2,1.2,1.2,1.2,1.2,1.2,1.2,1.2,1.2,1.2,1.2,1.2,1.2,1.2,1.2,1.2,1.2,1.2,1.2,1.2,1.2,1.2,1.2,1.9,1.5,1.2,1.2,1.2,1.2,1.9,1.5,1.2,1.2,1.2,1.2,1.2,1.2,1.2,1.2,1.2,1.2,1.2,1.2,1.2,1.2,1.2,1.2,1.2,1.2,1.2,1.2,1.2,1.2,1.2,1.2,1.2,1.2,1.2,1.2,1.2,1.2,1.2,1.2,1.2,1.2,1.2,1.2,1.2,1.2,1.2,1.2,1.2,1.2,1.2,1.2,1.2,1.2,1.2,1.2
0.3330,0.2588,2129.8,93.5,1.88,1052.2,1756.7,2775.4,3721.4,0.927,0.693,3.3,3.3,3.3,3.3,1.9,1.5,1.2,1.2,12.4,11.1,2.6,1.7,1.2,1.2,1.9,1.5,1.2,1.2,3.3,3.3,2.6,1.7,1.2,1.2,3.3,2,2.6,1.7,1.2,1.2,26.4,25.1,3.3,1.7,2.6,1.7,1.2,1.2,16.6,15.2,3.3,3.3,2.6,1.7,1.2,1.2,2.6,1.7,1.2,1.2,3.3,3.3,2.6,1.7,1.2,1.2,3.3,3.3,2.6,1.7,1.2,1.2,1.2,1.2,2.6,1.7,1.2,1.2,2.6,1.7,1.2,1.2,1.2,1.2,2.6,1.7,1.2,1.2,3.3,3.3,1.2,1.2,20.8,19.7,3.3,3.3,1.2,1.2,3.3,2,1.2,1.2,1.2,1.2,3.3,2,3.3,3.3,1.9,1.5,1.2,1.2,1.9,1.5,1.2,1.2,3.3,3.3,1.9,1.5,1.2,1.2,1.9,1.5,1.2,1.2,1.2,1.2,1.2,1.2,2.6,1.7,1.2,1.2,1.2,1.2,1.2,1.2,1.2,1.2,1.2,1.2,1.2,1.2,1.2,1.2,1.2,1.2,3.3,1.7,1.9,1.5,1.2,1.2,3.3,1.7,1.9,1.5,1.2,1.2,1.9,1.5,1.2,1.2,1.9,1.5,1.2,1.2,1.9,1.5,1.2,1.2,1.2,1.2,1.2,1.2,1.2,1.2,1.2,1.2,1.2,1.2,1.2,1.2,1.2,1.2,1.2,1.2,1.2,1.2,1.2,1.2,1.2,1.2,1.9,1.5,1.2,1.2,1.2,1.2,1.9,1.5,1.2,1.2,1.2,1.2,1.2,1.2,1.2,1.2,1.2,1.2,1.2,1.2,1.2,1.2,1.2,1.2,1.2,1.2,1.2,1.2,1.2,1.2,1.2,1.2,1.2,1.2,1.2,1.2,1.2,1.2,1.2,1.2,1.2,1.2,1.2,1.2,1.2,1.2,1.2,1.2,1.2,1.2,1.2,1.2,1.2,1.2,1.2,1.2
0.3350,0.2615,2146.4,93.5,1.88,1052.2,1756.7,2776.3,3721,0.926,0.69,3.3,3.3,3.3,3.3,1.9,1.5,1.2,1.2,12.5,11.1,2.6,1.7,1.2,1.2,1.9,1.5,1.2,1.2,3.3,3.3,2.6,1.7,1.2,1.2,3.3,2,2.6,1.7,1.2,1.2,26.5,25.2,3.3,1.7,2.6,1.7,1.2,1.2,16.7,15.4,3.3,3.3,2.6,1.7,1.2,1.2,2.6,1.7,1.2,1.2,3.3,3.3,2.6,1.7,1.2,1.2,3.3,3.3,2.6,1.7,1.2,1.2,1.2,1.2,2.6,1.7,1.2,1.2,2.6,1.7,1.2,1.2,1.2,1.2,2.6,1.7,1.2,1.2,3.3,3.3,1.2,1.2,20.9,19.8,3.3,3.3,1.2,1.2,3.3,2,1.2,1.2,1.2,1.2,3.3,2,3.3,3.3,1.9,1.5,1.2,1.2,1.9,1.5,1.2,1.2,3.3,3.3,1.9,1.5,1.2,1.2,1.9,1.5,1.2,1.2,1.2,1.2,1.2,1.2,2.6,1.7,1.2,1.2,1.2,1.2,1.2,1.2,1.2,1.2,1.2,1.2,1.2,1.2,1.2,1.2,1.2,1.2,3.3,1.7,1.9,1.5,1.2,1.2,3.3,1.7,1.9,1.5,1.2,1.2,1.9,1.5,1.2,1.2,1.9,1.5,1.2,1.2,1.9,1.5,1.2,1.2,1.2,1.2,1.2,1.2,1.2,1.2,1.2,1.2,1.2,1.2,1.2,1.2,1.2,1.2,1.2,1.2,1.2,1.2,1.2,1.2,1.2,1.2,1.9,1.5,1.2,1.2,1.2,1.2,1.9,1.5,1.2,1.2,1.2,1.2,1.2,1.2,1.2,1.2,1.2,1.2,1.2,1.2,1.2,1.2,1.2,1.2,1.2,1.2,1.2,1.2,1.2,1.2,1.2,1.2,1.2,1.2,1.2,1.2,1.2,1.2,1.2,1.2,1.2,1.2,1.2,1.2,1.2,1.2,1.2,1.2,1.2,1.2,1.2,1.2,1.2,1.2,1.2,1.2
0.3380,0.2655,2163.1,93.5,1.87,1052.2,1756.7,2777.1,3721.4,0.926,0.687,3.3,3.3,3.3,3.3,1.9,1.5,1.2,1.2,12.5,11.1,2.6,1.7,1.2,1.2,1.9,1.5,1.2,1.2,3.3,3.3,2.6,1.7,1.2,1.2,3.3,2,2.6,1.7,1.2,1.2,26.6,25.3,3.3,1.7,2.6,1.7,1.2,1.2,16.7,15.4,3.3,3.3,2.6,1.7,1.2,1.2,2.6,1.7,1.2,1.2,3.3,3.3,2.6,1.7,1.2,1.2,3.3,3.3,2.6,1.7,1.2,1.2,1.2,1.2,2.6,1.7,1.2,1.2,2.6,1.7,1.2,1.2,1.2,1.2,2.6,1.7,1.2,1.2,3.3,3.3,1.2,1.2,20.9,19.8,3.3,3.3,1.2,1.2,3.3,2,1.2,1.2,1.2,1.2,3.3,2,3.3,3.3,1.9,1.5,1.2,1.2,1.9,1.5,1.2,1.2,3.3,3.3,1.9,1.5,1.2,1.2,1.9,1.5,1.2,1.2,1.2,1.2,1.2,1.2,2.6,1.7,1.2,1.2,1.2,1.2,1.2,1.2,1.2,1.2,1.2,1.2,1.2,1.2,1.2,1.2,1.2,1.2,3.3,1.7,1.9,1.5,1.2,1.2,3.3,1.7,1.9,1.5,1.2,1.2,1.9,1.5,1.2,1.2,1.9,1.5,1.2,1.2,1.9,1.5,1.2,1.2,1.2,1.2,1.2,1.2,1.2,1.2,1.2,1.2,1.2,1.2,1.2,1.2,1.2,1.2,1.2,1.2,1.2,1.2,1.2,1.2,1.2,1.2,1.9,1.5,1.2,1.2,1.2,1.2,1.9,1.5,1.2,1.2,1.2,1.2,1.2,1.2,1.2,1.2,1.2,1.2,1.2,1.2,1.2,1.2,1.2,1.2,1.2,1.2,1.2,1.2,1.2,1.2,1.2,1.2,1.2,1.2,1.2,1.2,1.2,1.2,1.2,1.2,1.2,1.2,1.2,1.2,1.2,1.2,1.2,1.2,1.2,1.2,1.2,1.2,1.2,1.2,1.2,1.2
0.3410,0.2695,2179.6,93.5,1.87,1052.2,1756.7,2777.6,3722.2,0.925,0.684,3.3,3.3,3.3,3.3,1.9,1.5,1.2,1.2,12.6,11.2,2.6,1.7,1.2,1.2,1.9,1.5,1.2,1.2,3.3,3.3,2.6,1.7,1.2,1.2,3.3,2,2.6,1.7,1.2,1.2,26.6,25.4,3.3,1.7,2.6,1.7,1.2,1.2,16.8,15.5,3.3,3.3,2.6,1.7,1.2,1.2,2.6,1.7,1.2,1.2,3.3,3.3,2.6,1.7,1.2,1.2,3.3,3.3,2.6,1.7,1.2,1.2,1.2,1.2,2.6,1.7,1.2,1.2,2.6,1.7,1.2,1.2,1.2,1.2,2.6,1.7,1.2,1.2,3.3,3.3,1.2,1.2,21,19.9,3.3,3.3,1.2,1.2,3.3,2,1.2,1.2,1.2,1.2,3.3,2,3.3,3.3,1.9,1.5,1.2,1.2,1.9,1.5,1.2,1.2,3.3,3.3,1.9,1.5,1.2,1.2,1.9,1.5,1.2,1.2,1.2,1.2,1.2,1.2,2.6,1.7,1.2,1.2,1.2,1.2,1.2,1.2,1.2,1.2,1.2,1.2,1.2,1.2,1.2,1.2,1.2,1.2,3.3,1.7,1.9,1.5,1.2,1.2,3.3,1.7,1.9,1.5,1.2,1.2,1.9,1.5,1.2,1.2,1.9,1.5,1.2,1.2,1.9,1.5,1.2,1.2,1.2,1.2,1.2,1.2,1.2,1.2,1.2,1.2,1.2,1.2,1.2,1.2,1.2,1.2,1.2,1.2,1.2,1.2,1.2,1.2,1.2,1.2,1.9,1.5,1.2,1.2,1.2,1.2,1.9,1.5,1.2,1.2,1.2,1.2,1.2,1.2,1.2,1.2,1.2,1.2,1.2,1.2,1.2,1.2,1.2,1.2,1.2,1.2,1.2,1.2,1.2,1.2,1.2,1.2,1.2,1.2,1.2,1.2,1.2,1.2,1.2,1.2,1.2,1.2,1.2,1.2,1.2,1.2,1.2,1.2,1.2,1.2,1.2,1.2,1.2,1.2,1.2,1.2
0.3430,0.2722,2196.6,93.5,1.87,1052.2,1756.7,2778.1,3723.3,0.924,0.681,3.3,3.3,3.3,3.3,1.9,1.5,1.2,1.2,12.6,11.2,2.6,1.7,1.2,1.2,1.9,1.5,1.2,1.2,3.3,3.3,2.6,1.7,1.2,1.2,3.3,2,2.6,1.7,1.2,1.2,26.7,25.4,3.3,1.7,2.6,1.7,1.2,1.2,16.8,15.5,3.3,3.3,2.6,1.7,1.2,1.2,2.6,1.7,1.2,1.2,3.3,3.3,2.6,1.7,1.2,1.2,3.3,3.3,2.6,1.7,1.2,1.2,1.2,1.2,2.6,1.7,1.2,1.2,2.6,1.7,1.2,1.2,1.2,1.2,2.6,1.7,1.2,1.2,3.3,3.3,1.2,1.2,21.1,19.9,3.3,3.3,1.2,1.2,3.3,2,1.2,1.2,1.2,1.2,3.3,2,3.3,3.3,1.9,1.5,1.2,1.2,1.9,1.5,1.2,1.2,3.3,3.3,1.9,1.5,1.2,1.2,1.9,1.5,1.2,1.2,1.2,1.2,1.2,1.2,2.6,1.7,1.2,1.2,1.2,1.2,1.2,1.2,1.2,1.2,1.2,1.2,1.2,1.2,1.2,1.2,1.2,1.2,3.3,1.7,1.9,1.5,1.2,1.2,3.3,1.7,1.9,1.5,1.2,1.2,1.9,1.5,1.2,1.2,1.9,1.5,1.2,1.2,1.9,1.5,1.2,1.2,1.2,1.2,1.2,1.2,1.2,1.2,1.2,1.2,1.2,1.2,1.2,1.2,1.2,1.2,1.2,1.2,1.2,1.2,1.2,1.2,1.2,1.2,1.9,1.5,1.2,1.2,1.2,1.2,1.9,1.5,1.2,1.2,1.2,1.2,1.2,1.2,1.2,1.2,1.2,1.2,1.2,1.2,1.2,1.2,1.2,1.2,1.2,1.2,1.2,1.2,1.2,1.2,1.2,1.2,1.2,1.2,1.2,1.2,1.2,1.2,1.2,1.2,1.2,1.2,1.2,1.2,1.2,1.2,1.2,1.2,1.2,1.2,1.2,1.2,1.2,1.2,1.2,1.2
0.3460,0.2763,2213.1,93.5,1.87,1052.2,1756.7,2778.4,3724.8,0.923,0.678,3.3,3.3,3.3,3.3,1.9,1.5,1.2,1.2,12.6,11.2,2.6,1.7,1.2,1.2,1.9,1.5,1.2,1.2,3.3,3.3,2.6,1.7,1.2,1.2,3.3,2,2.6,1.7,1.2,1.2,26.8,25.5,3.3,1.7,2.6,1.7,1.2,1.2,16.9,15.6,3.3,3.3,2.6,1.7,1.2,1.2,2.6,1.7,1.2,1.2,3.3,3.3,2.6,1.7,1.2,1.2,3.3,3.3,2.6,1.7,1.2,1.2,1.2,1.2,2.6,1.7,1.2,1.2,2.6,1.7,1.2,1.2,1.2,1.2,2.6,1.7,1.2,1.2,3.3,3.3,1.2,1.2,21.1,20,3.3,3.3,1.2,1.2,3.3,2,1.2,1.2,1.2,1.2,3.3,2,3.3,3.3,1.9,1.5,1.2,1.2,1.9,1.5,1.2,1.2,3.3,3.3,1.9,1.5,1.2,1.2,1.9,1.5,1.2,1.2,1.2,1.2,1.2,1.2,2.6,1.7,1.2,1.2,1.2,1.2,1.2,1.2,1.2,1.2,1.2,1.2,1.2,1.2,1.2,1.2,1.2,1.2,3.3,1.7,1.9,1.5,1.2,1.2,3.3,1.7,1.9,1.5,1.2,1.2,1.9,1.5,1.2,1.2,1.9,1.5,1.2,1.2,1.9,1.5,1.2,1.2,1.2,1.2,1.2,1.2,1.2,1.2,1.2,1.2,1.2,1.2,1.2,1.2,1.2,1.2,1.2,1.2,1.2,1.2,1.2,1.2,1.2,1.2,1.9,1.5,1.2,1.2,1.2,1.2,1.9,1.5,1.2,1.2,1.2,1.2,1.2,1.2,1.2,1.2,1.2,1.2,1.2,1.2,1.2,1.2,1.2,1.2,1.2,1.2,1.2,1.2,1.2,1.2,1.2,1.2,1.2,1.2,1.2,1.2,1.2,1.2,1.2,1.2,1.2,1.2,1.2,1.2,1.2,1.2,1.2,1.2,1.2,1.2,1.2,1.2,1.2,1.2,1.2,1.2
0.3480,0.2790,2229.7,93.5,1.87,1052.2,1756.7,2778.7,3726.5,0.922,0.675,3.3,3.3,3.3,3.3,1.9,1.5,1.2,1.2,12.7,11.3,2.6,1.7,1.2,1.2,1.9,1.5,1.2,1.2,3.3,3.3,2.6,1.7,1.2,1.2,3.3,2,2.6,1.7,1.2,1.2,26.9,25.6,3.3,1.7,2.6,1.7,1.2,1.2,16.9,15.6,3.3,3.3,2.6,1.7,1.2,1.2,2.6,1.7,1.2,1.2,3.3,3.3,2.6,1.7,1.2,1.2,3.3,3.3,2.6,1.7,1.2,1.2,1.2,1.2,2.6,1.7,1.2,1.2,2.6,1.7,1.2,1.2,1.2,1.2,2.6,1.7,1.2,1.2,3.3,3.3,1.2,1.2,21.2,20,3.3,3.3,1.2,1.2,3.3,2,1.2,1.2,1.2,1.2,3.3,2,3.3,3.3,1.9,1.5,1.2,1.2,1.9,1.5,1.2,1.2,3.3,3.3,1.9,1.5,1.2,1.2,1.9,1.5,1.2,1.2,1.2,1.2,1.2,1.2,2.6,1.7,1.2,1.2,1.2,1.2,1.2,1.2,1.2,1.2,1.2,1.2,1.2,1.2,1.2,1.2,1.2,1.2,3.3,1.7,1.9,1.5,1.2,1.2,3.3,1.7,1.9,1.5,1.2,1.2,1.9,1.5,1.2,1.2,1.9,1.5,1.2,1.2,1.9,1.5,1.2,1.2,1.2,1.2,1.2,1.2,1.2,1.2,1.2,1.2,1.2,1.2,1.2,1.2,1.2,1.2,1.2,1.2,1.2,1.2,1.2,1.2,1.2,1.2,1.9,1.5,1.2,1.2,1.2,1.2,1.9,1.5,1.2,1.2,1.2,1.2,1.2,1.2,1.2,1.2,1.2,1.2,1.2,1.2,1.2,1.2,1.2,1.2,1.2,1.2,1.2,1.2,1.2,1.2,1.2,1.2,1.2,1.2,1.2,1.2,1.2,1.2,1.2,1.2,1.2,1.2,1.2,1.2,1.2,1.2,1.2,1.2,1.2,1.2,1.2,1.2,1.2,1.2,1.2,1.2
0.3510,0.2831,2246.7,93.5,1.87,1052.2,1756.7,2778.9,3728.3,0.922,0.672,3.3,3.3,3.3,3.3,1.9,1.5,1.2,1.2,12.7,11.3,2.6,1.7,1.2,1.2,1.9,1.5,1.2,1.2,3.3,3.3,2.6,1.7,1.2,1.2,3.3,2,2.6,1.7,1.2,1.2,27,25.6,3.3,1.7,2.6,1.7,1.2,1.2,17,15.7,3.3,3.3,2.6,1.7,1.2,1.2,2.6,1.7,1.2,1.2,3.3,3.3,2.6,1.7,1.2,1.2,3.3,3.3,2.6,1.7,1.2,1.2,1.2,1.2,2.6,1.7,1.2,1.2,2.6,1.7,1.2,1.2,1.2,1.2,2.6,1.7,1.2,1.2,3.3,3.3,1.2,1.2,21.3,20.1,3.3,3.3,1.2,1.2,3.3,2,1.2,1.2,1.2,1.2,3.3,2,3.3,3.3,1.9,1.5,1.2,1.2,1.9,1.5,1.2,1.2,3.3,3.3,1.9,1.5,1.2,1.2,1.9,1.5,1.2,1.2,1.2,1.2,1.2,1.2,2.6,1.7,1.2,1.2,1.2,1.2,1.2,1.2,1.2,1.2,1.2,1.2,1.2,1.2,1.2,1.2,1.2,1.2,3.3,1.7,1.9,1.5,1.2,1.2,3.3,1.7,1.9,1.5,1.2,1.2,1.9,1.5,1.2,1.2,1.9,1.5,1.2,1.2,1.9,1.5,1.2,1.2,1.2,1.2,1.2,1.2,1.2,1.2,1.2,1.2,1.2,1.2,1.2,1.2,1.2,1.2,1.2,1.2,1.2,1.2,1.2,1.2,1.2,1.2,1.9,1.5,1.2,1.2,1.2,1.2,1.9,1.5,1.2,1.2,1.2,1.2,1.2,1.2,1.2,1.2,1.2,1.2,1.2,1.2,1.2,1.2,1.2,1.2,1.2,1.2,1.2,1.2,1.2,1.2,1.2,1.2,1.2,1.2,1.2,1.2,1.2,1.2,1.2,1.2,1.2,1.2,1.2,1.2,1.2,1.2,1.2,1.2,1.2,1.2,1.2,1.2,1.2,1.2,1.2,1.2
0.3540,0.2872,2263.2,93.5,1.87,1052.2,1756.7,2779,3730.3,0.921,0.669,3.3,3.3,3.3,3.3,1.9,1.5,1.2,1.2,12.8,11.3,2.6,1.7,1.2,1.2,1.9,1.5,1.2,1.2,3.3,3.3,2.6,1.7,1.2,1.2,3.3,2,2.6,1.7,1.2,1.2,27,25.7,3.3,1.7,2.6,1.7,1.2,1.2,17,15.7,3.3,3.3,2.6,1.7,1.2,1.2,2.6,1.7,1.2,1.2,3.3,3.3,2.6,1.7,1.2,1.2,3.3,3.3,2.6,1.7,1.2,1.2,1.2,1.2,2.6,1.7,1.2,1.2,2.6,1.7,1.2,1.2,1.2,1.2,2.6,1.7,1.2,1.2,3.3,3.3,1.2,1.2,21.3,20.2,3.3,3.3,1.2,1.2,3.3,2,1.2,1.2,1.2,1.2,3.3,2,3.3,3.3,1.9,1.5,1.2,1.2,1.9,1.5,1.2,1.2,3.3,3.3,1.9,1.5,1.2,1.2,1.9,1.5,1.2,1.2,1.2,1.2,1.2,1.2,2.6,1.7,1.2,1.2,1.2,1.2,1.2,1.2,1.2,1.2,1.2,1.2,1.2,1.2,1.2,1.2,1.2,1.2,3.3,1.7,1.9,1.5,1.2,1.2,3.3,1.7,1.9,1.5,1.2,1.2,1.9,1.5,1.2,1.2,1.9,1.5,1.2,1.2,1.9,1.5,1.2,1.2,1.2,1.2,1.2,1.2,1.2,1.2,1.2,1.2,1.2,1.2,1.2,1.2,1.2,1.2,1.2,1.2,1.2,1.2,1.2,1.2,1.2,1.2,1.9,1.5,1.2,1.2,1.2,1.2,1.9,1.5,1.2,1.2,1.2,1.2,1.2,1.2,1.2,1.2,1.2,1.2,1.2,1.2,1.2,1.2,1.2,1.2,1.2,1.2,1.2,1.2,1.2,1.2,1.2,1.2,1.2,1.2,1.2,1.2,1.2,1.2,1.2,1.2,1.2,1.2,1.2,1.2,1.2,1.2,1.2,1.2,1.2,1.2,1.2,1.2,1.2,1.2,1.2,1.2
0.3560,0.2900,2279.9,93.5,1.87,1052.2,1756.7,2779.2,3732.4,0.92,0.666,3.3,3.3,3.3,3.3,1.9,1.5,1.2,1.2,12.8,11.4,2.6,1.7,1.2,1.2,1.9,1.5,1.2,1.2,3.3,3.3,2.6,1.7,1.2,1.2,3.3,2,2.6,1.7,1.2,1.2,27.1,25.8,3.3,1.7,2.6,1.7,1.2,1.2,17.1,15.8,3.3,3.3,2.6,1.7,1.2,1.2,2.6,1.7,1.2,1.2,3.3,3.3,2.6,1.7,1.2,1.2,3.3,3.3,2.6,1.7,1.2,1.2,1.2,1.2,2.6,1.7,1.2,1.2,2.6,1.7,1.2,1.2,1.2,1.2,2.6,1.7,1.2,1.2,3.3,3.3,1.2,1.2,21.4,20.2,3.3,3.3,1.2,1.2,3.3,2,1.2,1.2,1.2,1.2,3.3,2,3.3,3.3,1.9,1.5,1.2,1.2,1.9,1.5,1.2,1.2,3.3,3.3,1.9,1.5,1.2,1.2,1.9,1.5,1.2,1.2,1.2,1.2,1.2,1.2,2.6,1.7,1.2,1.2,1.2,1.2,1.2,1.2,1.2,1.2,1.2,1.2,1.2,1.2,1.2,1.2,1.2,1.2,3.3,1.7,1.9,1.5,1.2,1.2,3.3,1.7,1.9,1.5,1.2,1.2,1.9,1.5,1.2,1.2,1.9,1.5,1.2,1.2,1.9,1.5,1.2,1.2,1.2,1.2,1.2,1.2,1.2,1.2,1.2,1.2,1.2,1.2,1.2,1.2,1.2,1.2,1.2,1.2,1.2,1.2,1.2,1.2,1.2,1.2,1.9,1.5,1.2,1.2,1.2,1.2,1.9,1.5,1.2,1.2,1.2,1.2,1.2,1.2,1.2,1.2,1.2,1.2,1.2,1.2,1.2,1.2,1.2,1.2,1.2,1.2,1.2,1.2,1.2,1.2,1.2,1.2,1.2,1.2,1.2,1.2,1.2,1.2,1.2,1.2,1.2,1.2,1.2,1.2,1.2,1.2,1.2,1.2,1.2,1.2,1.2,1.2,1.2,1.2,1.2,1.2
0.3590,0.2941,2296.5,93.5,1.87,1052.2,1756.7,2779.3,3734.6,0.919,0.663,3.3,3.3,3.3,3.3,1.9,1.5,1.2,1.2,12.8,11.4,2.6,1.7,1.2,1.2,1.9,1.5,1.2,1.2,3.3,3.3,2.6,1.7,1.2,1.2,3.3,2,2.6,1.7,1.2,1.2,27.2,25.9,3.3,1.7,2.6,1.7,1.2,1.2,17.1,15.8,3.3,3.3,2.6,1.7,1.2,1.2,2.6,1.7,1.2,1.2,3.3,3.3,2.6,1.7,1.2,1.2,3.3,3.3,2.6,1.7,1.2,1.2,1.2,1.2,2.6,1.7,1.2,1.2,2.6,1.7,1.2,1.2,1.2,1.2,2.6,1.7,1.2,1.2,3.3,3.3,1.2,1.2,21.5,20.3,3.3,3.3,1.2,1.2,3.3,2,1.2,1.2,1.2,1.2,3.3,2,3.3,3.3,1.9,1.5,1.2,1.2,1.9,1.5,1.2,1.2,3.3,3.3,1.9,1.5,1.2,1.2,1.9,1.5,1.2,1.2,1.2,1.2,1.2,1.2,2.6,1.7,1.2,1.2,1.2,1.2,1.2,1.2,1.2,1.2,1.2,1.2,1.2,1.2,1.2,1.2,1.2,1.2,3.3,1.7,1.9,1.5,1.2,1.2,3.3,1.7,1.9,1.5,1.2,1.2,1.9,1.5,1.2,1.2,1.9,1.5,1.2,1.2,1.9,1.5,1.2,1.2,1.2,1.2,1.2,1.2,1.2,1.2,1.2,1.2,1.2,1.2,1.2,1.2,1.2,1.2,1.2,1.2,1.2,1.2,1.2,1.2,1.2,1.2,1.9,1.5,1.2,1.2,1.2,1.2,1.9,1.5,1.2,1.2,1.2,1.2,1.2,1.2,1.2,1.2,1.2,1.2,1.2,1.2,1.2,1.2,1.2,1.2,1.2,1.2,1.2,1.2,1.2,1.2,1.2,1.2,1.2,1.2,1.2,1.2,1.2,1.2,1.2,1.2,1.2,1.2,1.2,1.2,1.2,1.2,1.2,1.2,1.2,1.2,1.2,1.2,1.2,1.2,1.2,1.2
0.3610,0.2969,2313.3,93.5,1.86,1052.2,1756.7,2779.4,3736.8,0.918,0.66,3.3,3.3,3.3,3.3,1.9,1.5,1.2,1.2,12.9,11.5,2.6,1.7,1.2,1.2,1.9,1.5,1.2,1.2,3.3,3.3,2.6,1.7,1.2,1.2,3.3,2,2.6,1.7,1.2,1.2,27.3,26,3.3,1.7,2.6,1.7,1.2,1.2,17.2,15.9,3.3,3.3,2.6,1.7,1.2,1.2,2.6,1.7,1.2,1.2,3.3,3.3,2.6,1.7,1.2,1.2,3.3,3.3,2.6,1.7,1.2,1.2,1.2,1.2,2.6,1.7,1.2,1.2,2.6,1.7,1.2,1.2,1.2,1.2,2.6,1.7,1.2,1.2,3.3,3.3,1.2,1.2,21.5,20.4,3.3,3.3,1.2,1.2,3.3,2,1.2,1.2,1.2,1.2,3.3,2,3.3,3.3,1.9,1.5,1.2,1.2,1.9,1.5,1.2,1.2,3.3,3.3,1.9,1.5,1.2,1.2,1.9,1.5,1.2,1.2,1.2,1.2,1.2,1.2,2.6,1.7,1.2,1.2,1.2,1.2,1.2,1.2,1.2,1.2,1.2,1.2,1.2,1.2,1.2,1.2,1.2,1.2,3.3,1.7,1.9,1.5,1.2,1.2,3.3,1.7,1.9,1.5,1.2,1.2,1.9,1.5,1.2,1.2,1.9,1.5,1.2,1.2,1.9,1.5,1.2,1.2,1.2,1.2,1.2,1.2,1.2,1.2,1.2,1.2,1.2,1.2,1.2,1.2,1.2,1.2,1.2,1.2,1.2,1.2,1.2,1.2,1.2,1.2,1.9,1.5,1.2,1.2,1.2,1.2,1.9,1.5,1.2,1.2,1.2,1.2,1.2,1.2,1.2,1.2,1.2,1.2,1.2,1.2,1.2,1.2,1.2,1.2,1.2,1.2,1.2,1.2,1.2,1.2,1.2,1.2,1.2,1.2,1.2,1.2,1.2,1.2,1.2,1.2,1.2,1.2,1.2,1.2,1.2,1.2,1.2,1.2,1.2,1.2,1.2,1.2,1.2,1.2,1.2,1.2
0.3640,0.3010,2330,93.5,1.86,1052.2,1756.7,2779.5,3739.1,0.917,0.657,3.3,3.3,3.3,3.3,1.9,1.5,1.2,1.2,12.9,11.5,2.6,1.7,1.2,1.2,1.9,1.5,1.2,1.2,3.3,3.3,2.6,1.7,1.2,1.2,3.3,2,2.6,1.7,1.2,1.2,27.4,26.1,3.3,1.7,2.6,1.7,1.2,1.2,17.3,15.9,3.3,3.3,2.6,1.7,1.2,1.2,2.6,1.7,1.2,1.2,3.3,3.3,2.6,1.7,1.2,1.2,3.3,3.3,2.6,1.7,1.2,1.2,1.2,1.2,2.6,1.7,1.2,1.2,2.6,1.7,1.2,1.2,1.2,1.2,2.6,1.7,1.2,1.2,3.3,3.3,1.2,1.2,21.6,20.4,3.3,3.3,1.2,1.2,3.3,2,1.2,1.2,1.2,1.2,3.3,2,3.3,3.3,1.9,1.5,1.2,1.2,1.9,1.5,1.2,1.2,3.3,3.3,1.9,1.5,1.2,1.2,1.9,1.5,1.2,1.2,1.2,1.2,1.2,1.2,2.6,1.7,1.2,1.2,1.2,1.2,1.2,1.2,1.2,1.2,1.2,1.2,1.2,1.2,1.2,1.2,1.2,1.2,3.3,1.7,1.9,1.5,1.2,1.2,3.3,1.7,1.9,1.5,1.2,1.2,1.9,1.5,1.2,1.2,1.9,1.5,1.2,1.2,1.9,1.5,1.2,1.2,1.2,1.2,1.2,1.2,1.2,1.2,1.2,1.2,1.2,1.2,1.2,1.2,1.2,1.2,1.2,1.2,1.2,1.2,1.2,1.2,1.2,1.2,1.9,1.5,1.2,1.2,1.2,1.2,1.9,1.5,1.2,1.2,1.2,1.2,1.2,1.2,1.2,1.2,1.2,1.2,1.2,1.2,1.2,1.2,1.2,1.2,1.2,1.2,1.2,1.2,1.2,1.2,1.2,1.2,1.2,1.2,1.2,1.2,1.2,1.2,1.2,1.2,1.2,1.2,1.2,1.2,1.2,1.2,1.2,1.2,1.2,1.2,1.2,1.2,1.2,1.2,1.2,1.2
0.3670,0.3052,2346.6,93.5,1.86,1052.2,1756.7,2779.6,3741.5,0.916,0.654,3.3,3.3,3.3,3.3,1.9,1.5,1.2,1.2,13,11.5,2.6,1.7,1.2,1.2,1.9,1.5,1.2,1.2,3.3,3.3,2.6,1.7,1.2,1.2,3.3,2,2.6,1.7,1.2,1.2,27.5,26.2,3.3,1.7,2.6,1.7,1.2,1.2,17.3,16,3.3,3.3,2.6,1.7,1.2,1.2,2.6,1.7,1.2,1.2,3.3,3.3,2.6,1.7,1.2,1.2,3.3,3.3,2.6,1.7,1.2,1.2,1.2,1.2,2.6,1.7,1.2,1.2,2.6,1.7,1.2,1.2,1.2,1.2,2.6,1.7,1.2,1.2,3.3,3.3,1.2,1.2,21.7,20.5,3.3,3.3,1.2,1.2,3.3,2,1.2,1.2,1.2,1.2,3.3,2,3.3,3.3,1.9,1.5,1.2,1.2,1.9,1.5,1.2,1.2,3.3,3.3,1.9,1.5,1.2,1.2,1.9,1.5,1.2,1.2,1.2,1.2,1.2,1.2,2.6,1.7,1.2,1.2,1.2,1.2,1.2,1.2,1.2,1.2,1.2,1.2,1.2,1.2,1.2,1.2,1.2,1.2,3.3,1.7,1.9,1.5,1.2,1.2,3.3,1.7,1.9,1.5,1.2,1.2,1.9,1.5,1.2,1.2,1.9,1.5,1.2,1.2,1.9,1.5,1.2,1.2,1.2,1.2,1.2,1.2,1.2,1.2,1.2,1.2,1.2,1.2,1.2,1.2,1.2,1.2,1.2,1.2,1.2,1.2,1.2,1.2,1.2,1.2,1.9,1.5,1.2,1.2,1.2,1.2,1.9,1.5,1.2,1.2,1.2,1.2,1.2,1.2,1.2,1.2,1.2,1.2,1.2,1.2,1.2,1.2,1.2,1.2,1.2,1.2,1.2,1.2,1.2,1.2,1.2,1.2,1.2,1.2,1.2,1.2,1.2,1.2,1.2,1.2,1.2,1.2,1.2,1.2,1.2,1.2,1.2,1.2,1.2,1.2,1.2,1.2,1.2,1.2,1.2,1.2
0.3690,0.3080,2363.2,93.5,1.86,1052.2,1756.7,2779.7,3743.9,0.916,0.651,3.3,3.3,3.3,3.3,1.9,1.5,1.2,1.2,13,11.6,2.6,1.7,1.2,1.2,1.9,1.5,1.2,1.2,3.3,3.3,2.6,1.7,1.2,1.2,3.3,2,2.6,1.7,1.2,1.2,27.6,26.2,3.3,1.7,2.6,1.7,1.2,1.2,17.4,16,3.3,3.3,2.6,1.7,1.2,1.2,2.6,1.7,1.2,1.2,3.3,3.3,2.6,1.7,1.2,1.2,3.3,3.3,2.6,1.7,1.2,1.2,1.2,1.2,2.6,1.7,1.2,1.2,2.6,1.7,1.2,1.2,1.2,1.2,2.6,1.7,1.2,1.2,3.3,3.3,1.2,1.2,21.7,20.5,3.3,3.3,1.2,1.2,3.3,2,1.2,1.2,1.2,1.2,3.3,2,3.3,3.3,1.9,1.5,1.2,1.2,1.9,1.5,1.2,1.2,3.3,3.3,1.9,1.5,1.2,1.2,1.9,1.5,1.2,1.2,1.2,1.2,1.2,1.2,2.6,1.7,1.2,1.2,1.2,1.2,1.2,1.2,1.2,1.2,1.2,1.2,1.2,1.2,1.2,1.2,1.2,1.2,3.3,1.7,1.9,1.5,1.2,1.2,3.3,1.7,1.9,1.5,1.2,1.2,1.9,1.5,1.2,1.2,1.9,1.5,1.2,1.2,1.9,1.5,1.2,1.2,1.2,1.2,1.2,1.2,1.2,1.2,1.2,1.2,1.2,1.2,1.2,1.2,1.2,1.2,1.2,1.2,1.2,1.2,1.2,1.2,1.2,1.2,1.9,1.5,1.2,1.2,1.2,1.2,1.9,1.5,1.2,1.2,1.2,1.2,1.2,1.2,1.2,1.2,1.2,1.2,1.2,1.2,1.2,1.2,1.2,1.2,1.2,1.2,1.2,1.2,1.2,1.2,1.2,1.2,1.2,1.2,1.2,1.2,1.2,1.2,1.2,1.2,1.2,1.2,1.2,1.2,1.2,1.2,1.2,1.2,1.2,1.2,1.2,1.2,1.2,1.2,1.2,1.2
0.3720,0.3122,2379.9,93.5,1.86,1052.2,1756.7,2779.8,3746.3,0.915,0.648,3.3,3.3,3.3,3.3,1.9,1.5,1.2,1.2,13,11.6,2.6,1.7,1.2,1.2,1.9,1.5,1.2,1.2,3.3,3.3,2.6,1.7,1.2,1.2,3.3,2,2.6,1.7,1.2,1.2,27.7,26.3,3.3,1.7,2.6,1.7,1.2,1.2,17.4,16.1,3.3,3.3,2.6,1.7,1.2,1.2,2.6,1.7,1.2,1.2,3.3,3.3,2.6,1.7,1.2,1.2,3.3,3.3,2.6,1.7,1.2,1.2,1.2,1.2,2.6,1.7,1.2,1.2,2.6,1.7,1.2,1.2,1.2,1.2,2.6,1.7,1.2,1.2,3.3,3.3,1.2,1.2,21.8,20.6,3.3,3.3,1.2,1.2,3.3,2,1.2,1.2,1.2,1.2,3.3,2,3.3,3.3,1.9,1.5,1.2,1.2,1.9,1.5,1.2,1.2,3.3,3.3,1.9,1.5,1.2,1.2,1.9,1.5,1.2,1.2,1.2,1.2,1.2,1.2,2.6,1.7,1.2,1.2,1.2,1.2,1.2,1.2,1.2,1.2,1.2,1.2,1.2,1.2,1.2,1.2,1.2,1.2,3.3,1.7,1.9,1.5,1.2,1.2,3.3,1.7,1.9,1.5,1.2,1.2,1.9,1.5,1.2,1.2,1.9,1.5,1.2,1.2,1.9,1.5,1.2,1.2,1.2,1.2,1.2,1.2,1.2,1.2,1.2,1.2,1.2,1.2,1.2,1.2,1.2,1.2,1.2,1.2,1.2,1.2,1.2,1.2,1.2,1.2,1.9,1.5,1.2,1.2,1.2,1.2,1.9,1.5,1.2,1.2,1.2,1.2,1.2,1.2,1.2,1.2,1.2,1.2,1.2,1.2,1.2,1.2,1.2,1.2,1.2,1.2,1.2,1.2,1.2,1.2,1.2,1.2,1.2,1.2,1.2,1.2,1.2,1.2,1.2,1.2,1.2,1.2,1.2,1.2,1.2,1.2,1.2,1.2,1.2,1.2,1.2,1.2,1.2,1.2,1.2,1.2
0.3740,0.3150,2396.7,93.5,1.86,1052.2,1756.7,2779.8,3748.7,0.914,0.645,3.3,3.3,3.3,3.3,1.9,1.5,1.2,1.2,13.1,11.6,2.6,1.7,1.2,1.2,1.9,1.5,1.2,1.2,3.3,3.3,2.6,1.7,1.2,1.2,3.3,2,2.6,1.7,1.2,1.2,27.7,26.4,3.3,1.7,2.6,1.7,1.2,1.2,17.5,16.1,3.3,3.3,2.6,1.7,1.2,1.2,2.6,1.7,1.2,1.2,3.3,3.3,2.6,1.7,1.2,1.2,3.3,3.3,2.6,1.7,1.2,1.2,1.2,1.2,2.6,1.7,1.2,1.2,2.6,1.7,1.2,1.2,1.2,1.2,2.6,1.7,1.2,1.2,3.3,3.3,1.2,1.2,21.9,20.7,3.3,3.3,1.2,1.2,3.3,2,1.2,1.2,1.2,1.2,3.3,2,3.3,3.3,1.9,1.5,1.2,1.2,1.9,1.5,1.2,1.2,3.3,3.3,1.9,1.5,1.2,1.2,1.9,1.5,1.2,1.2,1.2,1.2,1.2,1.2,2.6,1.7,1.2,1.2,1.2,1.2,1.2,1.2,1.2,1.2,1.2,1.2,1.2,1.2,1.2,1.2,1.2,1.2,3.3,1.7,1.9,1.5,1.2,1.2,3.3,1.7,1.9,1.5,1.2,1.2,1.9,1.5,1.2,1.2,1.9,1.5,1.2,1.2,1.9,1.5,1.2,1.2,1.2,1.2,1.2,1.2,1.2,1.2,1.2,1.2,1.2,1.2,1.2,1.2,1.2,1.2,1.2,1.2,1.2,1.2,1.2,1.2,1.2,1.2,1.9,1.5,1.2,1.2,1.2,1.2,1.9,1.5,1.2,1.2,1.2,1.2,1.2,1.2,1.2,1.2,1.2,1.2,1.2,1.2,1.2,1.2,1.2,1.2,1.2,1.2,1.2,1.2,1.2,1.2,1.2,1.2,1.2,1.2,1.2,1.2,1.2,1.2,1.2,1.2,1.2,1.2,1.2,1.2,1.2,1.2,1.2,1.2,1.2,1.2,1.2,1.2,1.2,1.2,1.2,1.2
0.3770,0.3192,2413.3,93.5,1.86,1052.2,1756.7,2779.9,3751.2,0.913,0.642,3.3,3.3,3.3,3.3,1.9,1.5,1.2,1.2,13.1,11.7,2.6,1.7,1.2,1.2,1.9,1.5,1.2,1.2,3.3,3.3,2.6,1.7,1.2,1.2,3.3,2,2.6,1.7,1.2,1.2,27.8,26.5,3.3,1.7,2.6,1.7,1.2,1.2,17.5,15.8,3.3,3.3,2.6,1.7,1.2,1.2,2.6,1.7,1.2,1.2,3.3,3.3,2.6,1.7,1.2,1.2,3.3,3.3,2.6,1.7,1.2,1.2,1.2,1.2,2.6,1.7,1.2,1.2,2.6,1.7,1.2,1.2,1.2,1.2,2.6,1.7,1.2,1.2,3.3,3.3,1.2,1.2,21.9,20.7,3.3,3.3,1.2,1.2,3.3,2,1.2,1.2,1.2,1.2,3.3,2,3.3,3.3,1.9,1.5,1.2,1.2,1.9,1.5,1.2,1.2,3.3,3.3,1.9,1.5,1.2,1.2,1.9,1.5,1.2,1.2,1.2,1.2,1.2,1.2,2.6,1.7,1.2,1.2,1.2,1.2,1.2,1.2,1.2,1.2,1.2,1.2,1.2,1.2,1.2,1.2,1.2,1.2,3.3,1.7,1.9,1.5,1.2,1.2,3.3,1.7,1.9,1.5,1.2,1.2,1.9,1.5,1.2,1.2,1.9,1.5,1.2,1.2,1.9,1.5,1.2,1.2,1.2,1.2,1.2,1.2,1.2,1.2,1.2,1.2,1.2,1.2,1.2,1.2,1.2,1.2,1.2,1.2,1.2,1.2,1.2,1.2,1.2,1.2,1.9,1.5,1.2,1.2,1.2,1.2,1.9,1.5,1.2,1.2,1.2,1.2,1.2,1.2,1.2,1.2,1.2,1.2,1.2,1.2,1.2,1.2,1.2,1.2,1.2,1.2,1.2,1.2,1.2,1.2,1.2,1.2,1.2,1.2,1.2,1.2,1.2,1.2,1.2,1.2,1.2,1.2,1.2,1.2,1.2,1.2,1.2,1.2,1.2,1.2,1.2,1.2,1.2,1.2,1.2,1.2
0.3800,0.3235,2430,93.5,1.86,1052.2,1756.7,2780,3753.7,0.912,0.639,3.3,3.3,3.3,3.3,1.9,1.5,1.2,1.2,13.2,11.7,2.6,1.7,1.2,1.2,1.9,1.5,1.2,1.2,3.3,3.3,2.6,1.7,1.2,1.2,3.3,2,2.6,1.7,1.2,1.2,27.9,26.5,3.3,1.7,2.6,1.7,1.2,1.2,17.6,16,3.3,3.3,2.6,1.7,1.2,1.2,2.6,1.7,1.2,1.2,3.3,3.3,2.6,1.7,1.2,1.2,3.3,3.3,2.6,1.7,1.2,1.2,1.2,1.2,2.6,1.7,1.2,1.2,2.6,1.7,1.2,1.2,1.2,1.2,2.6,1.7,1.2,1.2,3.3,3.3,1.2,1.2,22,20.8,3.3,3.3,1.2,1.2,3.3,2,1.2,1.2,1.2,1.2,3.3,2,3.3,3.3,1.9,1.5,1.2,1.2,1.9,1.5,1.2,1.2,3.3,3.3,1.9,1.5,1.2,1.2,1.9,1.5,1.2,1.2,1.2,1.2,1.2,1.2,2.6,1.7,1.2,1.2,1.2,1.2,1.2,1.2,1.2,1.2,1.2,1.2,1.2,1.2,1.2,1.2,1.2,1.2,3.3,1.7,1.9,1.5,1.2,1.2,3.3,1.7,1.9,1.5,1.2,1.2,1.9,1.5,1.2,1.2,1.9,1.5,1.2,1.2,1.9,1.5,1.2,1.2,1.2,1.2,1.2,1.2,1.2,1.2,1.2,1.2,1.2,1.2,1.2,1.2,1.2,1.2,1.2,1.2,1.2,1.2,1.2,1.2,1.2,1.2,1.9,1.5,1.2,1.2,1.2,1.2,1.9,1.5,1.2,1.2,1.2,1.2,1.2,1.2,1.2,1.2,1.2,1.2,1.2,1.2,1.2,1.2,1.2,1.2,1.2,1.2,1.2,1.2,1.2,1.2,1.2,1.2,1.2,1.2,1.2,1.2,1.2,1.2,1.2,1.2,1.2,1.2,1.2,1.2,1.2,1.2,1.2,1.2,1.2,1.2,1.2,1.2,1.2,1.2,1.2,1.2
0.3820,0.3263,2446.5,93.5,1.86,1052.2,1756.7,2780.1,3756.3,0.911,0.636,3.3,3.3,3.3,3.3,1.9,1.5,1.2,1.2,13.2,11.8,2.6,1.7,1.2,1.2,1.9,1.5,1.2,1.2,3.3,3.3,2.6,1.7,1.2,1.2,3.3,2,2.6,1.7,1.2,1.2,28,26.6,3.3,1.7,2.6,1.7,1.2,1.2,17.6,16.3,3.3,3.3,2.6,1.7,1.2,1.2,2.6,1.7,1.2,1.2,3.3,3.3,2.6,1.7,1.2,1.2,3.3,3.3,2.6,1.7,1.2,1.2,1.2,1.2,2.6,1.7,1.2,1.2,2.6,1.7,1.2,1.2,1.2,1.2,2.6,1.7,1.2,1.2,3.3,3.3,1.2,1.2,22.1,20.8,3.3,3.3,1.2,1.2,3.3,2,1.2,1.2,1.2,1.2,3.3,2,3.3,3.3,1.9,1.5,1.2,1.2,1.9,1.5,1.2,1.2,3.3,3.3,1.9,1.5,1.2,1.2,1.9,1.5,1.2,1.2,1.2,1.2,1.2,1.2,2.6,1.7,1.2,1.2,1.2,1.2,1.2,1.2,1.2,1.2,1.2,1.2,1.2,1.2,1.2,1.2,1.2,1.2,3.3,1.7,1.9,1.5,1.2,1.2,3.3,1.7,1.9,1.5,1.2,1.2,1.9,1.5,1.2,1.2,1.9,1.5,1.2,1.2,1.9,1.5,1.2,1.2,1.2,1.2,1.2,1.2,1.2,1.2,1.2,1.2,1.2,1.2,1.2,1.2,1.2,1.2,1.2,1.2,1.2,1.2,1.2,1.2,1.2,1.2,1.9,1.5,1.2,1.2,1.2,1.2,1.9,1.5,1.2,1.2,1.2,1.2,1.2,1.2,1.2,1.2,1.2,1.2,1.2,1.2,1.2,1.2,1.2,1.2,1.2,1.2,1.2,1.2,1.2,1.2,1.2,1.2,1.2,1.2,1.2,1.2,1.2,1.2,1.2,1.2,1.2,1.2,1.2,1.2,1.2,1.2,1.2,1.2,1.2,1.2,1.2,1.2,1.2,1.2,1.2,1.2
0.3850,0.3305,2463.6,93.5,1.86,1052.2,1756.7,2780.2,3758.9,0.91,0.633,3.3,3.3,3.3,3.3,1.9,1.5,1.2,1.2,13.3,11.8,2.6,1.7,1.2,1.2,1.9,1.5,1.2,1.2,3.3,3.3,2.6,1.7,1.2,1.2,3.3,2,2.6,1.7,1.2,1.2,28.1,26.7,3.3,1.7,2.6,1.7,1.2,1.2,17.7,16.4,3.3,3.3,2.6,1.7,1.2,1.2,2.6,1.7,1.2,1.2,3.3,3.3,2.6,1.7,1.2,1.2,3.3,3.3,2.6,1.7,1.2,1.2,1.2,1.2,2.6,1.7,1.2,1.2,2.6,1.7,1.2,1.2,1.2,1.2,2.6,1.7,1.2,1.2,3.3,3.3,1.2,1.2,22.2,20.9,3.3,3.3,1.2,1.2,3.3,2,1.2,1.2,1.2,1.2,3.3,2,3.3,3.3,1.9,1.5,1.2,1.2,1.9,1.5,1.2,1.2,3.3,3.3,1.9,1.5,1.2,1.2,1.9,1.5,1.2,1.2,1.2,1.2,1.2,1.2,2.6,1.7,1.2,1.2,1.2,1.2,1.2,1.2,1.2,1.2,1.2,1.2,1.2,1.2,1.2,1.2,1.2,1.2,3.3,1.7,1.9,1.5,1.2,1.2,3.3,1.7,1.9,1.5,1.2,1.2,1.9,1.5,1.2,1.2,1.9,1.5,1.2,1.2,1.9,1.5,1.2,1.2,1.2,1.2,1.2,1.2,1.2,1.2,1.2,1.2,1.2,1.2,1.2,1.2,1.2,1.2,1.2,1.2,1.2,1.2,1.2,1.2,1.2,1.2,1.9,1.5,1.2,1.2,1.2,1.2,1.9,1.5,1.2,1.2,1.2,1.2,1.2,1.2,1.2,1.2,1.2,1.2,1.2,1.2,1.2,1.2,1.2,1.2,1.2,1.2,1.2,1.2,1.2,1.2,1.2,1.2,1.2,1.2,1.2,1.2,1.2,1.2,1.2,1.2,1.2,1.2,1.2,1.2,1.2,1.2,1.2,1.2,1.2,1.2,1.2,1.2,1.2,1.2,1.2,1.2
0.3870,0.3334,2480.1,93.5,1.85,1052.2,1756.7,2780.2,3761.5,0.909,0.63,3.3,3.3,3.3,3.3,1.9,1.5,1.2,1.2,13.3,11.8,2.6,1.7,1.2,1.2,1.9,1.5,1.2,1.2,3.3,3.3,2.6,1.7,1.2,1.2,3.3,2,2.6,1.7,1.2,1.2,28.2,26.8,3.3,1.7,2.6,1.7,1.2,1.2,17.8,16.4,3.3,3.3,2.6,1.7,1.2,1.2,2.6,1.7,1.2,1.2,3.3,3.3,2.6,1.7,1.2,1.2,3.3,3.3,2.6,1.7,1.2,1.2,1.2,1.2,2.6,1.7,1.2,1.2,2.6,1.7,1.2,1.2,1.2,1.2,2.6,1.7,1.2,1.2,3.3,3.3,1.2,1.2,22.2,20.9,3.3,3.3,1.2,1.2,3.3,2,1.2,1.2,1.2,1.2,3.3,2,3.3,3.3,1.9,1.5,1.2,1.2,1.9,1.5,1.2,1.2,3.3,3.3,1.9,1.5,1.2,1.2,1.9,1.5,1.2,1.2,1.2,1.2,1.2,1.2,2.6,1.7,1.2,1.2,1.2,1.2,1.2,1.2,1.2,1.2,1.2,1.2,1.2,1.2,1.2,1.2,1.2,1.2,3.3,1.7,1.9,1.5,1.2,1.2,3.3,1.7,1.9,1.5,1.2,1.2,1.9,1.5,1.2,1.2,1.9,1.5,1.2,1.2,1.9,1.5,1.2,1.2,1.2,1.2,1.2,1.2,1.2,1.2,1.2,1.2,1.2,1.2,1.2,1.2,1.2,1.2,1.2,1.2,1.2,1.2,1.2,1.2,1.2,1.2,1.9,1.5,1.2,1.2,1.2,1.2,1.9,1.5,1.2,1.2,1.2,1.2,1.2,1.2,1.2,1.2,1.2,1.2,1.2,1.2,1.2,1.2,1.2,1.2,1.2,1.2,1.2,1.2,1.2,1.2,1.2,1.2,1.2,1.2,1.2,1.2,1.2,1.2,1.2,1.2,1.2,1.2,1.2,1.2,1.2,1.2,1.2,1.2,1.2,1.2,1.2,1.2,1.2,1.2,1.2,1.2
0.3900,0.3377,2496.7,93.5,1.85,1052.2,1756.7,2780.3,3764.1,0.908,0.627,3.3,3.3,3.3,3.3,1.9,1.5,1.2,1.2,13.3,11.9,2.6,1.7,1.2,1.2,1.9,1.5,1.2,1.2,3.3,3.3,2.6,1.7,1.2,1.2,3.3,2,2.6,1.7,1.2,1.2,28.3,26.9,3.3,1.7,2.6,1.7,1.2,1.2,17.8,16.5,3.3,3.3,2.6,1.7,1.2,1.2,2.6,1.7,1.2,1.2,3.3,3.3,2.6,1.7,1.2,1.2,3.3,3.3,2.6,1.7,1.2,1.2,1.2,1.2,2.6,1.7,1.2,1.2,2.6,1.7,1.2,1.2,1.2,1.2,2.6,1.7,1.2,1.2,3.3,3.3,1.2,1.2,22.3,21.1,3.3,3.3,1.2,1.2,3.3,2,1.2,1.2,1.2,1.2,3.3,2,3.3,3.3,1.9,1.5,1.2,1.2,1.9,1.5,1.2,1.2,3.3,3.3,1.9,1.5,1.2,1.2,1.9,1.5,1.2,1.2,1.2,1.2,1.2,1.2,2.6,1.7,1.2,1.2,1.2,1.2,1.2,1.2,1.2,1.2,1.2,1.2,1.2,1.2,1.2,1.2,1.2,1.2,3.3,1.7,1.9,1.5,1.2,1.2,3.3,1.7,1.9,1.5,1.2,1.2,1.9,1.5,1.2,1.2,1.9,1.5,1.2,1.2,1.9,1.5,1.2,1.2,1.2,1.2,1.2,1.2,1.2,1.2,1.2,1.2,1.2,1.2,1.2,1.2,1.2,1.2,1.2,1.2,1.2,1.2,1.2,1.2,1.2,1.2,1.9,1.5,1.2,1.2,1.2,1.2,1.9,1.5,1.2,1.2,1.2,1.2,1.2,1.2,1.2,1.2,1.2,1.2,1.2,1.2,1.2,1.2,1.2,1.2,1.2,1.2,1.2,1.2,1.2,1.2,1.2,1.2,1.2,1.2,1.2,1.2,1.2,1.2,1.2,1.2,1.2,1.2,1.2,1.2,1.2,1.2,1.2,1.2,1.2,1.2,1.2,1.2,1.2,1.2,1.2,1.2
0.3930,0.3420,2513.4,93.5,1.85,1052.2,1756.7,2780.4,3766.7,0.907,0.624,3.3,3.3,3.3,3.3,1.9,1.5,1.2,1.2,13.4,11.9,2.6,1.7,1.2,1.2,1.9,1.5,1.2,1.2,3.3,3.3,2.6,1.7,1.2,1.2,3.3,2,2.6,1.7,1.2,1.2,28.4,27,3.3,1.7,2.6,1.7,1.2,1.2,17.9,16.5,3.3,3.3,2.6,1.7,1.2,1.2,2.6,1.7,1.2,1.2,3.3,3.3,2.6,1.7,1.2,1.2,3.3,3.3,2.6,1.7,1.2,1.2,1.2,1.2,2.6,1.7,1.2,1.2,2.6,1.7,1.2,1.2,1.2,1.2,2.6,1.7,1.2,1.2,3.3,3.3,1.2,1.2,22.4,21.1,3.3,3.3,1.2,1.2,3.3,2,1.2,1.2,1.2,1.2,3.3,2,3.3,3.3,1.9,1.5,1.2,1.2,1.9,1.5,1.2,1.2,3.3,3.3,1.9,1.5,1.2,1.2,1.9,1.5,1.2,1.2,1.2,1.2,1.2,1.2,2.6,1.7,1.2,1.2,1.2,1.2,1.2,1.2,1.2,1.2,1.2,1.2,1.2,1.2,1.2,1.2,1.2,1.2,3.3,1.7,1.9,1.5,1.2,1.2,3.3,1.7,1.9,1.5,1.2,1.2,1.9,1.5,1.2,1.2,1.9,1.5,1.2,1.2,1.9,1.5,1.2,1.2,1.2,1.2,1.2,1.2,1.2,1.2,1.2,1.2,1.2,1.2,1.2,1.2,1.2,1.2,1.2,1.2,1.2,1.2,1.2,1.2,1.2,1.2,1.9,1.5,1.2,1.2,1.2,1.2,1.9,1.5,1.2,1.2,1.2,1.2,1.2,1.2,1.2,1.2,1.2,1.2,1.2,1.2,1.2,1.2,1.2,1.2,1.2,1.2,1.2,1.2,1.2,1.2,1.2,1.2,1.2,1.2,1.2,1.2,1.2,1.2,1.2,1.2,1.2,1.2,1.2,1.2,1.2,1.2,1.2,1.2,1.2,1.2,1.2,1.2,1.2,1.2,1.2,1.2
0.3950,0.3448,2530,93.5,1.85,1052.2,1756.7,2780.5,3769.4,0.907,0.621,3.3,3.3,3.3,3.3,1.9,1.5,1.2,1.2,13.4,12,2.6,1.7,1.2,1.2,1.9,1.5,1.2,1.2,3.3,3.3,2.6,1.7,1.2,1.2,3.3,2,2.6,1.7,1.2,1.2,28.5,27.1,3.3,1.7,2.6,1.7,1.2,1.2,17.9,16.6,3.3,3.3,2.6,1.7,1.2,1.2,2.6,1.7,1.2,1.2,3.3,3.3,2.6,1.7,1.2,1.2,3.3,3.3,2.6,1.7,1.2,1.2,1.2,1.2,2.6,1.7,1.2,1.2,2.6,1.7,1.2,1.2,1.2,1.2,2.6,1.7,1.2,1.2,3.3,3.3,1.2,1.2,22.5,21.2,3.3,3.3,1.2,1.2,3.3,2,1.2,1.2,1.2,1.2,3.3,2,3.3,3.3,1.9,1.5,1.2,1.2,1.9,1.5,1.2,1.2,3.3,3.3,1.9,1.5,1.2,1.2,1.9,1.5,1.2,1.2,1.2,1.2,1.2,1.2,2.6,1.7,1.2,1.2,1.2,1.2,1.2,1.2,1.2,1.2,1.2,1.2,1.2,1.2,1.2,1.2,1.2,1.2,3.3,1.7,1.9,1.5,1.2,1.2,3.3,1.7,1.9,1.5,1.2,1.2,1.9,1.5,1.2,1.2,1.9,1.5,1.2,1.2,1.9,1.5,1.2,1.2,1.2,1.2,1.2,1.2,1.2,1.2,1.2,1.2,1.2,1.2,1.2,1.2,1.2,1.2,1.2,1.2,1.2,1.2,1.2,1.2,1.2,1.2,1.9,1.5,1.2,1.2,1.2,1.2,1.9,1.5,1.2,1.2,1.2,1.2,1.2,1.2,1.2,1.2,1.2,1.2,1.2,1.2,1.2,1.2,1.2,1.2,1.2,1.2,1.2,1.2,1.2,1.2,1.2,1.2,1.2,1.2,1.2,1.2,1.2,1.2,1.2,1.2,1.2,1.2,1.2,1.2,1.2,1.2,1.2,1.2,1.2,1.2,1.2,1.2,1.2,1.2,1.2,1.2
0.3980,0.3491,2546.7,93.5,1.85,1052.2,1756.7,2780.6,3772.1,0.906,0.618,3.3,3.3,3.3,3.3,1.9,1.5,1.2,1.2,13.5,12,2.6,1.7,1.2,1.2,1.9,1.5,1.2,1.2,3.3,3.3,2.6,1.7,1.2,1.2,3.3,2,2.6,1.7,1.2,1.2,28.6,27.2,3.3,1.7,2.6,1.7,1.2,1.2,18,16.6,3.3,3.3,2.6,1.7,1.2,1.2,2.6,1.7,1.2,1.2,3.3,3.3,2.6,1.7,1.2,1.2,3.3,3.3,2.6,1.7,1.2,1.2,1.2,1.2,2.6,1.7,1.2,1.2,2.6,1.7,1.2,1.2,1.2,1.2,2.6,1.7,1.2,1.2,3.3,3.3,1.2,1.2,22.5,21.3,3.3,3.3,1.2,1.2,3.3,2,1.2,1.2,1.2,1.2,3.3,2,3.3,3.3,1.9,1.5,1.2,1.2,1.9,1.5,1.2,1.2,3.3,3.3,1.9,1.5,1.2,1.2,1.9,1.5,1.2,1.2,1.2,1.2,1.2,1.2,2.6,1.7,1.2,1.2,1.2,1.2,1.2,1.2,1.2,1.2,1.2,1.2,1.2,1.2,1.2,1.2,1.2,1.2,3.3,1.7,1.9,1.5,1.2,1.2,3.3,1.7,1.9,1.5,1.2,1.2,1.9,1.5,1.2,1.2,1.9,1.5,1.2,1.2,1.9,1.5,1.2,1.2,1.2,1.2,1.2,1.2,1.2,1.2,1.2,1.2,1.2,1.2,1.2,1.2,1.2,1.2,1.2,1.2,1.2,1.2,1.2,1.2,1.2,1.2,1.9,1.5,1.2,1.2,1.2,1.2,1.9,1.5,1.2,1.2,1.2,1.2,1.2,1.2,1.2,1.2,1.2,1.2,1.2,1.2,1.2,1.2,1.2,1.2,1.2,1.2,1.2,1.2,1.2,1.2,1.2,1.2,1.2,1.2,1.2,1.2,1.2,1.2,1.2,1.2,1.2,1.2,1.2,1.2,1.2,1.2,1.2,1.2,1.2,1.2,1.2,1.2,1.2,1.2,1.2,1.2
0.4000,0.3520,2563.7,93.5,1.85,1052.2,1756.7,2780.7,3774.8,0.905,0.615,3.3,3.3,3.3,3.3,1.9,1.5,1.2,1.2,13.5,12,2.6,1.7,1.2,1.2,1.9,1.5,1.2,1.2,3.3,3.3,2.6,1.7,1.2,1.2,3.3,2,2.6,1.7,1.2,1.2,28.7,27.3,3.3,1.7,2.6,1.7,1.2,1.2,18.1,16.7,3.3,3.3,2.6,1.7,1.2,1.2,2.6,1.7,1.2,1.2,3.3,3.3,2.6,1.7,1.2,1.2,3.3,3.3,2.6,1.7,1.2,1.2,1.2,1.2,2.6,1.7,1.2,1.2,2.6,1.7,1.2,1.2,1.2,1.2,2.6,1.7,1.2,1.2,3.3,3.3,1.2,1.2,22.6,21.3,3.3,3.3,1.2,1.2,3.3,2,1.2,1.2,1.2,1.2,3.3,2,3.3,3.3,1.9,1.5,1.2,1.2,1.9,1.5,1.2,1.2,3.3,3.3,1.9,1.5,1.2,1.2,1.9,1.5,1.2,1.2,1.2,1.2,1.2,1.2,2.6,1.7,1.2,1.2,1.2,1.2,1.2,1.2,1.2,1.2,1.2,1.2,1.2,1.2,1.2,1.2,1.2,1.2,3.3,1.7,1.9,1.5,1.2,1.2,3.3,1.7,1.9,1.5,1.2,1.2,1.9,1.5,1.2,1.2,1.9,1.5,1.2,1.2,1.9,1.5,1.2,1.2,1.2,1.2,1.2,1.2,1.2,1.2,1.2,1.2,1.2,1.2,1.2,1.2,1.2,1.2,1.2,1.2,1.2,1.2,1.2,1.2,1.2,1.2,1.9,1.5,1.2,1.2,1.2,1.2,1.9,1.5,1.2,1.2,1.2,1.2,1.2,1.2,1.2,1.2,1.2,1.2,1.2,1.2,1.2,1.2,1.2,1.2,1.2,1.2,1.2,1.2,1.2,1.2,1.2,1.2,1.2,1.2,1.2,1.2,1.2,1.2,1.2,1.2,1.2,1.2,1.2,1.2,1.2,1.2,1.2,1.2,1.2,1.2,1.2,1.2,1.2,1.2,1.2,1.2
0.4030,0.3563,2580,93.5,1.85,1052.2,1756.7,2780.8,3777.5,0.904,0.612,3.3,3.3,3.3,3.3,1.9,1.5,1.2,1.2,13.6,12.1,2.6,1.7,1.2,1.2,1.9,1.5,1.2,1.2,3.3,3.3,2.6,1.7,1.2,1.2,3.3,2,2.6,1.7,1.2,1.2,28.8,27.4,3.3,1.7,2.6,1.7,1.2,1.2,18.1,16.7,3.3,3.3,2.6,1.7,1.2,1.2,2.6,1.7,1.2,1.2,3.3,3.3,2.6,1.7,1.2,1.2,3.3,3.3,2.6,1.7,1.2,1.2,1.2,1.2,2.6,1.7,1.2,1.2,2.6,1.7,1.2,1.2,1.2,1.2,2.6,1.7,1.2,1.2,3.3,3.3,1.2,1.2,22.7,21.4,3.3,3.3,1.2,1.2,3.3,2,1.2,1.2,1.2,1.2,3.3,2,3.3,3.3,1.9,1.5,1.2,1.2,1.9,1.5,1.2,1.2,3.3,3.3,1.9,1.5,1.2,1.2,1.9,1.5,1.2,1.2,1.2,1.2,1.2,1.2,2.6,1.7,1.2,1.2,1.2,1.2,1.2,1.2,1.2,1.2,1.2,1.2,1.2,1.2,1.2,1.2,1.2,1.2,3.3,1.7,1.9,1.5,1.2,1.2,3.3,1.7,1.9,1.5,1.2,1.2,1.9,1.5,1.2,1.2,1.9,1.5,1.2,1.2,1.9,1.5,1.2,1.2,1.2,1.2,1.2,1.2,1.2,1.2,1.2,1.2,1.2,1.2,1.2,1.2,1.2,1.2,1.2,1.2,1.2,1.2,1.2,1.2,1.2,1.2,1.9,1.5,1.2,1.2,1.2,1.2,1.9,1.5,1.2,1.2,1.2,1.2,1.2,1.2,1.2,1.2,1.2,1.2,1.2,1.2,1.2,1.2,1.2,1.2,1.2,1.2,1.2,1.2,1.2,1.2,1.2,1.2,1.2,1.2,1.2,1.2,1.2,1.2,1.2,1.2,1.2,1.2,1.2,1.2,1.2,1.2,1.2,1.2,1.2,1.2,1.2,1.2,1.2,1.2,1.2,1.2
0.4060,0.3607,2596.8,93.5,1.85,1052.2,1756.7,2780.9,3780.3,0.903,0.609,3.3,3.3,3.3,3.3,1.9,1.5,1.2,1.2,13.6,12.1,2.6,1.7,1.2,1.2,1.9,1.5,1.2,1.2,3.3,3.3,2.6,1.7,1.2,1.2,3.3,2,2.6,1.7,1.2,1.2,28.8,27.4,3.3,1.7,2.6,1.7,1.2,1.2,18.2,16.8,3.3,3.3,2.6,1.7,1.2,1.2,2.6,1.7,1.2,1.2,3.3,3.3,2.6,1.7,1.2,1.2,3.3,3.3,2.6,1.7,1.2,1.2,1.2,1.2,2.6,1.7,1.2,1.2,2.6,1.7,1.2,1.2,1.2,1.2,2.6,1.7,1.2,1.2,3.3,3.3,1.2,1.2,22.7,21.5,3.3,3.3,1.2,1.2,3.3,2,1.2,1.2,1.2,1.2,3.3,2,3.3,3.3,1.9,1.5,1.2,1.2,1.9,1.5,1.2,1.2,3.3,3.3,1.9,1.5,1.2,1.2,1.9,1.5,1.2,1.2,1.2,1.2,1.2,1.2,2.6,1.7,1.2,1.2,1.2,1.2,1.2,1.2,1.2,1.2,1.2,1.2,1.2,1.2,1.2,1.2,1.2,1.2,3.3,1.7,1.9,1.5,1.2,1.2,3.3,1.7,1.9,1.5,1.2,1.2,1.9,1.5,1.2,1.2,1.9,1.5,1.2,1.2,1.9,1.5,1.2,1.2,1.2,1.2,1.2,1.2,1.2,1.2,1.2,1.2,1.2,1.2,1.2,1.2,1.2,1.2,1.2,1.2,1.2,1.2,1.2,1.2,1.2,1.2,1.9,1.5,1.2,1.2,1.2,1.2,1.9,1.5,1.2,1.2,1.2,1.2,1.2,1.2,1.2,1.2,1.2,1.2,1.2,1.2,1.2,1.2,1.2,1.2,1.2,1.2,1.2,1.2,1.2,1.2,1.2,1.2,1.2,1.2,1.2,1.2,1.2,1.2,1.2,1.2,1.2,1.2,1.2,1.2,1.2,1.2,1.2,1.2,1.2,1.2,1.2,1.2,1.2,1.2,1.2,1.2
0.4080,0.3636,2613.4,93.5,1.85,1052.2,1756.7,2781,3783.1,0.902,0.606,3.3,3.3,3.3,3.3,1.9,1.5,1.2,1.2,13.6,12.2,2.6,1.7,1.2,1.2,1.9,1.5,1.2,1.2,3.3,3.3,2.6,1.7,1.2,1.2,3.3,2,2.6,1.7,1.2,1.2,28.9,27.5,3.3,1.7,2.6,1.7,1.2,1.2,18.2,16.8,3.3,3.3,2.6,1.7,1.2,1.2,2.6,1.7,1.2,1.2,3.3,3.3,2.6,1.7,1.2,1.2,3.3,3.3,2.6,1.7,1.2,1.2,1.2,1.2,2.6,1.7,1.2,1.2,2.6,1.7,1.2,1.2,1.2,1.2,2.6,1.7,1.2,1.2,3.3,3.3,1.2,1.2,22.8,21.6,3.3,3.3,1.2,1.2,3.3,2,1.2,1.2,1.2,1.2,3.3,2,3.3,3.3,1.9,1.5,1.2,1.2,1.9,1.5,1.2,1.2,3.3,3.3,1.9,1.5,1.2,1.2,1.9,1.5,1.2,1.2,1.2,1.2,1.2,1.2,2.6,1.7,1.2,1.2,1.2,1.2,1.2,1.2,1.2,1.2,1.2,1.2,1.2,1.2,1.2,1.2,1.2,1.2,3.3,1.7,1.9,1.5,1.2,1.2,3.3,1.7,1.9,1.5,1.2,1.2,1.9,1.5,1.2,1.2,1.9,1.5,1.2,1.2,1.9,1.5,1.2,1.2,1.2,1.2,1.2,1.2,1.2,1.2,1.2,1.2,1.2,1.2,1.2,1.2,1.2,1.2,1.2,1.2,1.2,1.2,1.2,1.2,1.2,1.2,1.9,1.5,1.2,1.2,1.2,1.2,1.9,1.5,1.2,1.2,1.2,1.2,1.2,1.2,1.2,1.2,1.2,1.2,1.2,1.2,1.2,1.2,1.2,1.2,1.2,1.2,1.2,1.2,1.2,1.2,1.2,1.2,1.2,1.2,1.2,1.2,1.2,1.2,1.2,1.2,1.2,1.2,1.2,1.2,1.2,1.2,1.2,1.2,1.2,1.2,1.2,1.2,1.2,1.2,1.2,1.2
0.4110,0.3679,2630.1,93.5,1.84,1052.2,1756.7,2781.1,3785.9,0.901,0.603,3.3,3.3,3.3,3.3,1.9,1.5,1.2,1.2,13.7,12.2,2.6,1.7,1.2,1.2,1.9,1.5,1.2,1.2,3.3,3.3,2.6,1.7,1.2,1.2,3.3,2,2.6,1.7,1.2,1.2,29,27.6,3.3,1.7,2.6,1.7,1.2,1.2,18.3,16.9,3.3,3.3,2.6,1.7,1.2,1.2,2.6,1.7,1.2,1.2,3.3,3.3,2.6,1.7,1.2,1.2,3.3,3.3,2.6,1.7,1.2,1.2,1.2,1.2,2.6,1.7,1.2,1.2,2.6,1.7,1.2,1.2,1.2,1.2,2.6,1.7,1.2,1.2,3.3,3.3,1.2,1.2,22.9,21.6,3.3,3.3,1.2,1.2,3.3,2,1.2,1.2,1.2,1.2,3.3,2,3.3,3.3,1.9,1.5,1.2,1.2,1.9,1.5,1.2,1.2,3.3,3.3,1.9,1.5,1.2,1.2,1.9,1.5,1.2,1.2,1.2,1.2,1.2,1.2,2.6,1.7,1.2,1.2,1.2,1.2,1.2,1.2,1.2,1.2,1.2,1.2,1.2,1.2,1.2,1.2,1.2,1.2,3.3,1.7,1.9,1.5,1.2,1.2,3.3,1.7,1.9,1.5,1.2,1.2,1.9,1.5,1.2,1.2,1.9,1.5,1.2,1.2,1.9,1.5,1.2,1.2,1.2,1.2,1.2,1.2,1.2,1.2,1.2,1.2,1.2,1.2,1.2,1.2,1.2,1.2,1.2,1.2,1.2,1.2,1.2,1.2,1.2,1.2,1.9,1.5,1.2,1.2,1.2,1.2,1.9,1.5,1.2,1.2,1.2,1.2,1.2,1.2,1.2,1.2,1.2,1.2,1.2,1.2,1.2,1.2,1.2,1.2,1.2,1.2,1.2,1.2,1.2,1.2,1.2,1.2,1.2,1.2,1.2,1.2,1.2,1.2,1.2,1.2,1.2,1.2,1.2,1.2,1.2,1.2,1.2,1.2,1.2,1.2,1.2,1.2,1.2,1.2,1.2,1.2
0.4140,0.3723,2646.9,93.5,1.84,1052.2,1756.7,2781.2,3788.7,0.9,0.6,3.3,3.3,3.3,3.3,1.9,1.5,1.2,1.2,13.7,12.2,2.6,1.7,1.2,1.2,1.9,1.5,1.2,1.2,3.3,3.3,2.6,1.7,1.2,1.2,3.3,2,2.6,1.7,1.2,1.2,29.1,27.7,3.3,1.7,2.6,1.7,1.2,1.2,18.4,17,3.3,3.3,2.6,1.7,1.2,1.2,2.6,1.7,1.2,1.2,3.3,3.3,2.6,1.7,1.2,1.2,3.3,3.3,2.6,1.7,1.2,1.2,1.2,1.2,2.6,1.7,1.2,1.2,2.6,1.7,1.2,1.2,1.2,1.2,2.6,1.7,1.2,1.2,3.3,3.3,1.2,1.2,23,21.7,3.3,3.3,1.2,1.2,3.3,2,1.2,1.2,1.2,1.2,3.3,2,3.3,3.3,1.9,1.5,1.2,1.2,1.9,1.5,1.2,1.2,3.3,3.3,1.9,1.5,1.2,1.2,1.9,1.5,1.2,1.2,1.2,1.2,1.2,1.2,2.6,1.7,1.2,1.2,1.2,1.2,1.2,1.2,1.2,1.2,1.2,1.2,1.2,1.2,1.2,1.2,1.2,1.2,3.3,1.7,1.9,1.5,1.2,1.2,3.3,1.7,1.9,1.5,1.2,1.2,1.9,1.5,1.2,1.2,1.9,1.5,1.2,1.2,1.9,1.5,1.2,1.2,1.2,1.2,1.2,1.2,1.2,1.2,1.2,1.2,1.2,1.2,1.2,1.2,1.2,1.2,1.2,1.2,1.2,1.2,1.2,1.2,1.2,1.2,1.9,1.5,1.2,1.2,1.2,1.2,1.9,1.5,1.2,1.2,1.2,1.2,1.2,1.2,1.2,1.2,1.2,1.2,1.2,1.2,1.2,1.2,1.2,1.2,1.2,1.2,1.2,1.2,1.2,1.2,1.2,1.2,1.2,1.2,1.2,1.2,1.2,1.2,1.2,1.2,1.2,1.2,1.2,1.2,1.2,1.2,1.2,1.2,1.2,1.2,1.2,1.2,1.2,1.2,1.2,1.2
0.4160,0.3752,2663.5,93.5,1.84,1052.2,1756.7,2758.7,3769,0.899,0.597,3.3,3.3,3.3,3.3,1.9,1.5,1.2,1.2,13.8,12.3,2.6,1.7,1.2,1.2,1.9,1.5,1.2,1.2,3.3,3.3,2.6,1.7,1.2,1.2,3.3,2,2.6,1.7,1.2,1.2,29.2,27.8,3.3,1.7,2.6,1.7,1.2,1.2,18.4,17,3.3,3.3,2.6,1.7,1.2,1.2,2.6,1.7,1.2,1.2,3.3,3.3,2.6,1.7,1.2,1.2,3.3,3.3,2.6,1.7,1.2,1.2,1.2,1.2,2.6,1.7,1.2,1.2,2.6,1.7,1.2,1.2,1.2,1.2,2.6,1.7,1.2,1.2,3.3,3.3,1.2,1.2,23.1,21.8,3.3,3.3,1.2,1.2,3.3,2,1.2,1.2,1.2,1.2,3.3,2,3.3,3.3,1.9,1.5,1.2,1.2,1.9,1.5,1.2,1.2,3.3,3.3,1.9,1.5,1.2,1.2,1.9,1.5,1.2,1.2,1.2,1.2,1.2,1.2,2.6,1.7,1.2,1.2,1.2,1.2,1.2,1.2,1.2,1.2,1.2,1.2,1.2,1.2,1.2,1.2,1.2,1.2,3.3,1.7,1.9,1.5,1.2,1.2,3.3,1.7,1.9,1.5,1.2,1.2,1.9,1.5,1.2,1.2,1.9,1.5,1.2,1.2,1.9,1.5,1.2,1.2,1.2,1.2,1.2,1.2,1.2,1.2,1.2,1.2,1.2,1.2,1.2,1.2,1.2,1.2,1.2,1.2,1.2,1.2,1.2,1.2,1.2,1.2,1.9,1.5,1.2,1.2,1.2,1.2,1.9,1.5,1.2,1.2,1.2,1.2,1.2,1.2,1.2,1.2,1.2,1.2,1.2,1.2,1.2,1.2,1.2,1.2,1.2,1.2,1.2,1.2,1.2,1.2,1.2,1.2,1.2,1.2,1.2,1.2,1.2,1.2,1.2,1.2,1.2,1.2,1.2,1.2,1.2,1.2,1.2,1.2,1.2,1.2,1.2,1.2,1.2,1.2,1.2,1.2
0.4190,0.3796,2680.3,93.5,1.84,1052.2,1756.7,2741.9,3754.9,0.898,0.594,3.3,3.3,3.3,3.3,1.9,1.5,1.2,1.2,13.8,12.3,2.6,1.7,1.2,1.2,1.9,1.5,1.2,1.2,3.3,3.3,2.6,1.7,1.2,1.2,3.3,2,2.6,1.7,1.2,1.2,29.3,27.9,3.3,1.7,2.6,1.7,1.2,1.2,18.5,16.9,3.3,3.3,2.6,1.7,1.2,1.2,2.6,1.7,1.2,1.2,3.3,3.3,2.6,1.7,1.2,1.2,3.3,3.3,2.6,1.7,1.2,1.2,1.2,1.2,2.6,1.7,1.2,1.2,2.6,1.7,1.2,1.2,1.2,1.2,2.6,1.7,1.2,1.2,3.3,3.3,1.2,1.2,23.1,21.9,3.3,3.3,1.2,1.2,3.3,2,1.2,1.2,1.2,1.2,3.3,2,3.3,3.3,1.9,1.5,1.2,1.2,1.9,1.5,1.2,1.2,3.3,3.3,1.9,1.5,1.2,1.2,1.9,1.5,1.2,1.2,1.2,1.2,1.2,1.2,2.6,1.7,1.2,1.2,1.2,1.2,1.2,1.2,1.2,1.2,1.2,1.2,1.2,1.2,1.2,1.2,1.2,1.2,3.3,1.7,1.9,1.5,1.2,1.2,3.3,1.7,1.9,1.5,1.2,1.2,1.9,1.5,1.2,1.2,1.9,1.5,1.2,1.2,1.9,1.5,1.2,1.2,1.2,1.2,1.2,1.2,1.2,1.2,1.2,1.2,1.2,1.2,1.2,1.2,1.2,1.2,1.2,1.2,1.2,1.2,1.2,1.2,1.2,1.2,1.9,1.5,1.2,1.2,1.2,1.2,1.9,1.5,1.2,1.2,1.2,1.2,1.2,1.2,1.2,1.2,1.2,1.2,1.2,1.2,1.2,1.2,1.2,1.2,1.2,1.2,1.2,1.2,1.2,1.2,1.2,1.2,1.2,1.2,1.2,1.2,1.2,1.2,1.2,1.2,1.2,1.2,1.2,1.2,1.2,1.2,1.2,1.2,1.2,1.2,1.2,1.2,1.2,1.2,1.2,1.2
0.4210,0.3825,2696.9,93.5,1.84,1052.2,1756.7,2729.2,3745,0.897,0.591,3.3,3.3,3.3,3.3,1.9,1.5,1.2,1.2,13.9,12.4,2.6,1.7,1.2,1.2,1.9,1.5,1.2,1.2,3.3,3.3,2.6,1.7,1.2,1.2,3.3,2,2.6,1.7,1.2,1.2,29.4,28.1,3.3,1.7,2.6,1.7,1.2,1.2,18.5,17,3.3,3.3,2.6,1.7,1.2,1.2,2.6,1.7,1.2,1.2,3.3,3.3,2.6,1.7,1.2,1.2,3.3,3.3,2.6,1.7,1.2,1.2,1.2,1.2,2.6,1.7,1.2,1.2,2.6,1.7,1.2,1.2,1.2,1.2,2.6,1.7,1.2,1.2,3.3,3.3,1.2,1.2,23.2,22,3.3,3.3,1.2,1.2,3.3,2,1.2,1.2,1.2,1.2,3.3,2,3.3,3.3,1.9,1.5,1.2,1.2,1.9,1.5,1.2,1.2,3.3,3.3,1.9,1.5,1.2,1.2,1.9,1.5,1.2,1.2,1.2,1.2,1.2,1.2,2.6,1.7,1.2,1.2,1.2,1.2,1.2,1.2,1.2,1.2,1.2,1.2,1.2,1.2,1.2,1.2,1.2,1.2,3.3,1.7,1.9,1.5,1.2,1.2,3.3,1.7,1.9,1.5,1.2,1.2,1.9,1.5,1.2,1.2,1.9,1.5,1.2,1.2,1.9,1.5,1.2,1.2,1.2,1.2,1.2,1.2,1.2,1.2,1.2,1.2,1.2,1.2,1.2,1.2,1.2,1.2,1.2,1.2,1.2,1.2,1.2,1.2,1.2,1.2,1.9,1.5,1.2,1.2,1.2,1.2,1.9,1.5,1.2,1.2,1.2,1.2,1.2,1.2,1.2,1.2,1.2,1.2,1.2,1.2,1.2,1.2,1.2,1.2,1.2,1.2,1.2,1.2,1.2,1.2,1.2,1.2,1.2,1.2,1.2,1.2,1.2,1.2,1.2,1.2,1.2,1.2,1.2,1.2,1.2,1.2,1.2,1.2,1.2,1.2,1.2,1.2,1.2,1.2,1.2,1.2
0.4240,0.3869,2713.5,93.5,1.84,1052.2,1756.7,2719.7,3738.3,0.896,0.588,3.3,3.3,3.3,3.3,1.9,1.5,1.2,1.2,13.9,12.4,2.6,1.7,1.2,1.2,1.9,1.5,1.2,1.2,3.3,3.3,2.6,1.7,1.2,1.2,3.3,2,2.6,1.7,1.2,1.2,29.5,28.1,3.3,1.7,2.6,1.7,1.2,1.2,18.6,17.2,3.3,3.3,2.6,1.7,1.2,1.2,2.6,1.7,1.2,1.2,3.3,3.3,2.6,1.7,1.2,1.2,3.3,3.3,2.6,1.7,1.2,1.2,1.2,1.2,2.6,1.7,1.2,1.2,2.6,1.7,1.2,1.2,1.2,1.2,2.6,1.7,1.2,1.2,3.3,3.3,1.2,1.2,23.3,22.1,3.3,3.3,1.2,1.2,3.3,2,1.2,1.2,1.2,1.2,3.3,2,3.3,3.3,1.9,1.5,1.2,1.2,1.9,1.5,1.2,1.2,3.3,3.3,1.9,1.5,1.2,1.2,1.9,1.5,1.2,1.2,1.2,1.2,1.2,1.2,2.6,1.7,1.2,1.2,1.2,1.2,1.2,1.2,1.2,1.2,1.2,1.2,1.2,1.2,1.2,1.2,1.2,1.2,3.3,1.7,1.9,1.5,1.2,1.2,3.3,1.7,1.9,1.5,1.2,1.2,1.9,1.5,1.2,1.2,1.9,1.5,1.2,1.2,1.9,1.5,1.2,1.2,1.2,1.2,1.2,1.2,1.2,1.2,1.2,1.2,1.2,1.2,1.2,1.2,1.2,1.2,1.2,1.2,1.2,1.2,1.2,1.2,1.2,1.2,1.9,1.5,1.2,1.2,1.2,1.2,1.9,1.5,1.2,1.2,1.2,1.2,1.2,1.2,1.2,1.2,1.2,1.2,1.2,1.2,1.2,1.2,1.2,1.2,1.2,1.2,1.2,1.2,1.2,1.2,1.2,1.2,1.2,1.2,1.2,1.2,1.2,1.2,1.2,1.2,1.2,1.2,1.2,1.2,1.2,1.2,1.2,1.2,1.2,1.2,1.2,1.2,1.2,1.2,1.2,1.2
0.4270,0.3913,2730.3,93.5,1.84,1052.2,1756.7,2712.8,3734.2,0.895,0.585,3.3,3.3,3.3,3.3,1.9,1.5,1.2,1.2,14,12.5,2.6,1.7,1.2,1.2,1.9,1.5,1.2,1.2,3.3,3.3,2.6,1.7,1.2,1.2,3.3,2,2.6,1.7,1.2,1.2,29.6,28.2,3.3,1.7,2.6,1.7,1.2,1.2,18.7,17.3,3.3,3.3,2.6,1.7,1.2,1.2,2.6,1.7,1.2,1.2,3.3,3.3,2.6,1.7,1.2,1.2,3.3,3.3,2.6,1.7,1.2,1.2,1.2,1.2,2.6,1.7,1.2,1.2,2.6,1.7,1.2,1.2,1.2,1.2,2.6,1.7,1.2,1.2,3.3,3.3,1.2,1.2,23.4,22.2,3.3,3.3,1.2,1.2,3.3,2,1.2,1.2,1.2,1.2,3.3,2,3.3,3.3,1.9,1.5,1.2,1.2,1.9,1.5,1.2,1.2,3.3,3.3,1.9,1.5,1.2,1.2,1.9,1.5,1.2,1.2,1.2,1.2,1.2,1.2,2.6,1.7,1.2,1.2,1.2,1.2,1.2,1.2,1.2,1.2,1.2,1.2,1.2,1.2,1.2,1.2,1.2,1.2,3.3,1.7,1.9,1.5,1.2,1.2,3.3,1.7,1.9,1.5,1.2,1.2,1.9,1.5,1.2,1.2,1.9,1.5,1.2,1.2,1.9,1.5,1.2,1.2,1.2,1.2,1.2,1.2,1.2,1.2,1.2,1.2,1.2,1.2,1.2,1.2,1.2,1.2,1.2,1.2,1.2,1.2,1.2,1.2,1.2,1.2,1.9,1.5,1.2,1.2,1.2,1.2,1.9,1.5,1.2,1.2,1.2,1.2,1.2,1.2,1.2,1.2,1.2,1.2,1.2,1.2,1.2,1.2,1.2,1.2,1.2,1.2,1.2,1.2,1.2,1.2,1.2,1.2,1.2,1.2,1.2,1.2,1.2,1.2,1.2,1.2,1.2,1.2,1.2,1.2,1.2,1.2,1.2,1.2,1.2,1.2,1.2,1.2,1.2,1.2,1.2,1.2
0.4290,0.3942,2747,93.5,1.84,1052.2,1756.7,2708.4,3732.7,0.894,0.582,3.3,3.3,3.3,3.3,1.9,1.5,1.2,1.2,14,12.5,2.6,1.7,1.2,1.2,1.9,1.5,1.2,1.2,3.3,3.3,2.6,1.7,1.2,1.2,3.3,2,2.6,1.7,1.2,1.2,29.7,28.3,3.3,1.7,2.6,1.7,1.2,1.2,18.7,17.4,3.3,3.3,2.6,1.7,1.2,1.2,2.6,1.7,1.2,1.2,3.3,3.3,2.6,1.7,1.2,1.2,3.3,3.3,2.6,1.7,1.2,1.2,1.2,1.2,2.6,1.7,1.2,1.2,2.6,1.7,1.2,1.2,1.2,1.2,2.6,1.7,1.2,1.2,3.3,3.3,1.2,1.2,23.5,22.2,3.3,3.3,1.2,1.2,3.3,2,1.2,1.2,1.2,1.2,3.3,2,3.3,3.3,1.9,1.5,1.2,1.2,1.9,1.5,1.2,1.2,3.3,3.3,1.9,1.5,1.2,1.2,1.9,1.5,1.2,1.2,1.2,1.2,1.2,1.2,2.6,1.7,1.2,1.2,1.2,1.2,1.2,1.2,1.2,1.2,1.2,1.2,1.2,1.2,1.2,1.2,1.2,1.2,3.3,1.7,1.9,1.5,1.2,1.2,3.3,1.7,1.9,1.5,1.2,1.2,1.9,1.5,1.2,1.2,1.9,1.5,1.2,1.2,1.9,1.5,1.2,1.2,1.2,1.2,1.2,1.2,1.2,1.2,1.2,1.2,1.2,1.2,1.2,1.2,1.2,1.2,1.2,1.2,1.2,1.2,1.2,1.2,1.2,1.2,1.9,1.5,1.2,1.2,1.2,1.2,1.9,1.5,1.2,1.2,1.2,1.2,1.2,1.2,1.2,1.2,1.2,1.2,1.2,1.2,1.2,1.2,1.2,1.2,1.2,1.2,1.2,1.2,1.2,1.2,1.2,1.2,1.2,1.2,1.2,1.2,1.2,1.2,1.2,1.2,1.2,1.2,1.2,1.2,1.2,1.2,1.2,1.2,1.2,1.2,1.2,1.2,1.2,1.2,1.2,1.2
0.4320,0.3986,2763.5,93.5,1.84,1052.2,1756.7,2705.9,3733,0.893,0.579,3.3,3.3,3.3,3.3,1.9,1.5,1.2,1.2,14.1,12.6,2.6,1.7,1.2,1.2,1.9,1.5,1.2,1.2,3.3,3.3,2.6,1.7,1.2,1.2,3.3,2,2.6,1.7,1.2,1.2,29.8,28.4,3.3,1.7,2.6,1.7,1.2,1.2,18.8,17.4,3.3,3.3,2.6,1.7,1.2,1.2,2.6,1.7,1.2,1.2,3.3,3.3,2.6,1.7,1.2,1.2,3.3,3.3,2.6,1.7,1.2,1.2,1.2,1.2,2.6,1.7,1.2,1.2,2.6,1.7,1.2,1.2,1.2,1.2,2.6,1.7,1.2,1.2,3.3,3.3,1.2,1.2,23.5,22.3,3.3,3.3,1.2,1.2,3.3,2,1.2,1.2,1.2,1.2,3.3,2,3.3,3.3,1.9,1.5,1.2,1.2,1.9,1.5,1.2,1.2,3.3,3.3,1.9,1.5,1.2,1.2,1.9,1.5,1.2,1.2,1.2,1.2,1.2,1.2,2.6,1.7,1.2,1.2,1.2,1.2,1.2,1.2,1.2,1.2,1.2,1.2,1.2,1.2,1.2,1.2,1.2,1.2,3.3,1.7,1.9,1.5,1.2,1.2,3.3,1.7,1.9,1.5,1.2,1.2,1.9,1.5,1.2,1.2,1.9,1.5,1.2,1.2,1.9,1.5,1.2,1.2,1.2,1.2,1.2,1.2,1.2,1.2,1.2,1.2,1.2,1.2,1.2,1.2,1.2,1.2,1.2,1.2,1.2,1.2,1.2,1.2,1.2,1.2,1.9,1.5,1.2,1.2,1.2,1.2,1.9,1.5,1.2,1.2,1.2,1.2,1.2,1.2,1.2,1.2,1.2,1.2,1.2,1.2,1.2,1.2,1.2,1.2,1.2,1.2,1.2,1.2,1.2,1.2,1.2,1.2,1.2,1.2,1.2,1.2,1.2,1.2,1.2,1.2,1.2,1.2,1.2,1.2,1.2,1.2,1.2,1.2,1.2,1.2,1.2,1.2,1.2,1.2,1.2,1.2
0.4340,0.4016,2780.3,93.5,1.84,1052.2,1756.7,2704.7,3734.7,0.892,0.576,3.3,3.3,3.3,3.3,1.9,1.5,1.2,1.2,14.1,12.6,2.6,1.7,1.2,1.2,1.9,1.5,1.2,1.2,3.3,3.3,2.6,1.7,1.2,1.2,3.3,2,2.6,1.7,1.2,1.2,29.9,28.5,3.3,1.7,2.6,1.7,1.2,1.2,18.9,17.5,3.3,3.3,2.6,1.7,1.2,1.2,2.6,1.7,1.2,1.2,3.3,3.3,2.6,1.7,1.2,1.2,3.3,3.3,2.6,1.7,1.2,1.2,1.2,1.2,2.6,1.7,1.2,1.2,2.6,1.7,1.2,1.2,1.2,1.2,2.6,1.7,1.2,1.2,3.3,3.3,1.2,1.2,23.6,22.4,3.3,3.3,1.2,1.2,3.3,2,1.2,1.2,1.2,1.2,3.3,2,3.3,3.3,1.9,1.5,1.2,1.2,1.9,1.5,1.2,1.2,3.3,3.3,1.9,1.5,1.2,1.2,1.9,1.5,1.2,1.2,1.2,1.2,1.2,1.2,2.6,1.7,1.2,1.2,1.2,1.2,1.2,1.2,1.2,1.2,1.2,1.2,1.2,1.2,1.2,1.2,1.2,1.2,3.3,1.7,1.9,1.5,1.2,1.2,3.3,1.7,1.9,1.5,1.2,1.2,1.9,1.5,1.2,1.2,1.9,1.5,1.2,1.2,1.9,1.5,1.2,1.2,1.2,1.2,1.2,1.2,1.2,1.2,1.2,1.2,1.2,1.2,1.2,1.2,1.2,1.2,1.2,1.2,1.2,1.2,1.2,1.2,1.2,1.2,1.9,1.5,1.2,1.2,1.2,1.2,1.9,1.5,1.2,1.2,1.2,1.2,1.2,1.2,1.2,1.2,1.2,1.2,1.2,1.2,1.2,1.2,1.2,1.2,1.2,1.2,1.2,1.2,1.2,1.2,1.2,1.2,1.2,1.2,1.2,1.2,1.2,1.2,1.2,1.2,1.2,1.2,1.2,1.2,1.2,1.2,1.2,1.2,1.2,1.2,1.2,1.2,1.2,1.2,1.2,1.2
0.4370,0.4060,2796.9,93.5,1.83,1052.2,1756.7,2704.6,3737.6,0.891,0.573,3.3,3.3,3.3,3.3,1.9,1.5,1.2,1.2,14.2,12.5,2.6,1.7,1.2,1.2,1.9,1.5,1.2,1.2,3.3,3.3,2.6,1.7,1.2,1.2,3.3,2,2.6,1.7,1.2,1.2,30,28.6,3.3,1.7,2.6,1.7,1.2,1.2,18.9,17.5,3.3,3.3,2.6,1.7,1.2,1.2,2.6,1.7,1.2,1.2,3.3,3.3,2.6,1.7,1.2,1.2,3.3,3.3,2.6,1.7,1.2,1.2,1.2,1.2,2.6,1.7,1.2,1.2,2.6,1.7,1.2,1.2,1.2,1.2,2.6,1.7,1.2,1.2,3.3,3.3,1.2,1.2,23.7,22.5,3.3,3.3,1.2,1.2,3.3,2,1.2,1.2,1.2,1.2,3.3,2,3.3,3.3,1.9,1.5,1.2,1.2,1.9,1.5,1.2,1.2,3.3,3.3,1.9,1.5,1.2,1.2,1.9,1.5,1.2,1.2,1.2,1.2,1.2,1.2,2.6,1.7,1.2,1.2,1.2,1.2,1.2,1.2,1.2,1.2,1.2,1.2,1.2,1.2,1.2,1.2,1.2,1.2,3.3,1.7,1.9,1.5,1.2,1.2,3.3,1.7,1.9,1.5,1.2,1.2,1.9,1.5,1.2,1.2,1.9,1.5,1.2,1.2,1.9,1.5,1.2,1.2,1.2,1.2,1.2,1.2,1.2,1.2,1.2,1.2,1.2,1.2,1.2,1.2,1.2,1.2,1.2,1.2,1.2,1.2,1.2,1.2,1.2,1.2,1.9,1.5,1.2,1.2,1.2,1.2,1.9,1.5,1.2,1.2,1.2,1.2,1.2,1.2,1.2,1.2,1.2,1.2,1.2,1.2,1.2,1.2,1.2,1.2,1.2,1.2,1.2,1.2,1.2,1.2,1.2,1.2,1.2,1.2,1.2,1.2,1.2,1.2,1.2,1.2,1.2,1.2,1.2,1.2,1.2,1.2,1.2,1.2,1.2,1.2,1.2,1.2,1.2,1.2,1.2,1.2
0.4400,0.4104,2813.6,93.5,1.83,1052.2,1756.7,2705.4,3741.2,0.89,0.57,3.3,3.3,3.3,3.3,1.9,1.5,1.2,1.2,14.2,12.6,2.6,1.7,1.2,1.2,1.9,1.5,1.2,1.2,3.3,3.3,2.6,1.7,1.2,1.2,3.3,2,2.6,1.7,1.2,1.2,30.2,28.7,3.3,1.7,2.6,1.7,1.2,1.2,19,17.6,3.3,3.3,2.6,1.7,1.2,1.2,2.6,1.7,1.2,1.2,3.3,3.3,2.6,1.7,1.2,1.2,3.3,3.3,2.6,1.7,1.2,1.2,1.2,1.2,2.6,1.7,1.2,1.2,2.6,1.7,1.2,1.2,1.2,1.2,2.6,1.7,1.2,1.2,3.3,3.3,1.2,1.2,23.8,22.6,3.3,3.3,1.2,1.2,3.3,2,1.2,1.2,1.2,1.2,3.3,2,3.3,3.3,1.9,1.5,1.2,1.2,1.9,1.5,1.2,1.2,3.3,3.3,1.9,1.5,1.2,1.2,1.9,1.5,1.2,1.2,1.2,1.2,1.2,1.2,2.6,1.7,1.2,1.2,1.2,1.2,1.2,1.2,1.2,1.2,1.2,1.2,1.2,1.2,1.2,1.2,1.2,1.2,3.3,1.7,1.9,1.5,1.2,1.2,3.3,1.7,1.9,1.5,1.2,1.2,1.9,1.5,1.2,1.2,1.9,1.5,1.2,1.2,1.9,1.5,1.2,1.2,1.2,1.2,1.2,1.2,1.2,1.2,1.2,1.2,1.2,1.2,1.2,1.2,1.2,1.2,1.2,1.2,1.2,1.2,1.2,1.2,1.2,1.2,1.9,1.5,1.2,1.2,1.2,1.2,1.9,1.5,1.2,1.2,1.2,1.2,1.2,1.2,1.2,1.2,1.2,1.2,1.2,1.2,1.2,1.2,1.2,1.2,1.2,1.2,1.2,1.2,1.2,1.2,1.2,1.2,1.2,1.2,1.2,1.2,1.2,1.2,1.2,1.2,1.2,1.2,1.2,1.2,1.2,1.2,1.2,1.2,1.2,1.2,1.2,1.2,1.2,1.2,1.2,1.2
0.4420,0.4134,2830.3,93.5,1.83,1052.2,1756.7,2706.7,3745.5,0.889,0.567,3.3,3.3,3.3,3.3,1.9,1.5,1.2,1.2,14.3,12.6,2.6,1.7,1.2,1.2,1.9,1.5,1.2,1.2,3.3,3.3,2.6,1.7,1.2,1.2,3.3,2,2.6,1.7,1.2,1.2,30.3,28.8,3.3,1.7,2.6,1.7,1.2,1.2,19.1,17.7,3.3,3.3,2.6,1.7,1.2,1.2,2.6,1.7,1.2,1.2,3.3,3.3,2.6,1.7,1.2,1.2,3.3,3.3,2.6,1.7,1.2,1.2,1.2,1.2,2.6,1.7,1.2,1.2,2.6,1.7,1.2,1.2,1.2,1.2,2.6,1.7,1.2,1.2,3.3,3.3,1.2,1.2,23.9,22.6,3.3,3.3,1.2,1.2,3.3,2,1.2,1.2,1.2,1.2,3.3,2,3.3,3.3,1.9,1.5,1.2,1.2,1.9,1.5,1.2,1.2,3.3,3.3,1.9,1.5,1.2,1.2,1.9,1.5,1.2,1.2,1.2,1.2,1.2,1.2,2.6,1.7,1.2,1.2,1.2,1.2,1.2,1.2,1.2,1.2,1.2,1.2,1.2,1.2,1.2,1.2,1.2,1.2,3.3,1.7,1.9,1.5,1.2,1.2,3.3,1.7,1.9,1.5,1.2,1.2,1.9,1.5,1.2,1.2,1.9,1.5,1.2,1.2,1.9,1.5,1.2,1.2,1.2,1.2,1.2,1.2,1.2,1.2,1.2,1.2,1.2,1.2,1.2,1.2,1.2,1.2,1.2,1.2,1.2,1.2,1.2,1.2,1.2,1.2,1.9,1.5,1.2,1.2,1.2,1.2,1.9,1.5,1.2,1.2,1.2,1.2,1.2,1.2,1.2,1.2,1.2,1.2,1.2,1.2,1.2,1.2,1.2,1.2,1.2,1.2,1.2,1.2,1.2,1.2,1.2,1.2,1.2,1.2,1.2,1.2,1.2,1.2,1.2,1.2,1.2,1.2,1.2,1.2,1.2,1.2,1.2,1.2,1.2,1.2,1.2,1.2,1.2,1.2,1.2,1.2
0.4450,0.4178,2847,93.5,1.83,1052.2,1756.7,2708.5,3750.3,0.888,0.564,3.3,3.3,3.3,3.3,1.9,1.5,1.2,1.2,14.3,12.6,2.6,1.7,1.2,1.2,1.9,1.5,1.2,1.2,3.3,3.3,2.6,1.7,1.2,1.2,3.3,2,2.6,1.7,1.2,1.2,30.4,28.9,3.3,1.7,2.6,1.7,1.2,1.2,19.1,17.7,3.3,3.3,2.6,1.7,1.2,1.2,2.6,1.7,1.2,1.2,3.3,3.3,2.6,1.7,1.2,1.2,3.3,3.3,2.6,1.7,1.2,1.2,1.2,1.2,2.6,1.7,1.2,1.2,2.6,1.7,1.2,1.2,1.2,1.2,2.6,1.7,1.2,1.2,3.3,3.3,1.2,1.2,23.9,22.7,3.3,3.3,1.2,1.2,3.3,2,1.2,1.2,1.2,1.2,3.3,2,3.3,3.3,1.9,1.5,1.2,1.2,1.9,1.5,1.2,1.2,3.3,3.3,1.9,1.5,1.2,1.2,1.9,1.5,1.2,1.2,1.2,1.2,1.2,1.2,2.6,1.7,1.2,1.2,1.2,1.2,1.2,1.2,1.2,1.2,1.2,1.2,1.2,1.2,1.2,1.2,1.2,1.2,3.3,1.7,1.9,1.5,1.2,1.2,3.3,1.7,1.9,1.5,1.2,1.2,1.9,1.5,1.2,1.2,1.9,1.5,1.2,1.2,1.9,1.5,1.2,1.2,1.2,1.2,1.2,1.2,1.2,1.2,1.2,1.2,1.2,1.2,1.2,1.2,1.2,1.2,1.2,1.2,1.2,1.2,1.2,1.2,1.2,1.2,1.9,1.5,1.2,1.2,1.2,1.2,1.9,1.5,1.2,1.2,1.2,1.2,1.2,1.2,1.2,1.2,1.2,1.2,1.2,1.2,1.2,1.2,1.2,1.2,1.2,1.2,1.2,1.2,1.2,1.2,1.2,1.2,1.2,1.2,1.2,1.2,1.2,1.2,1.2,1.2,1.2,1.2,1.2,1.2,1.2,1.2,1.2,1.2,1.2,1.2,1.2,1.2,1.2,1.2,1.2,1.2
0.4470,0.4208,2863.7,93.5,1.83,1052.2,1756.7,2710.7,3755.5,0.887,0.561,3.3,3.3,3.3,3.3,1.9,1.5,1.2,1.2,14.4,12.7,2.6,1.7,1.2,1.2,1.9,1.5,1.2,1.2,3.3,3.3,2.6,1.7,1.2,1.2,3.3,2,2.6,1.7,1.2,1.2,30.5,29,3.3,1.7,2.6,1.7,1.2,1.2,19.2,17.8,3.3,3.3,2.6,1.7,1.2,1.2,2.6,1.7,1.2,1.2,3.3,3.3,2.6,1.7,1.2,1.2,3.3,3.3,2.6,1.7,1.2,1.2,1.2,1.2,2.6,1.7,1.2,1.2,2.6,1.7,1.2,1.2,1.2,1.2,2.6,1.7,1.2,1.2,3.3,3.3,1.2,1.2,24,22.8,3.3,3.3,1.2,1.2,3.3,2,1.2,1.2,1.2,1.2,3.3,2,3.3,3.3,1.9,1.5,1.2,1.2,1.9,1.5,1.2,1.2,3.3,3.3,1.9,1.5,1.2,1.2,1.9,1.5,1.2,1.2,1.2,1.2,1.2,1.2,2.6,1.7,1.2,1.2,1.2,1.2,1.2,1.2,1.2,1.2,1.2,1.2,1.2,1.2,1.2,1.2,1.2,1.2,3.3,1.7,1.9,1.5,1.2,1.2,3.3,1.7,1.9,1.5,1.2,1.2,1.9,1.5,1.2,1.2,1.9,1.5,1.2,1.2,1.9,1.5,1.2,1.2,1.2,1.2,1.2,1.2,1.2,1.2,1.2,1.2,1.2,1.2,1.2,1.2,1.2,1.2,1.2,1.2,1.2,1.2,1.2,1.2,1.2,1.2,1.9,1.5,1.2,1.2,1.2,1.2,1.9,1.5,1.2,1.2,1.2,1.2,1.2,1.2,1.2,1.2,1.2,1.2,1.2,1.2,1.2,1.2,1.2,1.2,1.2,1.2,1.2,1.2,1.2,1.2,1.2,1.2,1.2,1.2,1.2,1.2,1.2,1.2,1.2,1.2,1.2,1.2,1.2,1.2,1.2,1.2,1.2,1.2,1.2,1.2,1.2,1.2,1.2,1.2,1.2,1.2
0.4500,0.4253,2880.4,93.5,1.83,1052.2,1756.7,2713.1,3760.9,0.885,0.558,3.3,3.3,3.3,3.3,1.9,1.5,1.2,1.2,14.4,12.7,2.6,1.7,1.2,1.2,1.9,1.5,1.2,1.2,3.3,3.3,2.6,1.7,1.2,1.2,3.3,2,2.6,1.7,1.2,1.2,30.6,29,3.3,1.7,2.6,1.7,1.2,1.2,19.3,17.9,3.3,3.3,2.6,1.7,1.2,1.2,2.6,1.7,1.2,1.2,3.3,3.3,2.6,1.7,1.2,1.2,3.3,3.3,2.6,1.7,1.2,1.2,1.2,1.2,2.6,1.7,1.2,1.2,2.6,1.7,1.2,1.2,1.2,1.2,2.6,1.7,1.2,1.2,3.3,3.3,1.2,1.2,24.1,22.9,3.3,3.3,1.2,1.2,3.3,2,1.2,1.2,1.2,1.2,3.3,2,3.3,3.3,1.9,1.5,1.2,1.2,1.9,1.5,1.2,1.2,3.3,3.3,1.9,1.5,1.2,1.2,1.9,1.5,1.2,1.2,1.2,1.2,1.2,1.2,2.6,1.7,1.2,1.2,1.2,1.2,1.2,1.2,1.2,1.2,1.2,1.2,1.2,1.2,1.2,1.2,1.2,1.2,3.3,1.7,1.9,1.5,1.2,1.2,3.3,1.7,1.9,1.5,1.2,1.2,1.9,1.5,1.2,1.2,1.9,1.5,1.2,1.2,1.9,1.5,1.2,1.2,1.2,1.2,1.2,1.2,1.2,1.2,1.2,1.2,1.2,1.2,1.2,1.2,1.2,1.2,1.2,1.2,1.2,1.2,1.2,1.2,1.2,1.2,1.9,1.5,1.2,1.2,1.2,1.2,1.9,1.5,1.2,1.2,1.2,1.2,1.2,1.2,1.2,1.2,1.2,1.2,1.2,1.2,1.2,1.2,1.2,1.2,1.2,1.2,1.2,1.2,1.2,1.2,1.2,1.2,1.2,1.2,1.2,1.2,1.2,1.2,1.2,1.2,1.2,1.2,1.2,1.2,1.2,1.2,1.2,1.2,1.2,1.2,1.2,1.2,1.2,1.2,1.2,1.2
0.4530,0.4297,2897,93.5,1.83,1052.2,1756.7,2715.8,3766.6,0.884,0.555,3.3,3.3,3.3,3.3,1.9,1.5,1.2,1.2,14.5,12.8,2.6,1.7,1.2,1.2,1.9,1.5,1.2,1.2,3.3,3.3,2.6,1.7,1.2,1.2,3.3,2,2.6,1.7,1.2,1.2,30.7,29.1,3.3,1.7,2.6,1.7,1.2,1.2,19.3,17.8,3.3,3.3,2.6,1.7,1.2,1.2,2.6,1.7,1.2,1.2,3.3,3.3,2.6,1.7,1.2,1.2,3.3,3.3,2.6,1.7,1.2,1.2,1.2,1.2,2.6,1.7,1.2,1.2,2.6,1.7,1.2,1.2,1.2,1.2,2.6,1.7,1.2,1.2,3.3,3.3,1.2,1.2,24.2,22.9,3.3,3.3,1.2,1.2,3.3,2,1.2,1.2,1.2,1.2,3.3,2,3.3,3.3,1.9,1.5,1.2,1.2,1.9,1.5,1.2,1.2,3.3,3.3,1.9,1.5,1.2,1.2,1.9,1.5,1.2,1.2,1.2,1.2,1.2,1.2,2.6,1.7,1.2,1.2,1.2,1.2,1.2,1.2,1.2,1.2,1.2,1.2,1.2,1.2,1.2,1.2,1.2,1.2,3.3,1.7,1.9,1.5,1.2,1.2,3.3,1.7,1.9,1.5,1.2,1.2,1.9,1.5,1.2,1.2,1.9,1.5,1.2,1.2,1.9,1.5,1.2,1.2,1.2,1.2,1.2,1.2,1.2,1.2,1.2,1.2,1.2,1.2,1.2,1.2,1.2,1.2,1.2,1.2,1.2,1.2,1.2,1.2,1.2,1.2,1.9,1.5,1.2,1.2,1.2,1.2,1.9,1.5,1.2,1.2,1.2,1.2,1.2,1.2,1.2,1.2,1.2,1.2,1.2,1.2,1.2,1.2,1.2,1.2,1.2,1.2,1.2,1.2,1.2,1.2,1.2,1.2,1.2,1.2,1.2,1.2,1.2,1.2,1.2,1.2,1.2,1.2,1.2,1.2,1.2,1.2,1.2,1.2,1.2,1.2,1.2,1.2,1.2,1.2,1.2,1.2
0.4550,0.4327,2913.6,93.5,1.83,1052.2,1756.7,2718.6,3772.5,0.883,0.552,3.3,3.3,3.3,3.3,1.9,1.5,1.2,1.2,14.5,12.8,2.6,1.7,1.2,1.2,1.9,1.5,1.2,1.2,3.3,3.3,2.6,1.7,1.2,1.2,3.3,2,2.6,1.7,1.2,1.2,30.8,29.3,3.3,1.7,2.6,1.7,1.2,1.2,19.4,17.8,3.3,3.3,2.6,1.7,1.2,1.2,2.6,1.7,1.2,1.2,3.3,3.3,2.6,1.7,1.2,1.2,3.3,3.3,2.6,1.7,1.2,1.2,1.2,1.2,2.6,1.7,1.2,1.2,2.6,1.7,1.2,1.2,1.2,1.2,2.6,1.7,1.2,1.2,3.3,3.3,1.2,1.2,24.3,23,3.3,3.3,1.2,1.2,3.3,2,1.2,1.2,1.2,1.2,3.3,2,3.3,3.3,1.9,1.5,1.2,1.2,1.9,1.5,1.2,1.2,3.3,3.3,1.9,1.5,1.2,1.2,1.9,1.5,1.2,1.2,1.2,1.2,1.2,1.2,2.6,1.7,1.2,1.2,1.2,1.2,1.2,1.2,1.2,1.2,1.2,1.2,1.2,1.2,1.2,1.2,1.2,1.2,3.3,1.7,1.9,1.5,1.2,1.2,3.3,1.7,1.9,1.5,1.2,1.2,1.9,1.5,1.2,1.2,1.9,1.5,1.2,1.2,1.9,1.5,1.2,1.2,1.2,1.2,1.2,1.2,1.2,1.2,1.2,1.2,1.2,1.2,1.2,1.2,1.2,1.2,1.2,1.2,1.2,1.2,1.2,1.2,1.2,1.2,1.9,1.5,1.2,1.2,1.2,1.2,1.9,1.5,1.2,1.2,1.2,1.2,1.2,1.2,1.2,1.2,1.2,1.2,1.2,1.2,1.2,1.2,1.2,1.2,1.2,1.2,1.2,1.2,1.2,1.2,1.2,1.2,1.2,1.2,1.2,1.2,1.2,1.2,1.2,1.2,1.2,1.2,1.2,1.2,1.2,1.2,1.2,1.2,1.2,1.2,1.2,1.2,1.2,1.2,1.2,1.2
0.4580,0.4371,2930.4,93.5,1.83,1052.2,1756.7,2721.5,3778.5,0.882,0.549,3.3,3.3,3.3,3.3,1.9,1.5,1.2,1.2,14.6,12.9,2.6,1.7,1.2,1.2,1.9,1.5,1.2,1.2,3.3,3.3,2.6,1.7,1.2,1.2,3.3,2,2.6,1.7,1.2,1.2,30.9,29.5,3.3,1.7,2.6,1.7,1.2,1.2,19.5,17.8,3.3,3.3,2.6,1.7,1.2,1.2,2.6,1.7,1.2,1.2,3.3,3.3,2.6,1.7,1.2,1.2,3.3,3.3,2.6,1.7,1.2,1.2,1.2,1.2,2.6,1.7,1.2,1.2,2.6,1.7,1.2,1.2,1.2,1.2,2.6,1.7,1.2,1.2,3.3,3.3,1.2,1.2,24.4,23.1,3.3,3.3,1.2,1.2,3.3,2,1.2,1.2,1.2,1.2,3.3,2,3.3,3.3,1.9,1.5,1.2,1.2,1.9,1.5,1.2,1.2,3.3,3.3,1.9,1.5,1.2,1.2,1.9,1.5,1.2,1.2,1.2,1.2,1.2,1.2,2.6,1.7,1.2,1.2,1.2,1.2,1.2,1.2,1.2,1.2,1.2,1.2,1.2,1.2,1.2,1.2,1.2,1.2,3.3,1.7,1.9,1.5,1.2,1.2,3.3,1.7,1.9,1.5,1.2,1.2,1.9,1.5,1.2,1.2,1.9,1.5,1.2,1.2,1.9,1.5,1.2,1.2,1.2,1.2,1.2,1.2,1.2,1.2,1.2,1.2,1.2,1.2,1.2,1.2,1.2,1.2,1.2,1.2,1.2,1.2,1.2,1.2,1.2,1.2,1.9,1.5,1.2,1.2,1.2,1.2,1.9,1.5,1.2,1.2,1.2,1.2,1.2,1.2,1.2,1.2,1.2,1.2,1.2,1.2,1.2,1.2,1.2,1.2,1.2,1.2,1.2,1.2,1.2,1.2,1.2,1.2,1.2,1.2,1.2,1.2,1.2,1.2,1.2,1.2,1.2,1.2,1.2,1.2,1.2,1.2,1.2,1.2,1.2,1.2,1.2,1.2,1.2,1.2,1.2,1.2
0.4600,0.4401,2947.1,93.5,1.83,1052.2,1756.7,2724.5,3784.6,0.881,0.546,3.3,3.3,3.3,3.3,1.9,1.5,1.2,1.2,14.6,12.9,2.6,1.7,1.2,1.2,1.9,1.5,1.2,1.2,3.3,3.3,2.6,1.7,1.2,1.2,3.3,2,2.6,1.7,1.2,1.2,31,29.6,3.3,1.7,2.6,1.7,1.2,1.2,19.5,17.9,3.3,3.3,2.6,1.7,1.2,1.2,2.6,1.7,1.2,1.2,3.3,3.3,2.6,1.7,1.2,1.2,3.3,3.3,2.6,1.7,1.2,1.2,1.2,1.2,2.6,1.7,1.2,1.2,2.6,1.7,1.2,1.2,1.2,1.2,2.6,1.7,1.2,1.2,3.3,3.3,1.2,1.2,24.5,23.2,3.3,3.3,1.2,1.2,3.3,2,1.2,1.2,1.2,1.2,3.3,2,3.3,3.3,1.9,1.5,1.2,1.2,1.9,1.5,1.2,1.2,3.3,3.3,1.9,1.5,1.2,1.2,1.9,1.5,1.2,1.2,1.2,1.2,1.2,1.2,2.6,1.7,1.2,1.2,1.2,1.2,1.2,1.2,1.2,1.2,1.2,1.2,1.2,1.2,1.2,1.2,1.2,1.2,3.3,1.7,1.9,1.5,1.2,1.2,3.3,1.7,1.9,1.5,1.2,1.2,1.9,1.5,1.2,1.2,1.9,1.5,1.2,1.2,1.9,1.5,1.2,1.2,1.2,1.2,1.2,1.2,1.2,1.2,1.2,1.2,1.2,1.2,1.2,1.2,1.2,1.2,1.2,1.2,1.2,1.2,1.2,1.2,1.2,1.2,1.9,1.5,1.2,1.2,1.2,1.2,1.9,1.5,1.2,1.2,1.2,1.2,1.2,1.2,1.2,1.2,1.2,1.2,1.2,1.2,1.2,1.2,1.2,1.2,1.2,1.2,1.2,1.2,1.2,1.2,1.2,1.2,1.2,1.2,1.2,1.2,1.2,1.2,1.2,1.2,1.2,1.2,1.2,1.2,1.2,1.2,1.2,1.2,1.2,1.2,1.2,1.2,1.2,1.2,1.2,1.2
0.4630,0.4446,2963.7,93.5,1.82,1052.2,1756.7,2727.7,3790.8,0.88,0.543,3.3,3.3,3.3,3.3,1.9,1.5,1.2,1.2,14.7,13,2.6,1.7,1.2,1.2,1.9,1.5,1.2,1.2,3.3,3.3,2.6,1.7,1.2,1.2,3.3,2,2.6,1.7,1.2,1.2,31.1,29.7,3.3,1.7,2.6,1.7,1.2,1.2,19.6,18,3.3,3.3,2.6,1.7,1.2,1.2,2.6,1.7,1.2,1.2,3.3,3.3,2.6,1.7,1.2,1.2,3.3,3.3,2.6,1.7,1.2,1.2,1.2,1.2,2.6,1.7,1.2,1.2,2.6,1.7,1.2,1.2,1.2,1.2,2.6,1.7,1.2,1.2,3.3,3.3,1.2,1.2,24.5,23.1,3.3,3.3,1.2,1.2,3.3,2,1.2,1.2,1.2,1.2,3.3,2,3.3,3.3,1.9,1.5,1.2,1.2,1.9,1.5,1.2,1.2,3.3,3.3,1.9,1.5,1.2,1.2,1.9,1.5,1.2,1.2,1.2,1.2,1.2,1.2,2.6,1.7,1.2,1.2,1.2,1.2,1.2,1.2,1.2,1.2,1.2,1.2,1.2,1.2,1.2,1.2,1.2,1.2,3.3,1.7,1.9,1.5,1.2,1.2,3.3,1.7,1.9,1.5,1.2,1.2,1.9,1.5,1.2,1.2,1.9,1.5,1.2,1.2,1.9,1.5,1.2,1.2,1.2,1.2,1.2,1.2,1.2,1.2,1.2,1.2,1.2,1.2,1.2,1.2,1.2,1.2,1.2,1.2,1.2,1.2,1.2,1.2,1.2,1.2,1.9,1.5,1.2,1.2,1.2,1.2,1.9,1.5,1.2,1.2,1.2,1.2,1.2,1.2,1.2,1.2,1.2,1.2,1.2,1.2,1.2,1.2,1.2,1.2,1.2,1.2,1.2,1.2,1.2,1.2,1.2,1.2,1.2,1.2,1.2,1.2,1.2,1.2,1.2,1.2,1.2,1.2,1.2,1.2,1.2,1.2,1.2,1.2,1.2,1.2,1.2,1.2,1.2,1.2,1.2,1.2
0.4660,0.4491,2980.4,93.5,1.82,1052.2,1756.7,2730.9,3797.2,0.879,0.54,3.3,3.3,3.3,3.3,1.9,1.5,1.2,1.2,14.7,13,2.6,1.7,1.2,1.2,1.9,1.5,1.2,1.2,3.3,3.3,2.6,1.7,1.2,1.2,3.3,2,2.6,1.7,1.2,1.2,31.2,29.8,3.3,1.7,2.6,1.7,1.2,1.2,19.7,18.1,3.3,3.3,2.6,1.7,1.2,1.2,2.6,1.7,1.2,1.2,3.3,3.3,2.6,1.7,1.2,1.2,3.3,3.3,2.6,1.7,1.2,1.2,1.2,1.2,2.6,1.7,1.2,1.2,2.6,1.7,1.2,1.2,1.2,1.2,2.6,1.7,1.2,1.2,3.3,3.3,1.2,1.2,24.6,23.1,3.3,3.3,1.2,1.2,3.3,2,1.2,1.2,1.2,1.2,3.3,2,3.3,3.3,1.9,1.5,1.2,1.2,1.9,1.5,1.2,1.2,3.3,3.3,1.9,1.5,1.2,1.2,1.9,1.5,1.2,1.2,1.2,1.2,1.2,1.2,2.6,1.7,1.2,1.2,1.2,1.2,1.2,1.2,1.2,1.2,1.2,1.2,1.2,1.2,1.2,1.2,1.2,1.2,3.3,1.7,1.9,1.5,1.2,1.2,3.3,1.7,1.9,1.5,1.2,1.2,1.9,1.5,1.2,1.2,1.9,1.5,1.2,1.2,1.9,1.5,1.2,1.2,1.2,1.2,1.2,1.2,1.2,1.2,1.2,1.2,1.2,1.2,1.2,1.2,1.2,1.2,1.2,1.2,1.2,1.2,1.2,1.2,1.2,1.2,1.9,1.5,1.2,1.2,1.2,1.2,1.9,1.5,1.2,1.2,1.2,1.2,1.2,1.2,1.2,1.2,1.2,1.2,1.2,1.2,1.2,1.2,1.2,1.2,1.2,1.2,1.2,1.2,1.2,1.2,1.2,1.2,1.2,1.2,1.2,1.2,1.2,1.2,1.2,1.2,1.2,1.2,1.2,1.2,1.2,1.2,1.2,1.2,1.2,1.2,1.2,1.2,1.2,1.2,1.2,1.2
0.4680,0.4521,2997.1,93.5,1.82,1052.2,1756.7,2734.1,3803.6,0.878,0.537,3.3,3.3,3.3,3.3,1.9,1.5,1.2,1.2,14.8,13.1,2.6,1.7,1.2,1.2,1.9,1.5,1.2,1.2,3.3,3.3,2.6,1.7,1.2,1.2,3.3,2,2.6,1.7,1.2,1.2,31.4,29.9,3.3,1.7,2.6,1.7,1.2,1.2,19.8,18.2,3.3,3.3,2.6,1.7,1.2,1.2,2.6,1.7,1.2,1.2,3.3,3.3,2.6,1.7,1.2,1.2,3.3,3.3,2.6,1.7,1.2,1.2,1.2,1.2,2.6,1.7,1.2,1.2,2.6,1.7,1.2,1.2,1.2,1.2,2.6,1.7,1.2,1.2,3.3,3.3,1.2,1.2,24.7,23.2,3.3,3.3,1.2,1.2,3.3,2,1.2,1.2,1.2,1.2,3.3,2,3.3,3.3,1.9,1.5,1.2,1.2,1.9,1.5,1.2,1.2,3.3,3.3,1.9,1.5,1.2,1.2,1.9,1.5,1.2,1.2,1.2,1.2,1.2,1.2,2.6,1.7,1.2,1.2,1.2,1.2,1.2,1.2,1.2,1.2,1.2,1.2,1.2,1.2,1.2,1.2,1.2,1.2,3.3,1.7,1.9,1.5,1.2,1.2,3.3,1.7,1.9,1.5,1.2,1.2,1.9,1.5,1.2,1.2,1.9,1.5,1.2,1.2,1.9,1.5,1.2,1.2,1.2,1.2,1.2,1.2,1.2,1.2,1.2,1.2,1.2,1.2,1.2,1.2,1.2,1.2,1.2,1.2,1.2,1.2,1.2,1.2,1.2,1.2,1.9,1.5,1.2,1.2,1.2,1.2,1.9,1.5,1.2,1.2,1.2,1.2,1.2,1.2,1.2,1.2,1.2,1.2,1.2,1.2,1.2,1.2,1.2,1.2,1.2,1.2,1.2,1.2,1.2,1.2,1.2,1.2,1.2,1.2,1.2,1.2,1.2,1.2,1.2,1.2,1.2,1.2,1.2,1.2,1.2,1.2,1.2,1.2,1.2,1.2,1.2,1.2,1.2,1.2,1.2,1.2
0.4710,0.4565,3014,93.5,1.82,1052.2,1756.7,2737.4,3810.1,0.877,0.534,3.3,3.3,3.3,3.3,1.9,1.5,1.2,1.2,14.8,13.1,2.6,1.7,1.2,1.2,1.9,1.5,1.2,1.2,3.3,3.3,2.6,1.7,1.2,1.2,3.3,2,2.6,1.7,1.2,1.2,31.5,29.8,3.3,1.7,2.6,1.7,1.2,1.2,19.8,18.2,3.3,3.3,2.6,1.7,1.2,1.2,2.6,1.7,1.2,1.2,3.3,3.3,2.6,1.7,1.2,1.2,3.3,3.3,2.6,1.7,1.2,1.2,1.2,1.2,2.6,1.7,1.2,1.2,2.6,1.7,1.2,1.2,1.2,1.2,2.6,1.7,1.2,1.2,3.3,3.3,1.2,1.2,24.8,23.3,3.3,3.3,1.2,1.2,3.3,2,1.2,1.2,1.2,1.2,3.3,2,3.3,3.3,1.9,1.5,1.2,1.2,1.9,1.5,1.2,1.2,3.3,3.3,1.9,1.5,1.2,1.2,1.9,1.5,1.2,1.2,1.2,1.2,1.2,1.2,2.6,1.7,1.2,1.2,1.2,1.2,1.2,1.2,1.2,1.2,1.2,1.2,1.2,1.2,1.2,1.2,1.2,1.2,3.3,1.7,1.9,1.5,1.2,1.2,3.3,1.7,1.9,1.5,1.2,1.2,1.9,1.5,1.2,1.2,1.9,1.5,1.2,1.2,1.9,1.5,1.2,1.2,1.2,1.2,1.2,1.2,1.2,1.2,1.2,1.2,1.2,1.2,1.2,1.2,1.2,1.2,1.2,1.2,1.2,1.2,1.2,1.2,1.2,1.2,1.9,1.5,1.2,1.2,1.2,1.2,1.9,1.5,1.2,1.2,1.2,1.2,1.2,1.2,1.2,1.2,1.2,1.2,1.2,1.2,1.2,1.2,1.2,1.2,1.2,1.2,1.2,1.2,1.2,1.2,1.2,1.2,1.2,1.2,1.2,1.2,1.2,1.2,1.2,1.2,1.2,1.2,1.2,1.2,1.2,1.2,1.2,1.2,1.2,1.2,1.2,1.2,1.2,1.2,1.2,1.2
0.4740,0.4610,3034.6,93.5,1.82,1052.2,1756.7,2740.8,3816.6,0.875,0.531,3.3,3.3,3.3,3.3,1.9,1.5,1.2,1.2,14.9,13.2,2.6,1.7,1.2,1.2,1.9,1.5,1.2,1.2,3.3,3.3,2.6,1.7,1.2,1.2,3.3,2,2.6,1.7,1.2,1.2,31.6,29.9,3.3,1.7,2.6,1.7,1.2,1.2,19.9,18.3,3.3,3.3,2.6,1.7,1.2,1.2,2.6,1.7,1.2,1.2,3.3,3.3,2.6,1.7,1.2,1.2,3.3,3.3,2.6,1.7,1.2,1.2,1.2,1.2,2.6,1.7,1.2,1.2,2.6,1.7,1.2,1.2,1.2,1.2,2.6,1.7,1.2,1.2,3.3,3.3,1.2,1.2,24.9,23.4,3.3,3.3,1.2,1.2,3.3,2,1.2,1.2,1.2,1.2,3.3,2,3.3,3.3,1.9,1.5,1.2,1.2,1.9,1.5,1.2,1.2,3.3,3.3,1.9,1.5,1.2,1.2,1.9,1.5,1.2,1.2,1.2,1.2,1.2,1.2,2.6,1.7,1.2,1.2,1.2,1.2,1.2,1.2,1.2,1.2,1.2,1.2,1.2,1.2,1.2,1.2,1.2,1.2,3.3,1.7,1.9,1.5,1.2,1.2,3.3,1.7,1.9,1.5,1.2,1.2,1.9,1.5,1.2,1.2,1.9,1.5,1.2,1.2,1.9,1.5,1.2,1.2,1.2,1.2,1.2,1.2,1.2,1.2,1.2,1.2,1.2,1.2,1.2,1.2,1.2,1.2,1.2,1.2,1.2,1.2,1.2,1.2,1.2,1.2,1.9,1.5,1.2,1.2,1.2,1.2,1.9,1.5,1.2,1.2,1.2,1.2,1.2,1.2,1.2,1.2,1.2,1.2,1.2,1.2,1.2,1.2,1.2,1.2,1.2,1.2,1.2,1.2,1.2,1.2,1.2,1.2,1.2,1.2,1.2,1.2,1.2,1.2,1.2,1.2,1.2,1.2,1.2,1.2,1.2,1.2,1.2,1.2,1.2,1.2,1.2,1.2,1.2,1.2,1.2,1.2
0.4770,0.4655,3050.2,93.5,1.82,1052.2,1756.7,2744.4,3823.8,0.874,0.527,3.3,3.3,3.3,3.3,1.9,1.5,1.2,1.2,15,13.2,2.6,1.7,1.2,1.2,1.9,1.5,1.2,1.2,3.3,3.3,2.6,1.7,1.2,1.2,3.3,2,2.6,1.7,1.2,1.2,31.7,30.1,3.3,1.7,2.6,1.7,1.2,1.2,20,18.4,3.3,3.3,2.6,1.7,1.2,1.2,2.6,1.7,1.2,1.2,3.3,3.3,2.6,1.7,1.2,1.2,3.3,3.3,2.6,1.7,1.2,1.2,1.2,1.2,2.6,1.7,1.2,1.2,2.6,1.7,1.2,1.2,1.2,1.2,2.6,1.7,1.2,1.2,3.3,3.3,1.2,1.2,25,23.5,3.3,3.3,1.2,1.2,3.3,2,1.2,1.2,1.2,1.2,3.3,2,3.3,3.3,1.9,1.5,1.2,1.2,1.9,1.5,1.2,1.2,3.3,3.3,1.9,1.5,1.2,1.2,1.9,1.5,1.2,1.2,1.2,1.2,1.2,1.2,2.6,1.7,1.2,1.2,1.2,1.2,1.2,1.2,1.2,1.2,1.2,1.2,1.2,1.2,1.2,1.2,1.2,1.2,3.3,1.7,1.9,1.5,1.2,1.2,3.3,1.7,1.9,1.5,1.2,1.2,1.9,1.5,1.2,1.2,1.9,1.5,1.2,1.2,1.9,1.5,1.2,1.2,1.2,1.2,1.2,1.2,1.2,1.2,1.2,1.2,1.2,1.2,1.2,1.2,1.2,1.2,1.2,1.2,1.2,1.2,1.2,1.2,1.2,1.2,1.9,1.5,1.2,1.2,1.2,1.2,1.9,1.5,1.2,1.2,1.2,1.2,1.2,1.2,1.2,1.2,1.2,1.2,1.2,1.2,1.2,1.2,1.2,1.2,1.2,1.2,1.2,1.2,1.2,1.2,1.2,1.2,1.2,1.2,1.2,1.2,1.2,1.2,1.2,1.2,1.2,1.2,1.2,1.2,1.2,1.2,1.2,1.2,1.2,1.2,1.2,1.2,1.2,1.2,1.2,1.2
0.4790,0.4685,3064.6,93.5,1.82,1052.2,1756.7,2747.9,3830.6,0.873,0.524,3.3,3.3,3.3,3.3,1.9,1.5,1.2,1.2,15,12.9,2.6,1.7,1.2,1.2,1.9,1.5,1.2,1.2,3.3,3.3,2.6,1.7,1.2,1.2,3.3,2,2.6,1.7,1.2,1.2,31.8,29.9,3.3,1.7,2.6,1.7,1.2,1.2,20.1,18.5,3.3,3.3,2.6,1.7,1.2,1.2,2.6,1.7,1.2,1.2,3.3,3.3,2.6,1.7,1.2,1.2,3.3,3.3,2.6,1.7,1.2,1.2,1.2,1.2,2.6,1.7,1.2,1.2,2.6,1.7,1.2,1.2,1.2,1.2,2.6,1.7,1.2,1.2,3.3,3.3,1.2,1.2,25.1,23.1,3.3,3.3,1.2,1.2,3.3,2,1.2,1.2,1.2,1.2,3.3,2,3.3,3.3,1.9,1.5,1.2,1.2,1.9,1.5,1.2,1.2,3.3,3.3,1.9,1.5,1.2,1.2,1.9,1.5,1.2,1.2,1.2,1.2,1.2,1.2,2.6,1.7,1.2,1.2,1.2,1.2,1.2,1.2,1.2,1.2,1.2,1.2,1.2,1.2,1.2,1.2,1.2,1.2,3.3,1.7,1.9,1.5,1.2,1.2,3.3,1.7,1.9,1.5,1.2,1.2,1.9,1.5,1.2,1.2,1.9,1.5,1.2,1.2,1.9,1.5,1.2,1.2,1.2,1.2,1.2,1.2,1.2,1.2,1.2,1.2,1.2,1.2,1.2,1.2,1.2,1.2,1.2,1.2,1.2,1.2,1.2,1.2,1.2,1.2,1.9,1.5,1.2,1.2,1.2,1.2,1.9,1.5,1.2,1.2,1.2,1.2,1.2,1.2,1.2,1.2,1.2,1.2,1.2,1.2,1.2,1.2,1.2,1.2,1.2,1.2,1.2,1.2,1.2,1.2,1.2,1.2,1.2,1.2,1.2,1.2,1.2,1.2,1.2,1.2,1.2,1.2,1.2,1.2,1.2,1.2,1.2,1.2,1.2,1.2,1.2,1.2,1.2,1.2,1.2,1.2
0.4810,0.4715,3087.3,93.5,1.82,1052.2,1756.7,2751.3,3837.2,0.872,0.521,3.3,3.3,3.3,3.3,1.9,1.5,1.2,1.2,15.1,13.1,2.6,1.7,1.2,1.2,1.9,1.5,1.2,1.2,3.3,3.3,2.6,1.7,1.2,1.2,3.3,2,2.6,1.7,1.2,1.2,31.9,30.2,3.3,1.7,2.6,1.7,1.2,1.2,20.1,18.5,3.3,3.3,2.6,1.7,1.2,1.2,2.6,1.7,1.2,1.2,3.3,3.3,2.6,1.7,1.2,1.2,3.3,3.3,2.6,1.7,1.2,1.2,1.2,1.2,2.6,1.7,1.2,1.2,2.6,1.7,1.2,1.2,1.2,1.2,2.6,1.7,1.2,1.2,3.3,3.3,1.2,1.2,25.2,23.3,3.3,3.3,1.2,1.2,3.3,2,1.2,1.2,1.2,1.2,3.3,2,3.3,3.3,1.9,1.5,1.2,1.2,1.9,1.5,1.2,1.2,3.3,3.3,1.9,1.5,1.2,1.2,1.9,1.5,1.2,1.2,1.2,1.2,1.2,1.2,2.6,1.7,1.2,1.2,1.2,1.2,1.2,1.2,1.2,1.2,1.2,1.2,1.2,1.2,1.2,1.2,1.2,1.2,3.3,1.7,1.9,1.5,1.2,1.2,3.3,1.7,1.9,1.5,1.2,1.2,1.9,1.5,1.2,1.2,1.9,1.5,1.2,1.2,1.9,1.5,1.2,1.2,1.2,1.2,1.2,1.2,1.2,1.2,1.2,1.2,1.2,1.2,1.2,1.2,1.2,1.2,1.2,1.2,1.2,1.2,1.2,1.2,1.2,1.2,1.9,1.5,1.2,1.2,1.2,1.2,1.9,1.5,1.2,1.2,1.2,1.2,1.2,1.2,1.2,1.2,1.2,1.2,1.2,1.2,1.2,1.2,1.2,1.2,1.2,1.2,1.2,1.2,1.2,1.2,1.2,1.2,1.2,1.2,1.2,1.2,1.2,1.2,1.2,1.2,1.2,1.2,1.2,1.2,1.2,1.2,1.2,1.2,1.2,1.2,1.2,1.2,1.2,1.2,1.2,1.2
0.4850,0.4775,3105.5,93.5,1.82,1052.2,1756.7,2755.1,3844.6,0.87,0.517,3.3,3.3,3.3,3.3,1.9,1.5,1.2,1.2,15.1,13.4,2.6,1.7,1.2,1.2,1.9,1.5,1.2,1.2,3.3,3.3,2.6,1.7,1.2,1.2,3.3,2,2.6,1.7,1.2,1.2,32.1,30.5,3.3,1.7,2.6,1.7,1.2,1.2,20.2,18.6,3.3,3.3,2.6,1.7,1.2,1.2,2.6,1.7,1.2,1.2,3.3,3.3,2.6,1.7,1.2,1.2,3.3,3.3,2.6,1.7,1.2,1.2,1.2,1.2,2.6,1.7,1.2,1.2,2.6,1.7,1.2,1.2,1.2,1.2,2.6,1.7,1.2,1.2,3.3,3.3,1.2,1.2,25.3,23.7,3.3,3.3,1.2,1.2,3.3,2,1.2,1.2,1.2,1.2,3.3,2,3.3,3.3,1.9,1.5,1.2,1.2,1.9,1.5,1.2,1.2,3.3,3.3,1.9,1.5,1.2,1.2,1.9,1.5,1.2,1.2,1.2,1.2,1.2,1.2,2.6,1.7,1.2,1.2,1.2,1.2,1.2,1.2,1.2,1.2,1.2,1.2,1.2,1.2,1.2,1.2,1.2,1.2,3.3,1.7,1.9,1.5,1.2,1.2,3.3,1.7,1.9,1.5,1.2,1.2,1.9,1.5,1.2,1.2,1.9,1.5,1.2,1.2,1.9,1.5,1.2,1.2,1.2,1.2,1.2,1.2,1.2,1.2,1.2,1.2,1.2,1.2,1.2,1.2,1.2,1.2,1.2,1.2,1.2,1.2,1.2,1.2,1.2,1.2,1.9,1.5,1.2,1.2,1.2,1.2,1.9,1.5,1.2,1.2,1.2,1.2,1.2,1.2,1.2,1.2,1.2,1.2,1.2,1.2,1.2,1.2,1.2,1.2,1.2,1.2,1.2,1.2,1.2,1.2,1.2,1.2,1.2,1.2,1.2,1.2,1.2,1.2,1.2,1.2,1.2,1.2,1.2,1.2,1.2,1.2,1.2,1.2,1.2,1.2,1.2,1.2,1.2,1.2,1.2,1.2
0.4880,0.4820,3118,93.5,1.81,1052.2,1756.7,2758.9,3852,0.869,0.514,3.3,3.3,3.3,3.3,1.9,1.5,1.2,1.2,15.2,13.4,2.6,1.7,1.2,1.2,1.9,1.5,1.2,1.2,3.3,3.3,2.6,1.7,1.2,1.2,3.3,2,2.6,1.7,1.2,1.2,32.2,30.6,3.3,1.7,2.6,1.7,1.2,1.2,20.3,18.7,3.3,3.3,2.6,1.7,1.2,1.2,2.6,1.7,1.2,1.2,3.3,3.3,2.6,1.7,1.2,1.2,3.3,3.3,2.6,1.7,1.2,1.2,1.2,1.2,2.6,1.7,1.2,1.2,2.6,1.7,1.2,1.2,1.2,1.2,2.6,1.7,1.2,1.2,3.3,3.3,1.2,1.2,25.4,23.8,3.3,3.3,1.2,1.2,3.3,2,1.2,1.2,1.2,1.2,3.3,2,3.3,3.3,1.9,1.5,1.2,1.2,1.9,1.5,1.2,1.2,3.3,3.3,1.9,1.5,1.2,1.2,1.9,1.5,1.2,1.2,1.2,1.2,1.2,1.2,2.6,1.7,1.2,1.2,1.2,1.2,1.2,1.2,1.2,1.2,1.2,1.2,1.2,1.2,1.2,1.2,1.2,1.2,3.3,1.7,1.9,1.5,1.2,1.2,3.3,1.7,1.9,1.5,1.2,1.2,1.9,1.5,1.2,1.2,1.9,1.5,1.2,1.2,1.9,1.5,1.2,1.2,1.2,1.2,1.2,1.2,1.2,1.2,1.2,1.2,1.2,1.2,1.2,1.2,1.2,1.2,1.2,1.2,1.2,1.2,1.2,1.2,1.2,1.2,1.9,1.5,1.2,1.2,1.2,1.2,1.9,1.5,1.2,1.2,1.2,1.2,1.2,1.2,1.2,1.2,1.2,1.2,1.2,1.2,1.2,1.2,1.2,1.2,1.2,1.2,1.2,1.2,1.2,1.2,1.2,1.2,1.2,1.2,1.2,1.2,1.2,1.2,1.2,1.2,1.2,1.2,1.2,1.2,1.2,1.2,1.2,1.2,1.2,1.2,1.2,1.2,1.2,1.2,1.2,1.2
0.4900,0.4850,3134.7,93.5,1.81,1052.2,1756.7,2762.5,3803.6,0.868,0.512,3.3,3.3,3.3,3.3,1.9,1.5,1.2,1.2,15.2,13.5,2.6,1.7,1.2,1.2,1.9,1.5,1.2,1.2,3.3,3.3,2.6,1.7,1.2,1.2,3.3,2,2.6,1.7,1.2,1.2,32.3,30.7,3.3,1.7,2.6,1.7,1.2,1.2,20.4,18.7,3.3,3.3,2.6,1.7,1.2,1.2,2.6,1.7,1.2,1.2,3.3,3.3,2.6,1.7,1.2,1.2,3.3,3.3,2.6,1.7,1.2,1.2,1.2,1.2,2.6,1.7,1.2,1.2,2.6,1.7,1.2,1.2,1.2,1.2,2.6,1.7,1.2,1.2,3.3,3.3,1.2,1.2,25.5,23.9,3.3,3.3,1.2,1.2,3.3,2,1.2,1.2,1.2,1.2,3.3,2,3.3,3.3,1.9,1.5,1.2,1.2,1.9,1.5,1.2,1.2,3.3,3.3,1.9,1.5,1.2,1.2,1.9,1.5,1.2,1.2,1.2,1.2,1.2,1.2,2.6,1.7,1.2,1.2,1.2,1.2,1.2,1.2,1.2,1.2,1.2,1.2,1.2,1.2,1.2,1.2,1.2,1.2,3.3,1.7,1.9,1.5,1.2,1.2,3.3,1.7,1.9,1.5,1.2,1.2,1.9,1.5,1.2,1.2,1.9,1.5,1.2,1.2,1.9,1.5,1.2,1.2,1.2,1.2,1.2,1.2,1.2,1.2,1.2,1.2,1.2,1.2,1.2,1.2,1.2,1.2,1.2,1.2,1.2,1.2,1.2,1.2,1.2,1.2,1.9,1.5,1.2,1.2,1.2,1.2,1.9,1.5,1.2,1.2,1.2,1.2,1.2,1.2,1.2,1.2,1.2,1.2,1.2,1.2,1.2,1.2,1.2,1.2,1.2,1.2,1.2,1.2,1.2,1.2,1.2,1.2,1.2,1.2,1.2,1.2,1.2,1.2,1.2,1.2,1.2,1.2,1.2,1.2,1.2,1.2,1.2,1.2,1.2,1.2,1.2,1.2,1.2,1.2,1.2,1.2
0.4920,0.4880,3148.3,93.5,1.81,1052.2,1756.7,2766,3768.8,0.867,0.509,3.3,3.3,3.3,3.3,1.9,1.5,1.2,1.2,15.3,13.5,2.6,1.7,1.2,1.2,1.9,1.5,1.2,1.2,3.3,3.3,2.6,1.7,1.2,1.2,3.3,2,2.6,1.7,1.2,1.2,32.4,30.7,3.3,1.7,2.6,1.7,1.2,1.2,20.4,18.8,3.3,3.3,2.6,1.7,1.2,1.2,2.6,1.7,1.2,1.2,3.3,3.3,2.6,1.7,1.2,1.2,3.3,3.3,2.6,1.7,1.2,1.2,1.2,1.2,2.6,1.7,1.2,1.2,2.6,1.7,1.2,1.2,1.2,1.2,2.6,1.7,1.2,1.2,3.3,3.3,1.2,1.2,25.6,24,3.3,3.3,1.2,1.2,3.3,2,1.2,1.2,1.2,1.2,3.3,2,3.3,3.3,1.9,1.5,1.2,1.2,1.9,1.5,1.2,1.2,3.3,3.3,1.9,1.5,1.2,1.2,1.9,1.5,1.2,1.2,1.2,1.2,1.2,1.2,2.6,1.7,1.2,1.2,1.2,1.2,1.2,1.2,1.2,1.2,1.2,1.2,1.2,1.2,1.2,1.2,1.2,1.2,3.3,1.7,1.9,1.5,1.2,1.2,3.3,1.7,1.9,1.5,1.2,1.2,1.9,1.5,1.2,1.2,1.9,1.5,1.2,1.2,1.9,1.5,1.2,1.2,1.2,1.2,1.2,1.2,1.2,1.2,1.2,1.2,1.2,1.2,1.2,1.2,1.2,1.2,1.2,1.2,1.2,1.2,1.2,1.2,1.2,1.2,1.9,1.5,1.2,1.2,1.2,1.2,1.9,1.5,1.2,1.2,1.2,1.2,1.2,1.2,1.2,1.2,1.2,1.2,1.2,1.2,1.2,1.2,1.2,1.2,1.2,1.2,1.2,1.2,1.2,1.2,1.2,1.2,1.2,1.2,1.2,1.2,1.2,1.2,1.2,1.2,1.2,1.2,1.2,1.2,1.2,1.2,1.2,1.2,1.2,1.2,1.2,1.2,1.2,1.2,1.2,1.2
0.4950,0.4925,3166,93.5,1.81,1052.2,1756.7,2769.5,3744.1,0.866,0.506,3.3,3.3,3.3,3.3,1.9,1.5,1.2,1.2,15.3,13.6,2.6,1.7,1.2,1.2,1.9,1.5,1.2,1.2,3.3,3.3,2.6,1.7,1.2,1.2,3.3,2,2.6,1.7,1.2,1.2,32.5,30.8,3.3,1.7,2.6,1.7,1.2,1.2,20.5,18.9,3.3,3.3,2.6,1.7,1.2,1.2,2.6,1.7,1.2,1.2,3.3,3.3,2.6,1.7,1.2,1.2,3.3,3.3,2.6,1.7,1.2,1.2,1.2,1.2,2.6,1.7,1.2,1.2,2.6,1.7,1.2,1.2,1.2,1.2,2.6,1.7,1.2,1.2,3.3,3.3,1.2,1.2,25.7,24.1,3.3,3.3,1.2,1.2,3.3,2,1.2,1.2,1.2,1.2,3.3,2,3.3,3.3,1.9,1.5,1.2,1.2,1.9,1.5,1.2,1.2,3.3,3.3,1.9,1.5,1.2,1.2,1.9,1.5,1.2,1.2,1.2,1.2,1.2,1.2,2.6,1.7,1.2,1.2,1.2,1.2,1.2,1.2,1.2,1.2,1.2,1.2,1.2,1.2,1.2,1.2,1.2,1.2,3.3,1.7,1.9,1.5,1.2,1.2,3.3,1.7,1.9,1.5,1.2,1.2,1.9,1.5,1.2,1.2,1.9,1.5,1.2,1.2,1.9,1.5,1.2,1.2,1.2,1.2,1.2,1.2,1.2,1.2,1.2,1.2,1.2,1.2,1.2,1.2,1.2,1.2,1.2,1.2,1.2,1.2,1.2,1.2,1.2,1.2,1.9,1.5,1.2,1.2,1.2,1.2,1.9,1.5,1.2,1.2,1.2,1.2,1.2,1.2,1.2,1.2,1.2,1.2,1.2,1.2,1.2,1.2,1.2,1.2,1.2,1.2,1.2,1.2,1.2,1.2,1.2,1.2,1.2,1.2,1.2,1.2,1.2,1.2,1.2,1.2,1.2,1.2,1.2,1.2,1.2,1.2,1.2,1.2,1.2,1.2,1.2,1.2,1.2,1.2,1.2,1.2
0.4970,0.4955,3183.6,93.5,1.81,1052.2,1756.7,2773,3727.3,0.865,0.503,3.3,3.3,3.3,3.3,1.9,1.5,1.2,1.2,15.4,13.6,2.6,1.7,1.2,1.2,1.9,1.5,1.2,1.2,3.3,3.3,2.6,1.7,1.2,1.2,3.3,2,2.6,1.7,1.2,1.2,32.7,31,3.3,1.7,2.6,1.7,1.2,1.2,20.6,18.9,3.3,3.3,2.6,1.7,1.2,1.2,2.6,1.7,1.2,1.2,3.3,3.3,2.6,1.7,1.2,1.2,3.3,3.3,2.6,1.7,1.2,1.2,1.2,1.2,2.6,1.7,1.2,1.2,2.6,1.7,1.2,1.2,1.2,1.2,2.6,1.7,1.2,1.2,3.3,3.3,1.2,1.2,25.8,24.1,3.3,3.3,1.2,1.2,3.3,2,1.2,1.2,1.2,1.2,3.3,2,3.3,3.3,1.9,1.5,1.2,1.2,1.9,1.5,1.2,1.2,3.3,3.3,1.9,1.5,1.2,1.2,1.9,1.5,1.2,1.2,1.2,1.2,1.2,1.2,2.6,1.7,1.2,1.2,1.2,1.2,1.2,1.2,1.2,1.2,1.2,1.2,1.2,1.2,1.2,1.2,1.2,1.2,3.3,1.7,1.9,1.5,1.2,1.2,3.3,1.7,1.9,1.5,1.2,1.2,1.9,1.5,1.2,1.2,1.9,1.5,1.2,1.2,1.9,1.5,1.2,1.2,1.2,1.2,1.2,1.2,1.2,1.2,1.2,1.2,1.2,1.2,1.2,1.2,1.2,1.2,1.2,1.2,1.2,1.2,1.2,1.2,1.2,1.2,1.9,1.5,1.2,1.2,1.2,1.2,1.9,1.5,1.2,1.2,1.2,1.2,1.2,1.2,1.2,1.2,1.2,1.2,1.2,1.2,1.2,1.2,1.2,1.2,1.2,1.2,1.2,1.2,1.2,1.2,1.2,1.2,1.2,1.2,1.2,1.2,1.2,1.2,1.2,1.2,1.2,1.2,1.2,1.2,1.2,1.2,1.2,1.2,1.2,1.2,1.2,1.2,1.2,1.2,1.2,1.2
0.5000,0.5000,3199.3,93.5,1.81,1052.2,1756.7,2776.7,3716.4,0.863,0.5,3.3,3.3,3.3,3.3,1.9,1.5,1.2,1.2,15.5,13.7,2.6,1.7,1.2,1.2,1.9,1.5,1.2,1.2,3.3,3.3,2.6,1.7,1.2,1.2,3.3,2,2.6,1.7,1.2,1.2,32.8,31.1,3.3,1.7,2.6,1.7,1.2,1.2,20.7,18.8,3.3,3.3,2.6,1.7,1.2,1.2,2.6,1.7,1.2,1.2,3.3,3.3,2.6,1.7,1.2,1.2,3.3,3.3,2.6,1.7,1.2,1.2,1.2,1.2,2.6,1.7,1.2,1.2,2.6,1.7,1.2,1.2,1.2,1.2,2.6,1.7,1.2,1.2,3.3,3.3,1.2,1.2,25.9,24.2,3.3,3.3,1.2,1.2,3.3,2,1.2,1.2,1.2,1.2,3.3,2,3.3,3.3,1.9,1.5,1.2,1.2,1.9,1.5,1.2,1.2,3.3,3.3,1.9,1.5,1.2,1.2,1.9,1.5,1.2,1.2,1.2,1.2,1.2,1.2,2.6,1.7,1.2,1.2,1.2,1.2,1.2,1.2,1.2,1.2,1.2,1.2,1.2,1.2,1.2,1.2,1.2,1.2,3.3,1.7,1.9,1.5,1.2,1.2,3.3,1.7,1.9,1.5,1.2,1.2,1.9,1.5,1.2,1.2,1.9,1.5,1.2,1.2,1.9,1.5,1.2,1.2,1.2,1.2,1.2,1.2,1.2,1.2,1.2,1.2,1.2,1.2,1.2,1.2,1.2,1.2,1.2,1.2,1.2,1.2,1.2,1.2,1.2,1.2,1.9,1.5,1.2,1.2,1.2,1.2,1.9,1.5,1.2,1.2,1.2,1.2,1.2,1.2,1.2,1.2,1.2,1.2,1.2,1.2,1.2,1.2,1.2,1.2,1.2,1.2,1.2,1.2,1.2,1.2,1.2,1.2,1.2,1.2,1.2,1.2,1.2,1.2,1.2,1.2,1.2,1.2,1.2,1.2,1.2,1.2,1.2,1.2,1.2,1.2,1.2,1.2,1.2,1.2,1.2,1.2
0.5020,0.5030,3215,93.5,1.81,1052.2,1756.7,2779.5,3708.9,0.862,0.497,3.3,3.3,3.3,3.3,1.9,1.5,1.2,1.2,15.5,13.7,2.6,1.7,1.2,1.2,1.9,1.5,1.2,1.2,3.3,3.3,2.6,1.7,1.2,1.2,3.3,2,2.6,1.7,1.2,1.2,32.9,31.2,3.3,1.7,2.6,1.7,1.2,1.2,20.7,18.9,3.3,3.3,2.6,1.7,1.2,1.2,2.6,1.7,1.2,1.2,3.3,3.3,2.6,1.7,1.2,1.2,3.3,3.3,2.6,1.7,1.2,1.2,1.2,1.2,2.6,1.7,1.2,1.2,2.6,1.7,1.2,1.2,1.2,1.2,2.6,1.7,1.2,1.2,3.3,3.3,1.2,1.2,26,24.3,3.3,3.3,1.2,1.2,3.3,2,1.2,1.2,1.2,1.2,3.3,2,3.3,3.3,1.9,1.5,1.2,1.2,1.9,1.5,1.2,1.2,3.3,3.3,1.9,1.5,1.2,1.2,1.9,1.5,1.2,1.2,1.2,1.2,1.2,1.2,2.6,1.7,1.2,1.2,1.2,1.2,1.2,1.2,1.2,1.2,1.2,1.2,1.2,1.2,1.2,1.2,1.2,1.2,3.3,1.7,1.9,1.5,1.2,1.2,3.3,1.7,1.9,1.5,1.2,1.2,1.9,1.5,1.2,1.2,1.9,1.5,1.2,1.2,1.9,1.5,1.2,1.2,1.2,1.2,1.2,1.2,1.2,1.2,1.2,1.2,1.2,1.2,1.2,1.2,1.2,1.2,1.2,1.2,1.2,1.2,1.2,1.2,1.2,1.2,1.9,1.5,1.2,1.2,1.2,1.2,1.9,1.5,1.2,1.2,1.2,1.2,1.2,1.2,1.2,1.2,1.2,1.2,1.2,1.2,1.2,1.2,1.2,1.2,1.2,1.2,1.2,1.2,1.2,1.2,1.2,1.2,1.2,1.2,1.2,1.2,1.2,1.2,1.2,1.2,1.2,1.2,1.2,1.2,1.2,1.2,1.2,1.2,1.2,1.2,1.2,1.2,1.2,1.2,1.2,1.2
0.5050,0.5075,3231.3,93.5,1.81,1052.2,1756.7,2781.6,3704,0.861,0.494,3.3,3.3,3.3,3.3,1.9,1.5,1.2,1.2,15.6,13.8,2.6,1.7,1.2,1.2,1.9,1.5,1.2,1.2,3.3,3.3,2.6,1.7,1.2,1.2,3.3,2,2.6,1.7,1.2,1.2,33,31.1,3.3,1.7,2.6,1.7,1.2,1.2,20.8,19,3.3,3.3,2.6,1.7,1.2,1.2,2.6,1.7,1.2,1.2,3.3,3.3,2.6,1.7,1.2,1.2,3.3,3.3,2.6,1.7,1.2,1.2,1.2,1.2,2.6,1.7,1.2,1.2,2.6,1.7,1.2,1.2,1.2,1.2,2.6,1.7,1.2,1.2,3.3,3.3,1.2,1.2,26.1,24.4,3.3,3.3,1.2,1.2,3.3,2,1.2,1.2,1.2,1.2,3.3,2,3.3,3.3,1.9,1.5,1.2,1.2,1.9,1.5,1.2,1.2,3.3,3.3,1.9,1.5,1.2,1.2,1.9,1.5,1.2,1.2,1.2,1.2,1.2,1.2,2.6,1.7,1.2,1.2,1.2,1.2,1.2,1.2,1.2,1.2,1.2,1.2,1.2,1.2,1.2,1.2,1.2,1.2,3.3,1.7,1.9,1.5,1.2,1.2,3.3,1.7,1.9,1.5,1.2,1.2,1.9,1.5,1.2,1.2,1.9,1.5,1.2,1.2,1.9,1.5,1.2,1.2,1.2,1.2,1.2,1.2,1.2,1.2,1.2,1.2,1.2,1.2,1.2,1.2,1.2,1.2,1.2,1.2,1.2,1.2,1.2,1.2,1.2,1.2,1.9,1.5,1.2,1.2,1.2,1.2,1.9,1.5,1.2,1.2,1.2,1.2,1.2,1.2,1.2,1.2,1.2,1.2,1.2,1.2,1.2,1.2,1.2,1.2,1.2,1.2,1.2,1.2,1.2,1.2,1.2,1.2,1.2,1.2,1.2,1.2,1.2,1.2,1.2,1.2,1.2,1.2,1.2,1.2,1.2,1.2,1.2,1.2,1.2,1.2,1.2,1.2,1.2,1.2,1.2,1.2
0.5070,0.5105,3247.4,93.5,1.81,1052.2,1756.7,2783.3,3701.1,0.86,0.491,3.3,3.3,3.3,3.3,1.9,1.5,1.2,1.2,15.6,13.8,2.6,1.7,1.2,1.2,1.9,1.5,1.2,1.2,3.3,3.3,2.6,1.7,1.2,1.2,3.3,2,2.6,1.7,1.2,1.2,33.2,31.5,3.3,1.7,2.6,1.7,1.2,1.2,20.9,19.2,3.3,3.3,2.6,1.7,1.2,1.2,2.6,1.7,1.2,1.2,3.3,3.3,2.6,1.7,1.2,1.2,3.3,3.3,2.6,1.7,1.2,1.2,1.2,1.2,2.6,1.7,1.2,1.2,2.6,1.7,1.2,1.2,1.2,1.2,2.6,1.7,1.2,1.2,3.3,3.3,1.2,1.2,26.1,24.5,3.3,3.3,1.2,1.2,3.3,2,1.2,1.2,1.2,1.2,3.3,2,3.3,3.3,1.9,1.5,1.2,1.2,1.9,1.5,1.2,1.2,3.3,3.3,1.9,1.5,1.2,1.2,1.9,1.5,1.2,1.2,1.2,1.2,1.2,1.2,2.6,1.7,1.2,1.2,1.2,1.2,1.2,1.2,1.2,1.2,1.2,1.2,1.2,1.2,1.2,1.2,1.2,1.2,3.3,1.7,1.9,1.5,1.2,1.2,3.3,1.7,1.9,1.5,1.2,1.2,1.9,1.5,1.2,1.2,1.9,1.5,1.2,1.2,1.9,1.5,1.2,1.2,1.2,1.2,1.2,1.2,1.2,1.2,1.2,1.2,1.2,1.2,1.2,1.2,1.2,1.2,1.2,1.2,1.2,1.2,1.2,1.2,1.2,1.2,1.9,1.5,1.2,1.2,1.2,1.2,1.9,1.5,1.2,1.2,1.2,1.2,1.2,1.2,1.2,1.2,1.2,1.2,1.2,1.2,1.2,1.2,1.2,1.2,1.2,1.2,1.2,1.2,1.2,1.2,1.2,1.2,1.2,1.2,1.2,1.2,1.2,1.2,1.2,1.2,1.2,1.2,1.2,1.2,1.2,1.2,1.2,1.2,1.2,1.2,1.2,1.2,1.2,1.2,1.2,1.2
0.5100,0.5150,3264,93.5,1.8,1052.2,1756.7,2784.6,3699.7,0.859,0.488,3.3,3.3,3.3,3.3,1.9,1.5,1.2,1.2,15.7,13.9,2.6,1.7,1.2,1.2,1.9,1.5,1.2,1.2,3.3,3.3,2.6,1.7,1.2,1.2,3.3,2,2.6,1.7,1.2,1.2,33.3,31.6,3.3,1.7,2.6,1.7,1.2,1.2,21,19.3,3.3,3.3,2.6,1.7,1.2,1.2,2.6,1.7,1.2,1.2,3.3,3.3,2.6,1.7,1.2,1.2,3.3,3.3,2.6,1.7,1.2,1.2,1.2,1.2,2.6,1.7,1.2,1.2,2.6,1.7,1.2,1.2,1.2,1.2,2.6,1.7,1.2,1.2,3.3,3.3,1.2,1.2,26.2,24.6,3.3,3.3,1.2,1.2,3.3,2,1.2,1.2,1.2,1.2,3.3,2,3.3,3.3,1.9,1.5,1.2,1.2,1.9,1.5,1.2,1.2,3.3,3.3,1.9,1.5,1.2,1.2,1.9,1.5,1.2,1.2,1.2,1.2,1.2,1.2,2.6,1.7,1.2,1.2,1.2,1.2,1.2,1.2,1.2,1.2,1.2,1.2,1.2,1.2,1.2,1.2,1.2,1.2,3.3,1.7,1.9,1.5,1.2,1.2,3.3,1.7,1.9,1.5,1.2,1.2,1.9,1.5,1.2,1.2,1.9,1.5,1.2,1.2,1.9,1.5,1.2,1.2,1.2,1.2,1.2,1.2,1.2,1.2,1.2,1.2,1.2,1.2,1.2,1.2,1.2,1.2,1.2,1.2,1.2,1.2,1.2,1.2,1.2,1.2,1.9,1.5,1.2,1.2,1.2,1.2,1.9,1.5,1.2,1.2,1.2,1.2,1.2,1.2,1.2,1.2,1.2,1.2,1.2,1.2,1.2,1.2,1.2,1.2,1.2,1.2,1.2,1.2,1.2,1.2,1.2,1.2,1.2,1.2,1.2,1.2,1.2,1.2,1.2,1.2,1.2,1.2,1.2,1.2,1.2,1.2,1.2,1.2,1.2,1.2,1.2,1.2,1.2,1.2,1.2,1.2
0.5130,0.5195,3280.9,93.5,1.8,1052.2,1756.7,2785.7,3699.4,0.857,0.486,3.3,3.3,3.3,3.3,1.9,1.5,1.2,1.2,15.8,13.9,2.6,1.7,1.2,1.2,1.9,1.5,1.2,1.2,3.3,3.3,2.6,1.7,1.2,1.2,3.3,2,2.6,1.7,1.2,1.2,33.4,31.7,3.3,1.7,2.6,1.7,1.2,1.2,21.1,19.3,3.3,3.3,2.6,1.7,1.2,1.2,2.6,1.7,1.2,1.2,3.3,3.3,2.6,1.7,1.2,1.2,3.3,3.3,2.6,1.7,1.2,1.2,1.2,1.2,2.6,1.7,1.2,1.2,2.6,1.7,1.2,1.2,1.2,1.2,2.6,1.7,1.2,1.2,3.3,3.3,1.2,1.2,26.3,24.2,3.3,3.3,1.2,1.2,3.3,2,1.2,1.2,1.2,1.2,3.3,2,3.3,3.3,1.9,1.5,1.2,1.2,1.9,1.5,1.2,1.2,3.3,3.3,1.9,1.5,1.2,1.2,1.9,1.5,1.2,1.2,1.2,1.2,1.2,1.2,2.6,1.7,1.2,1.2,1.2,1.2,1.2,1.2,1.2,1.2,1.2,1.2,1.2,1.2,1.2,1.2,1.2,1.2,3.3,1.7,1.9,1.5,1.2,1.2,3.3,1.7,1.9,1.5,1.2,1.2,1.9,1.5,1.2,1.2,1.9,1.5,1.2,1.2,1.9,1.5,1.2,1.2,1.2,1.2,1.2,1.2,1.2,1.2,1.2,1.2,1.2,1.2,1.2,1.2,1.2,1.2,1.2,1.2,1.2,1.2,1.2,1.2,1.2,1.2,1.9,1.5,1.2,1.2,1.2,1.2,1.9,1.5,1.2,1.2,1.2,1.2,1.2,1.2,1.2,1.2,1.2,1.2,1.2,1.2,1.2,1.2,1.2,1.2,1.2,1.2,1.2,1.2,1.2,1.2,1.2,1.2,1.2,1.2,1.2,1.2,1.2,1.2,1.2,1.2,1.2,1.2,1.2,1.2,1.2,1.2,1.2,1.2,1.2,1.2,1.2,1.2,1.2,1.2,1.2,1.2
0.5150,0.5225,3297.5,93.5,1.8,1052.2,1756.7,2786.5,3700,0.856,0.482,3.3,3.3,3.3,3.3,1.9,1.5,1.2,1.2,15.8,14,2.6,1.7,1.2,1.2,1.9,1.5,1.2,1.2,3.3,3.3,2.6,1.7,1.2,1.2,3.3,2,2.6,1.7,1.2,1.2,33.5,31.8,3.3,1.7,2.6,1.7,1.2,1.2,21.1,19.4,3.3,3.3,2.6,1.7,1.2,1.2,2.6,1.7,1.2,1.2,3.3,3.3,2.6,1.7,1.2,1.2,3.3,3.3,2.6,1.7,1.2,1.2,1.2,1.2,2.6,1.7,1.2,1.2,2.6,1.7,1.2,1.2,1.2,1.2,2.6,1.7,1.2,1.2,3.3,3.3,1.2,1.2,26.4,24.6,3.3,3.3,1.2,1.2,3.3,2,1.2,1.2,1.2,1.2,3.3,2,3.3,3.3,1.9,1.5,1.2,1.2,1.9,1.5,1.2,1.2,3.3,3.3,1.9,1.5,1.2,1.2,1.9,1.5,1.2,1.2,1.2,1.2,1.2,1.2,2.6,1.7,1.2,1.2,1.2,1.2,1.2,1.2,1.2,1.2,1.2,1.2,1.2,1.2,1.2,1.2,1.2,1.2,3.3,1.7,1.9,1.5,1.2,1.2,3.3,1.7,1.9,1.5,1.2,1.2,1.9,1.5,1.2,1.2,1.9,1.5,1.2,1.2,1.9,1.5,1.2,1.2,1.2,1.2,1.2,1.2,1.2,1.2,1.2,1.2,1.2,1.2,1.2,1.2,1.2,1.2,1.2,1.2,1.2,1.2,1.2,1.2,1.2,1.2,1.9,1.5,1.2,1.2,1.2,1.2,1.9,1.5,1.2,1.2,1.2,1.2,1.2,1.2,1.2,1.2,1.2,1.2,1.2,1.2,1.2,1.2,1.2,1.2,1.2,1.2,1.2,1.2,1.2,1.2,1.2,1.2,1.2,1.2,1.2,1.2,1.2,1.2,1.2,1.2,1.2,1.2,1.2,1.2,1.2,1.2,1.2,1.2,1.2,1.2,1.2,1.2,1.2,1.2,1.2,1.2
0.5180,0.5270,3314.1,93.5,1.8,1052.2,1756.7,2787.3,3701.3,0.855,0.479,3.3,3.3,3.3,3.3,1.9,1.5,1.2,1.2,15.9,14.1,2.6,1.7,1.2,1.2,1.9,1.5,1.2,1.2,3.3,3.3,2.6,1.7,1.2,1.2,3.3,2,2.6,1.7,1.2,1.2,33.7,32,3.3,1.7,2.6,1.7,1.2,1.2,21.2,19.5,3.3,3.3,2.6,1.7,1.2,1.2,2.6,1.7,1.2,1.2,3.3,3.3,2.6,1.7,1.2,1.2,3.3,3.3,2.6,1.7,1.2,1.2,1.2,1.2,2.6,1.7,1.2,1.2,2.6,1.7,1.2,1.2,1.2,1.2,2.6,1.7,1.2,1.2,3.3,3.3,1.2,1.2,26.6,24.9,3.3,3.3,1.2,1.2,3.3,2,1.2,1.2,1.2,1.2,3.3,2,3.3,3.3,1.9,1.5,1.2,1.2,1.9,1.5,1.2,1.2,3.3,3.3,1.9,1.5,1.2,1.2,1.9,1.5,1.2,1.2,1.2,1.2,1.2,1.2,2.6,1.7,1.2,1.2,1.2,1.2,1.2,1.2,1.2,1.2,1.2,1.2,1.2,1.2,1.2,1.2,1.2,1.2,3.3,1.7,1.9,1.5,1.2,1.2,3.3,1.7,1.9,1.5,1.2,1.2,1.9,1.5,1.2,1.2,1.9,1.5,1.2,1.2,1.9,1.5,1.2,1.2,1.2,1.2,1.2,1.2,1.2,1.2,1.2,1.2,1.2,1.2,1.2,1.2,1.2,1.2,1.2,1.2,1.2,1.2,1.2,1.2,1.2,1.2,1.9,1.5,1.2,1.2,1.2,1.2,1.9,1.5,1.2,1.2,1.2,1.2,1.2,1.2,1.2,1.2,1.2,1.2,1.2,1.2,1.2,1.2,1.2,1.2,1.2,1.2,1.2,1.2,1.2,1.2,1.2,1.2,1.2,1.2,1.2,1.2,1.2,1.2,1.2,1.2,1.2,1.2,1.2,1.2,1.2,1.2,1.2,1.2,1.2,1.2,1.2,1.2,1.2,1.2,1.2,1.2
0.5200,0.5300,3330.8,93.5,1.8,1052.2,1756.7,2787.9,3703,0.853,0.477,3.3,3.3,3.3,3.3,1.9,1.5,1.2,1.2,15.9,14.1,2.6,1.7,1.2,1.2,1.9,1.5,1.2,1.2,3.3,3.3,2.6,1.7,1.2,1.2,3.3,2,2.6,1.7,1.2,1.2,33.8,32.1,3.3,1.7,2.6,1.7,1.2,1.2,21.3,19.6,3.3,3.3,2.6,1.7,1.2,1.2,2.6,1.7,1.2,1.2,3.3,3.3,2.6,1.7,1.2,1.2,3.3,3.3,2.6,1.7,1.2,1.2,1.2,1.2,2.6,1.7,1.2,1.2,2.6,1.7,1.2,1.2,1.2,1.2,2.6,1.7,1.2,1.2,3.3,3.3,1.2,1.2,26.7,25,3.3,3.3,1.2,1.2,3.3,2,1.2,1.2,1.2,1.2,3.3,2,3.3,3.3,1.9,1.5,1.2,1.2,1.9,1.5,1.2,1.2,3.3,3.3,1.9,1.5,1.2,1.2,1.9,1.5,1.2,1.2,1.2,1.2,1.2,1.2,2.6,1.7,1.2,1.2,1.2,1.2,1.2,1.2,1.2,1.2,1.2,1.2,1.2,1.2,1.2,1.2,1.2,1.2,3.3,1.7,1.9,1.5,1.2,1.2,3.3,1.7,1.9,1.5,1.2,1.2,1.9,1.5,1.2,1.2,1.9,1.5,1.2,1.2,1.9,1.5,1.2,1.2,1.2,1.2,1.2,1.2,1.2,1.2,1.2,1.2,1.2,1.2,1.2,1.2,1.2,1.2,1.2,1.2,1.2,1.2,1.2,1.2,1.2,1.2,1.9,1.5,1.2,1.2,1.2,1.2,1.9,1.5,1.2,1.2,1.2,1.2,1.2,1.2,1.2,1.2,1.2,1.2,1.2,1.2,1.2,1.2,1.2,1.2,1.2,1.2,1.2,1.2,1.2,1.2,1.2,1.2,1.2,1.2,1.2,1.2,1.2,1.2,1.2,1.2,1.2,1.2,1.2,1.2,1.2,1.2,1.2,1.2,1.2,1.2,1.2,1.2,1.2,1.2,1.2,1.2
0.5230,0.5345,3347.5,93.5,1.8,1052.2,1756.7,2788.4,3705.1,0.852,0.474,3.3,3.3,3.3,3.3,1.9,1.5,1.2,1.2,16,14.2,2.6,1.7,1.2,1.2,1.9,1.5,1.2,1.2,3.3,3.3,2.6,1.7,1.2,1.2,3.3,2,2.6,1.7,1.2,1.2,33.9,32.2,3.3,1.7,2.6,1.7,1.2,1.2,21.4,19.7,3.3,3.3,2.6,1.7,1.2,1.2,2.6,1.7,1.2,1.2,3.3,3.3,2.6,1.7,1.2,1.2,3.3,3.3,2.6,1.7,1.2,1.2,1.2,1.2,2.6,1.7,1.2,1.2,2.6,1.7,1.2,1.2,1.2,1.2,2.6,1.7,1.2,1.2,3.3,3.3,1.2,1.2,26.8,25.1,3.3,3.3,1.2,1.2,3.3,2,1.2,1.2,1.2,1.2,3.3,2,3.3,3.3,1.9,1.5,1.2,1.2,1.9,1.5,1.2,1.2,3.3,3.3,1.9,1.5,1.2,1.2,1.9,1.5,1.2,1.2,1.2,1.2,1.2,1.2,2.6,1.7,1.2,1.2,1.2,1.2,1.2,1.2,1.2,1.2,1.2,1.2,1.2,1.2,1.2,1.2,1.2,1.2,3.3,1.7,1.9,1.5,1.2,1.2,3.3,1.7,1.9,1.5,1.2,1.2,1.9,1.5,1.2,1.2,1.9,1.5,1.2,1.2,1.9,1.5,1.2,1.2,1.2,1.2,1.2,1.2,1.2,1.2,1.2,1.2,1.2,1.2,1.2,1.2,1.2,1.2,1.2,1.2,1.2,1.2,1.2,1.2,1.2,1.2,1.9,1.5,1.2,1.2,1.2,1.2,1.9,1.5,1.2,1.2,1.2,1.2,1.2,1.2,1.2,1.2,1.2,1.2,1.2,1.2,1.2,1.2,1.2,1.2,1.2,1.2,1.2,1.2,1.2,1.2,1.2,1.2,1.2,1.2,1.2,1.2,1.2,1.2,1.2,1.2,1.2,1.2,1.2,1.2,1.2,1.2,1.2,1.2,1.2,1.2,1.2,1.2,1.2,1.2,1.2,1.2
0.5260,0.5390,3364.1,93.5,1.8,1052.2,1756.7,2788.9,3707.5,0.851,0.47,3.3,3.3,3.3,3.3,1.9,1.5,1.2,1.2,16.1,14.2,2.6,1.7,1.2,1.2,1.9,1.5,1.2,1.2,3.3,3.3,2.6,1.7,1.2,1.2,3.3,2,2.6,1.7,1.2,1.2,34.1,32.3,3.3,1.7,2.6,1.7,1.2,1.2,21.5,19.7,3.3,3.3,2.6,1.7,1.2,1.2,2.6,1.7,1.2,1.2,3.3,3.3,2.6,1.7,1.2,1.2,3.3,3.3,2.6,1.7,1.2,1.2,1.2,1.2,2.6,1.7,1.2,1.2,2.6,1.7,1.2,1.2,1.2,1.2,2.6,1.7,1.2,1.2,3.3,3.3,1.2,1.2,26.9,25.2,3.3,3.3,1.2,1.2,3.3,2,1.2,1.2,1.2,1.2,3.3,2,3.3,3.3,1.9,1.5,1.2,1.2,1.9,1.5,1.2,1.2,3.3,3.3,1.9,1.5,1.2,1.2,1.9,1.5,1.2,1.2,1.2,1.2,1.2,1.2,2.6,1.7,1.2,1.2,1.2,1.2,1.2,1.2,1.2,1.2,1.2,1.2,1.2,1.2,1.2,1.2,1.2,1.2,3.3,1.7,1.9,1.5,1.2,1.2,3.3,1.7,1.9,1.5,1.2,1.2,1.9,1.5,1.2,1.2,1.9,1.5,1.2,1.2,1.9,1.5,1.2,1.2,1.2,1.2,1.2,1.2,1.2,1.2,1.2,1.2,1.2,1.2,1.2,1.2,1.2,1.2,1.2,1.2,1.2,1.2,1.2,1.2,1.2,1.2,1.9,1.5,1.2,1.2,1.2,1.2,1.9,1.5,1.2,1.2,1.2,1.2,1.2,1.2,1.2,1.2,1.2,1.2,1.2,1.2,1.2,1.2,1.2,1.2,1.2,1.2,1.2,1.2,1.2,1.2,1.2,1.2,1.2,1.2,1.2,1.2,1.2,1.2,1.2,1.2,1.2,1.2,1.2,1.2,1.2,1.2,1.2,1.2,1.2,1.2,1.2,1.2,1.2,1.2,1.2,1.2
0.5280,0.5420,3380.8,93.5,1.8,1052.2,1756.7,2789.3,3710.1,0.849,0.468,3.3,3.3,3.3,3.3,1.9,1.5,1.2,1.2,16.1,14.3,2.6,1.7,1.2,1.2,1.9,1.5,1.2,1.2,3.3,3.3,2.6,1.7,1.2,1.2,3.3,2,2.6,1.7,1.2,1.2,34.2,32.2,3.3,1.7,2.6,1.7,1.2,1.2,21.5,19.8,3.3,3.3,2.6,1.7,1.2,1.2,2.6,1.7,1.2,1.2,3.3,3.3,2.6,1.7,1.2,1.2,3.3,3.3,2.6,1.7,1.2,1.2,1.2,1.2,2.6,1.7,1.2,1.2,2.6,1.7,1.2,1.2,1.2,1.2,2.6,1.7,1.2,1.2,3.3,3.3,1.2,1.2,27,25.3,3.3,3.3,1.2,1.2,3.3,2,1.2,1.2,1.2,1.2,3.3,2,3.3,3.3,1.9,1.5,1.2,1.2,1.9,1.5,1.2,1.2,3.3,3.3,1.9,1.5,1.2,1.2,1.9,1.5,1.2,1.2,1.2,1.2,1.2,1.2,2.6,1.7,1.2,1.2,1.2,1.2,1.2,1.2,1.2,1.2,1.2,1.2,1.2,1.2,1.2,1.2,1.2,1.2,3.3,1.7,1.9,1.5,1.2,1.2,3.3,1.7,1.9,1.5,1.2,1.2,1.9,1.5,1.2,1.2,1.9,1.5,1.2,1.2,1.9,1.5,1.2,1.2,1.2,1.2,1.2,1.2,1.2,1.2,1.2,1.2,1.2,1.2,1.2,1.2,1.2,1.2,1.2,1.2,1.2,1.2,1.2,1.2,1.2,1.2,1.9,1.5,1.2,1.2,1.2,1.2,1.9,1.5,1.2,1.2,1.2,1.2,1.2,1.2,1.2,1.2,1.2,1.2,1.2,1.2,1.2,1.2,1.2,1.2,1.2,1.2,1.2,1.2,1.2,1.2,1.2,1.2,1.2,1.2,1.2,1.2,1.2,1.2,1.2,1.2,1.2,1.2,1.2,1.2,1.2,1.2,1.2,1.2,1.2,1.2,1.2,1.2,1.2,1.2,1.2,1.2
0.5310,0.5464,3397.7,93.5,1.8,1052.2,1756.7,2789.7,3712.9,0.848,0.464,3.3,3.3,3.3,3.3,1.9,1.5,1.2,1.2,16.2,14,2.6,1.7,1.2,1.2,1.9,1.5,1.2,1.2,3.3,3.3,2.6,1.7,1.2,1.2,3.3,2,2.6,1.7,1.2,1.2,34.3,32.5,3.3,1.7,2.6,1.7,1.2,1.2,21.6,19.9,3.3,3.3,2.6,1.7,1.2,1.2,2.6,1.7,1.2,1.2,3.3,3.3,2.6,1.7,1.2,1.2,3.3,3.3,2.6,1.7,1.2,1.2,1.2,1.2,2.6,1.7,1.2,1.2,2.6,1.7,1.2,1.2,1.2,1.2,2.6,1.7,1.2,1.2,3.3,3.3,1.2,1.2,27.1,25.4,3.3,3.3,1.2,1.2,3.3,2,1.2,1.2,1.2,1.2,3.3,2,3.3,3.3,1.9,1.5,1.2,1.2,1.9,1.5,1.2,1.2,3.3,3.3,1.9,1.5,1.2,1.2,1.9,1.5,1.2,1.2,1.2,1.2,1.2,1.2,2.6,1.7,1.2,1.2,1.2,1.2,1.2,1.2,1.2,1.2,1.2,1.2,1.2,1.2,1.2,1.2,1.2,1.2,3.3,1.7,1.9,1.5,1.2,1.2,3.3,1.7,1.9,1.5,1.2,1.2,1.9,1.5,1.2,1.2,1.9,1.5,1.2,1.2,1.9,1.5,1.2,1.2,1.2,1.2,1.2,1.2,1.2,1.2,1.2,1.2,1.2,1.2,1.2,1.2,1.2,1.2,1.2,1.2,1.2,1.2,1.2,1.2,1.2,1.2,1.9,1.5,1.2,1.2,1.2,1.2,1.9,1.5,1.2,1.2,1.2,1.2,1.2,1.2,1.2,1.2,1.2,1.2,1.2,1.2,1.2,1.2,1.2,1.2,1.2,1.2,1.2,1.2,1.2,1.2,1.2,1.2,1.2,1.2,1.2,1.2,1.2,1.2,1.2,1.2,1.2,1.2,1.2,1.2,1.2,1.2,1.2,1.2,1.2,1.2,1.2,1.2,1.2,1.2,1.2,1.2
0.5330,0.5494,3414.1,93.5,1.8,1052.2,1756.7,2790.1,3715.8,0.847,0.461,3.3,3.3,3.3,3.3,1.9,1.5,1.2,1.2,16.3,14.2,2.6,1.7,1.2,1.2,1.9,1.5,1.2,1.2,3.3,3.3,2.6,1.7,1.2,1.2,3.3,2,2.6,1.7,1.2,1.2,34.5,32.6,3.3,1.7,2.6,1.7,1.2,1.2,21.7,20,3.3,3.3,2.6,1.7,1.2,1.2,2.6,1.7,1.2,1.2,3.3,3.3,2.6,1.7,1.2,1.2,3.3,3.3,2.6,1.7,1.2,1.2,1.2,1.2,2.6,1.7,1.2,1.2,2.6,1.7,1.2,1.2,1.2,1.2,2.6,1.7,1.2,1.2,3.3,3.3,1.2,1.2,27.2,25.5,3.3,3.3,1.2,1.2,3.3,2,1.2,1.2,1.2,1.2,3.3,2,3.3,3.3,1.9,1.5,1.2,1.2,1.9,1.5,1.2,1.2,3.3,3.3,1.9,1.5,1.2,1.2,1.9,1.5,1.2,1.2,1.2,1.2,1.2,1.2,2.6,1.7,1.2,1.2,1.2,1.2,1.2,1.2,1.2,1.2,1.2,1.2,1.2,1.2,1.2,1.2,1.2,1.2,3.3,1.7,1.9,1.5,1.2,1.2,3.3,1.7,1.9,1.5,1.2,1.2,1.9,1.5,1.2,1.2,1.9,1.5,1.2,1.2,1.9,1.5,1.2,1.2,1.2,1.2,1.2,1.2,1.2,1.2,1.2,1.2,1.2,1.2,1.2,1.2,1.2,1.2,1.2,1.2,1.2,1.2,1.2,1.2,1.2,1.2,1.9,1.5,1.2,1.2,1.2,1.2,1.9,1.5,1.2,1.2,1.2,1.2,1.2,1.2,1.2,1.2,1.2,1.2,1.2,1.2,1.2,1.2,1.2,1.2,1.2,1.2,1.2,1.2,1.2,1.2,1.2,1.2,1.2,1.2,1.2,1.2,1.2,1.2,1.2,1.2,1.2,1.2,1.2,1.2,1.2,1.2,1.2,1.2,1.2,1.2,1.2,1.2,1.2,1.2,1.2,1.2
0.5360,0.5539,3430.8,93.5,1.79,1052.2,1756.7,2790.4,3718.8,0.845,0.458,3.3,3.3,3.3,3.3,1.9,1.5,1.2,1.2,16.3,14.4,2.6,1.7,1.2,1.2,1.9,1.5,1.2,1.2,3.3,3.3,2.6,1.7,1.2,1.2,3.3,2,2.6,1.7,1.2,1.2,34.6,32.8,3.3,1.7,2.6,1.7,1.2,1.2,21.8,20.1,3.3,3.3,2.6,1.7,1.2,1.2,2.6,1.7,1.2,1.2,3.3,3.3,2.6,1.7,1.2,1.2,3.3,3.3,2.6,1.7,1.2,1.2,1.2,1.2,2.6,1.7,1.2,1.2,2.6,1.7,1.2,1.2,1.2,1.2,2.6,1.7,1.2,1.2,3.3,3.3,1.2,1.2,27.3,25.6,3.3,3.3,1.2,1.2,3.3,2,1.2,1.2,1.2,1.2,3.3,2,3.3,3.3,1.9,1.5,1.2,1.2,1.9,1.5,1.2,1.2,3.3,3.3,1.9,1.5,1.2,1.2,1.9,1.5,1.2,1.2,1.2,1.2,1.2,1.2,2.6,1.7,1.2,1.2,1.2,1.2,1.2,1.2,1.2,1.2,1.2,1.2,1.2,1.2,1.2,1.2,1.2,1.2,3.3,1.7,1.9,1.5,1.2,1.2,3.3,1.7,1.9,1.5,1.2,1.2,1.9,1.5,1.2,1.2,1.9,1.5,1.2,1.2,1.9,1.5,1.2,1.2,1.2,1.2,1.2,1.2,1.2,1.2,1.2,1.2,1.2,1.2,1.2,1.2,1.2,1.2,1.2,1.2,1.2,1.2,1.2,1.2,1.2,1.2,1.9,1.5,1.2,1.2,1.2,1.2,1.9,1.5,1.2,1.2,1.2,1.2,1.2,1.2,1.2,1.2,1.2,1.2,1.2,1.2,1.2,1.2,1.2,1.2,1.2,1.2,1.2,1.2,1.2,1.2,1.2,1.2,1.2,1.2,1.2,1.2,1.2,1.2,1.2,1.2,1.2,1.2,1.2,1.2,1.2,1.2,1.2,1.2,1.2,1.2,1.2,1.2,1.2,1.2,1.2,1.2
0.5390,0.5584,3447.6,93.5,1.79,1052.2,1756.7,2790.8,3721.9,0.844,0.456,3.3,3.3,3.3,3.3,1.9,1.5,1.2,1.2,16.4,14.5,2.6,1.7,1.2,1.2,1.9,1.5,1.2,1.2,3.3,3.3,2.6,1.7,1.2,1.2,3.3,2,2.6,1.7,1.2,1.2,34.7,33,3.3,1.7,2.6,1.7,1.2,1.2,21.9,20,3.3,3.3,2.6,1.7,1.2,1.2,2.6,1.7,1.2,1.2,3.3,3.3,2.6,1.7,1.2,1.2,3.3,3.3,2.6,1.7,1.2,1.2,1.2,1.2,2.6,1.7,1.2,1.2,2.6,1.7,1.2,1.2,1.2,1.2,2.6,1.7,1.2,1.2,3.3,3.3,1.2,1.2,27.4,25.7,3.3,3.3,1.2,1.2,3.3,2,1.2,1.2,1.2,1.2,3.3,2,3.3,3.3,1.9,1.5,1.2,1.2,1.9,1.5,1.2,1.2,3.3,3.3,1.9,1.5,1.2,1.2,1.9,1.5,1.2,1.2,1.2,1.2,1.2,1.2,2.6,1.7,1.2,1.2,1.2,1.2,1.2,1.2,1.2,1.2,1.2,1.2,1.2,1.2,1.2,1.2,1.2,1.2,3.3,1.7,1.9,1.5,1.2,1.2,3.3,1.7,1.9,1.5,1.2,1.2,1.9,1.5,1.2,1.2,1.9,1.5,1.2,1.2,1.9,1.5,1.2,1.2,1.2,1.2,1.2,1.2,1.2,1.2,1.2,1.2,1.2,1.2,1.2,1.2,1.2,1.2,1.2,1.2,1.2,1.2,1.2,1.2,1.2,1.2,1.9,1.5,1.2,1.2,1.2,1.2,1.9,1.5,1.2,1.2,1.2,1.2,1.2,1.2,1.2,1.2,1.2,1.2,1.2,1.2,1.2,1.2,1.2,1.2,1.2,1.2,1.2,1.2,1.2,1.2,1.2,1.2,1.2,1.2,1.2,1.2,1.2,1.2,1.2,1.2,1.2,1.2,1.2,1.2,1.2,1.2,1.2,1.2,1.2,1.2,1.2,1.2,1.2,1.2,1.2,1.2
0.5410,0.5614,3464.1,93.5,1.79,1052.2,1756.7,2791.1,3725.1,0.842,0.452,3.3,3.3,3.3,3.3,1.9,1.5,1.2,1.2,16.5,14.6,2.6,1.7,1.2,1.2,1.9,1.5,1.2,1.2,3.3,3.3,2.6,1.7,1.2,1.2,3.3,2,2.6,1.7,1.2,1.2,34.9,33.1,3.3,1.7,2.6,1.7,1.2,1.2,22,20.1,3.3,3.3,2.6,1.7,1.2,1.2,2.6,1.7,1.2,1.2,3.3,3.3,2.6,1.7,1.2,1.2,3.3,3.3,2.6,1.7,1.2,1.2,1.2,1.2,2.6,1.7,1.2,1.2,2.6,1.7,1.2,1.2,1.2,1.2,2.6,1.7,1.2,1.2,3.3,3.3,1.2,1.2,27.5,25.3,3.3,3.3,1.2,1.2,3.3,2,1.2,1.2,1.2,1.2,3.3,2,3.3,3.3,1.9,1.5,1.2,1.2,1.9,1.5,1.2,1.2,3.3,3.3,1.9,1.5,1.2,1.2,1.9,1.5,1.2,1.2,1.2,1.2,1.2,1.2,2.6,1.7,1.2,1.2,1.2,1.2,1.2,1.2,1.2,1.2,1.2,1.2,1.2,1.2,1.2,1.2,1.2,1.2,3.3,1.7,1.9,1.5,1.2,1.2,3.3,1.7,1.9,1.5,1.2,1.2,1.9,1.5,1.2,1.2,1.9,1.5,1.2,1.2,1.9,1.5,1.2,1.2,1.2,1.2,1.2,1.2,1.2,1.2,1.2,1.2,1.2,1.2,1.2,1.2,1.2,1.2,1.2,1.2,1.2,1.2,1.2,1.2,1.2,1.2,1.9,1.5,1.2,1.2,1.2,1.2,1.9,1.5,1.2,1.2,1.2,1.2,1.2,1.2,1.2,1.2,1.2,1.2,1.2,1.2,1.2,1.2,1.2,1.2,1.2,1.2,1.2,1.2,1.2,1.2,1.2,1.2,1.2,1.2,1.2,1.2,1.2,1.2,1.2,1.2,1.2,1.2,1.2,1.2,1.2,1.2,1.2,1.2,1.2,1.2,1.2,1.2,1.2,1.2,1.2,1.2
0.5440,0.5658,3481.1,93.5,1.79,1052.2,1756.7,2791.4,3728.4,0.841,0.45,3.3,3.3,3.3,3.3,1.9,1.5,1.2,1.2,16.5,14.7,2.6,1.7,1.2,1.2,1.9,1.5,1.2,1.2,3.3,3.3,2.6,1.7,1.2,1.2,3.3,2,2.6,1.7,1.2,1.2,35,33.2,3.3,1.7,2.6,1.7,1.2,1.2,22.1,20.2,3.3,3.3,2.6,1.7,1.2,1.2,2.6,1.7,1.2,1.2,3.3,3.3,2.6,1.7,1.2,1.2,3.3,3.3,2.6,1.7,1.2,1.2,1.2,1.2,2.6,1.7,1.2,1.2,2.6,1.7,1.2,1.2,1.2,1.2,2.6,1.7,1.2,1.2,3.3,3.3,1.2,1.2,27.6,25.8,3.3,3.3,1.2,1.2,3.3,2,1.2,1.2,1.2,1.2,3.3,2,3.3,3.3,1.9,1.5,1.2,1.2,1.9,1.5,1.2,1.2,3.3,3.3,1.9,1.5,1.2,1.2,1.9,1.5,1.2,1.2,1.2,1.2,1.2,1.2,2.6,1.7,1.2,1.2,1.2,1.2,1.2,1.2,1.2,1.2,1.2,1.2,1.2,1.2,1.2,1.2,1.2,1.2,3.3,1.7,1.9,1.5,1.2,1.2,3.3,1.7,1.9,1.5,1.2,1.2,1.9,1.5,1.2,1.2,1.9,1.5,1.2,1.2,1.9,1.5,1.2,1.2,1.2,1.2,1.2,1.2,1.2,1.2,1.2,1.2,1.2,1.2,1.2,1.2,1.2,1.2,1.2,1.2,1.2,1.2,1.2,1.2,1.2,1.2,1.9,1.5,1.2,1.2,1.2,1.2,1.9,1.5,1.2,1.2,1.2,1.2,1.2,1.2,1.2,1.2,1.2,1.2,1.2,1.2,1.2,1.2,1.2,1.2,1.2,1.2,1.2,1.2,1.2,1.2,1.2,1.2,1.2,1.2,1.2,1.2,1.2,1.2,1.2,1.2,1.2,1.2,1.2,1.2,1.2,1.2,1.2,1.2,1.2,1.2,1.2,1.2,1.2,1.2,1.2,1.2
0.5460,0.5688,3497.6,93.5,1.79,1052.2,1756.7,2791.8,3731.7,0.84,0.446,3.3,3.3,3.3,3.3,1.9,1.5,1.2,1.2,16.6,14.7,2.6,1.7,1.2,1.2,1.9,1.5,1.2,1.2,3.3,3.3,2.6,1.7,1.2,1.2,3.3,2,2.6,1.7,1.2,1.2,35.2,33.4,3.3,1.7,2.6,1.7,1.2,1.2,22.2,20.4,3.3,3.3,2.6,1.7,1.2,1.2,2.6,1.7,1.2,1.2,3.3,3.3,2.6,1.7,1.2,1.2,3.3,3.3,2.6,1.7,1.2,1.2,1.2,1.2,2.6,1.7,1.2,1.2,2.6,1.7,1.2,1.2,1.2,1.2,2.6,1.7,1.2,1.2,3.3,3.3,1.2,1.2,27.7,26,3.3,3.3,1.2,1.2,3.3,2,1.2,1.2,1.2,1.2,3.3,2,3.3,3.3,1.9,1.5,1.2,1.2,1.9,1.5,1.2,1.2,3.3,3.3,1.9,1.5,1.2,1.2,1.9,1.5,1.2,1.2,1.2,1.2,1.2,1.2,2.6,1.7,1.2,1.2,1.2,1.2,1.2,1.2,1.2,1.2,1.2,1.2,1.2,1.2,1.2,1.2,1.2,1.2,3.3,1.7,1.9,1.5,1.2,1.2,3.3,1.7,1.9,1.5,1.2,1.2,1.9,1.5,1.2,1.2,1.9,1.5,1.2,1.2,1.9,1.5,1.2,1.2,1.2,1.2,1.2,1.2,1.2,1.2,1.2,1.2,1.2,1.2,1.2,1.2,1.2,1.2,1.2,1.2,1.2,1.2,1.2,1.2,1.2,1.2,1.9,1.5,1.2,1.2,1.2,1.2,1.9,1.5,1.2,1.2,1.2,1.2,1.2,1.2,1.2,1.2,1.2,1.2,1.2,1.2,1.2,1.2,1.2,1.2,1.2,1.2,1.2,1.2,1.2,1.2,1.2,1.2,1.2,1.2,1.2,1.2,1.2,1.2,1.2,1.2,1.2,1.2,1.2,1.2,1.2,1.2,1.2,1.2,1.2,1.2,1.2,1.2,1.2,1.2,1.2,1.2
0.5490,0.5733,3514.3,93.5,1.79,1052.2,1756.7,2792.1,3735,0.838,0.443,3.3,3.3,3.3,3.3,1.9,1.5,1.2,1.2,16.7,14.8,2.6,1.7,1.2,1.2,1.9,1.5,1.2,1.2,3.3,3.3,2.6,1.7,1.2,1.2,3.3,2,2.6,1.7,1.2,1.2,35.3,33.5,3.3,1.7,2.6,1.7,1.2,1.2,22.3,20.5,3.3,3.3,2.6,1.7,1.2,1.2,2.6,1.7,1.2,1.2,3.3,3.3,2.6,1.7,1.2,1.2,3.3,3.3,2.6,1.7,1.2,1.2,1.2,1.2,2.6,1.7,1.2,1.2,2.6,1.7,1.2,1.2,1.2,1.2,2.6,1.7,1.2,1.2,3.3,3.3,1.2,1.2,27.8,26.1,3.3,3.3,1.2,1.2,3.3,2,1.2,1.2,1.2,1.2,3.3,2,3.3,3.3,1.9,1.5,1.2,1.2,1.9,1.5,1.2,1.2,3.3,3.3,1.9,1.5,1.2,1.2,1.9,1.5,1.2,1.2,1.2,1.2,1.2,1.2,2.6,1.7,1.2,1.2,1.2,1.2,1.2,1.2,1.2,1.2,1.2,1.2,1.2,1.2,1.2,1.2,1.2,1.2,3.3,1.7,1.9,1.5,1.2,1.2,3.3,1.7,1.9,1.5,1.2,1.2,1.9,1.5,1.2,1.2,1.9,1.5,1.2,1.2,1.9,1.5,1.2,1.2,1.2,1.2,1.2,1.2,1.2,1.2,1.2,1.2,1.2,1.2,1.2,1.2,1.2,1.2,1.2,1.2,1.2,1.2,1.2,1.2,1.2,1.2,1.9,1.5,1.2,1.2,1.2,1.2,1.9,1.5,1.2,1.2,1.2,1.2,1.2,1.2,1.2,1.2,1.2,1.2,1.2,1.2,1.2,1.2,1.2,1.2,1.2,1.2,1.2,1.2,1.2,1.2,1.2,1.2,1.2,1.2,1.2,1.2,1.2,1.2,1.2,1.2,1.2,1.2,1.2,1.2,1.2,1.2,1.2,1.2,1.2,1.2,1.2,1.2,1.2,1.2,1.2,1.2
0.5520,0.5777,3531,93.5,1.79,1052.2,1756.7,2792.4,3738.4,0.837,0.44,3.3,3.3,3.3,3.3,1.9,1.5,1.2,1.2,16.7,14.9,2.6,1.7,1.2,1.2,1.9,1.5,1.2,1.2,3.3,3.3,2.6,1.7,1.2,1.2,3.3,2,2.6,1.7,1.2,1.2,35.5,33,3.3,1.7,2.6,1.7,1.2,1.2,22.3,20.6,3.3,3.3,2.6,1.7,1.2,1.2,2.6,1.7,1.2,1.2,3.3,3.3,2.6,1.7,1.2,1.2,3.3,3.3,2.6,1.7,1.2,1.2,1.2,1.2,2.6,1.7,1.2,1.2,2.6,1.7,1.2,1.2,1.2,1.2,2.6,1.7,1.2,1.2,3.3,3.3,1.2,1.2,28,26.2,3.3,3.3,1.2,1.2,3.3,2,1.2,1.2,1.2,1.2,3.3,2,3.3,3.3,1.9,1.5,1.2,1.2,1.9,1.5,1.2,1.2,3.3,3.3,1.9,1.5,1.2,1.2,1.9,1.5,1.2,1.2,1.2,1.2,1.2,1.2,2.6,1.7,1.2,1.2,1.2,1.2,1.2,1.2,1.2,1.2,1.2,1.2,1.2,1.2,1.2,1.2,1.2,1.2,3.3,1.7,1.9,1.5,1.2,1.2,3.3,1.7,1.9,1.5,1.2,1.2,1.9,1.5,1.2,1.2,1.9,1.5,1.2,1.2,1.9,1.5,1.2,1.2,1.2,1.2,1.2,1.2,1.2,1.2,1.2,1.2,1.2,1.2,1.2,1.2,1.2,1.2,1.2,1.2,1.2,1.2,1.2,1.2,1.2,1.2,1.9,1.5,1.2,1.2,1.2,1.2,1.9,1.5,1.2,1.2,1.2,1.2,1.2,1.2,1.2,1.2,1.2,1.2,1.2,1.2,1.2,1.2,1.2,1.2,1.2,1.2,1.2,1.2,1.2,1.2,1.2,1.2,1.2,1.2,1.2,1.2,1.2,1.2,1.2,1.2,1.2,1.2,1.2,1.2,1.2,1.2,1.2,1.2,1.2,1.2,1.2,1.2,1.2,1.2,1.2,1.2
0.5540,0.5807,3547.7,93.5,1.79,1052.2,1756.7,2792.8,3741.8,0.835,0.437,3.3,3.3,3.3,3.3,1.9,1.5,1.2,1.2,16.8,14.9,2.6,1.7,1.2,1.2,1.9,1.5,1.2,1.2,3.3,3.3,2.6,1.7,1.2,1.2,3.3,2,2.6,1.7,1.2,1.2,35.6,33.5,3.3,1.7,2.6,1.7,1.2,1.2,22.4,20.7,3.3,3.3,2.6,1.7,1.2,1.2,2.6,1.7,1.2,1.2,3.3,3.3,2.6,1.7,1.2,1.2,3.3,3.3,2.6,1.7,1.2,1.2,1.2,1.2,2.6,1.7,1.2,1.2,2.6,1.7,1.2,1.2,1.2,1.2,2.6,1.7,1.2,1.2,3.3,3.3,1.2,1.2,28.1,26.3,3.3,3.3,1.2,1.2,3.3,2,1.2,1.2,1.2,1.2,3.3,2,3.3,3.3,1.9,1.5,1.2,1.2,1.9,1.5,1.2,1.2,3.3,3.3,1.9,1.5,1.2,1.2,1.9,1.5,1.2,1.2,1.2,1.2,1.2,1.2,2.6,1.7,1.2,1.2,1.2,1.2,1.2,1.2,1.2,1.2,1.2,1.2,1.2,1.2,1.2,1.2,1.2,1.2,3.3,1.7,1.9,1.5,1.2,1.2,3.3,1.7,1.9,1.5,1.2,1.2,1.9,1.5,1.2,1.2,1.9,1.5,1.2,1.2,1.9,1.5,1.2,1.2,1.2,1.2,1.2,1.2,1.2,1.2,1.2,1.2,1.2,1.2,1.2,1.2,1.2,1.2,1.2,1.2,1.2,1.2,1.2,1.2,1.2,1.2,1.9,1.5,1.2,1.2,1.2,1.2,1.9,1.5,1.2,1.2,1.2,1.2,1.2,1.2,1.2,1.2,1.2,1.2,1.2,1.2,1.2,1.2,1.2,1.2,1.2,1.2,1.2,1.2,1.2,1.2,1.2,1.2,1.2,1.2,1.2,1.2,1.2,1.2,1.2,1.2,1.2,1.2,1.2,1.2,1.2,1.2,1.2,1.2,1.2,1.2,1.2,1.2,1.2,1.2,1.2,1.2
0.5570,0.5851,3564.2,93.5,1.79,1052.2,1756.7,2793.1,3745.2,0.834,0.434,3.3,3.3,3.3,3.3,1.9,1.5,1.2,1.2,16.9,15,2.6,1.7,1.2,1.2,1.9,1.5,1.2,1.2,3.3,3.3,2.6,1.7,1.2,1.2,3.3,2,2.6,1.7,1.2,1.2,35.7,33.9,3.3,1.7,2.6,1.7,1.2,1.2,22.5,20.7,3.3,3.3,2.6,1.7,1.2,1.2,2.6,1.7,1.2,1.2,3.3,3.3,2.6,1.7,1.2,1.2,3.3,3.3,2.6,1.7,1.2,1.2,1.2,1.2,2.6,1.7,1.2,1.2,2.6,1.7,1.2,1.2,1.2,1.2,2.6,1.7,1.2,1.2,3.3,3.3,1.2,1.2,28.2,26.4,3.3,3.3,1.2,1.2,3.3,2,1.2,1.2,1.2,1.2,3.3,2,3.3,3.3,1.9,1.5,1.2,1.2,1.9,1.5,1.2,1.2,3.3,3.3,1.9,1.5,1.2,1.2,1.9,1.5,1.2,1.2,1.2,1.2,1.2,1.2,2.6,1.7,1.2,1.2,1.2,1.2,1.2,1.2,1.2,1.2,1.2,1.2,1.2,1.2,1.2,1.2,1.2,1.2,3.3,1.7,1.9,1.5,1.2,1.2,3.3,1.7,1.9,1.5,1.2,1.2,1.9,1.5,1.2,1.2,1.9,1.5,1.2,1.2,1.9,1.5,1.2,1.2,1.2,1.2,1.2,1.2,1.2,1.2,1.2,1.2,1.2,1.2,1.2,1.2,1.2,1.2,1.2,1.2,1.2,1.2,1.2,1.2,1.2,1.2,1.9,1.5,1.2,1.2,1.2,1.2,1.9,1.5,1.2,1.2,1.2,1.2,1.2,1.2,1.2,1.2,1.2,1.2,1.2,1.2,1.2,1.2,1.2,1.2,1.2,1.2,1.2,1.2,1.2,1.2,1.2,1.2,1.2,1.2,1.2,1.2,1.2,1.2,1.2,1.2,1.2,1.2,1.2,1.2,1.2,1.2,1.2,1.2,1.2,1.2,1.2,1.2,1.2,1.2,1.2,1.2
0.5590,0.5881,3580.9,93.5,1.79,1052.2,1756.7,2793.5,3748.6,0.832,0.431,3.3,3.3,3.3,3.3,1.9,1.5,1.2,1.2,16.9,15,2.6,1.7,1.2,1.2,1.9,1.5,1.2,1.2,3.3,3.3,2.6,1.7,1.2,1.2,3.3,2,2.6,1.7,1.2,1.2,35.9,34.1,3.3,1.7,2.6,1.7,1.2,1.2,22.6,20.8,3.3,3.3,2.6,1.7,1.2,1.2,2.6,1.7,1.2,1.2,3.3,3.3,2.6,1.7,1.2,1.2,3.3,3.3,2.6,1.7,1.2,1.2,1.2,1.2,2.6,1.7,1.2,1.2,2.6,1.7,1.2,1.2,1.2,1.2,2.6,1.7,1.2,1.2,3.3,3.3,1.2,1.2,28.3,26.6,3.3,3.3,1.2,1.2,3.3,2,1.2,1.2,1.2,1.2,3.3,2,3.3,3.3,1.9,1.5,1.2,1.2,1.9,1.5,1.2,1.2,3.3,3.3,1.9,1.5,1.2,1.2,1.9,1.5,1.2,1.2,1.2,1.2,1.2,1.2,2.6,1.7,1.2,1.2,1.2,1.2,1.2,1.2,1.2,1.2,1.2,1.2,1.2,1.2,1.2,1.2,1.2,1.2,3.3,1.7,1.9,1.5,1.2,1.2,3.3,1.7,1.9,1.5,1.2,1.2,1.9,1.5,1.2,1.2,1.9,1.5,1.2,1.2,1.9,1.5,1.2,1.2,1.2,1.2,1.2,1.2,1.2,1.2,1.2,1.2,1.2,1.2,1.2,1.2,1.2,1.2,1.2,1.2,1.2,1.2,1.2,1.2,1.2,1.2,1.9,1.5,1.2,1.2,1.2,1.2,1.9,1.5,1.2,1.2,1.2,1.2,1.2,1.2,1.2,1.2,1.2,1.2,1.2,1.2,1.2,1.2,1.2,1.2,1.2,1.2,1.2,1.2,1.2,1.2,1.2,1.2,1.2,1.2,1.2,1.2,1.2,1.2,1.2,1.2,1.2,1.2,1.2,1.2,1.2,1.2,1.2,1.2,1.2,1.2,1.2,1.2,1.2,1.2,1.2,1.2
0.5620,0.5925,3597.9,93.5,1.78,1052.2,1756.7,2793.8,3752.1,0.831,0.428,3.3,3.3,3.3,3.3,1.9,1.5,1.2,1.2,17,15.1,2.6,1.7,1.2,1.2,1.9,1.5,1.2,1.2,3.3,3.3,2.6,1.7,1.2,1.2,3.3,2,2.6,1.7,1.2,1.2,36,34.2,3.3,1.7,2.6,1.7,1.2,1.2,22.7,20.9,3.3,3.3,2.6,1.7,1.2,1.2,2.6,1.7,1.2,1.2,3.3,3.3,2.6,1.7,1.2,1.2,3.3,3.3,2.6,1.7,1.2,1.2,1.2,1.2,2.6,1.7,1.2,1.2,2.6,1.7,1.2,1.2,1.2,1.2,2.6,1.7,1.2,1.2,3.3,3.3,1.2,1.2,28.4,26.7,3.3,3.3,1.2,1.2,3.3,2,1.2,1.2,1.2,1.2,3.3,2,3.3,3.3,1.9,1.5,1.2,1.2,1.9,1.5,1.2,1.2,3.3,3.3,1.9,1.5,1.2,1.2,1.9,1.5,1.2,1.2,1.2,1.2,1.2,1.2,2.6,1.7,1.2,1.2,1.2,1.2,1.2,1.2,1.2,1.2,1.2,1.2,1.2,1.2,1.2,1.2,1.2,1.2,3.3,1.7,1.9,1.5,1.2,1.2,3.3,1.7,1.9,1.5,1.2,1.2,1.9,1.5,1.2,1.2,1.9,1.5,1.2,1.2,1.9,1.5,1.2,1.2,1.2,1.2,1.2,1.2,1.2,1.2,1.2,1.2,1.2,1.2,1.2,1.2,1.2,1.2,1.2,1.2,1.2,1.2,1.2,1.2,1.2,1.2,1.9,1.5,1.2,1.2,1.2,1.2,1.9,1.5,1.2,1.2,1.2,1.2,1.2,1.2,1.2,1.2,1.2,1.2,1.2,1.2,1.2,1.2,1.2,1.2,1.2,1.2,1.2,1.2,1.2,1.2,1.2,1.2,1.2,1.2,1.2,1.2,1.2,1.2,1.2,1.2,1.2,1.2,1.2,1.2,1.2,1.2,1.2,1.2,1.2,1.2,1.2,1.2,1.2,1.2,1.2,1.2
0.5650,0.5970,3614.4,93.5,1.78,1052.2,1756.7,2794.2,3755.7,0.829,0.425,3.3,3.3,3.3,3.3,1.9,1.5,1.2,1.2,17.1,15.2,2.6,1.7,1.2,1.2,1.9,1.5,1.2,1.2,3.3,3.3,2.6,1.7,1.2,1.2,3.3,2,2.6,1.7,1.2,1.2,36.2,34.4,3.3,1.7,2.6,1.7,1.2,1.2,22.8,21,3.3,3.3,2.6,1.7,1.2,1.2,2.6,1.7,1.2,1.2,3.3,3.3,2.6,1.7,1.2,1.2,3.3,3.3,2.6,1.7,1.2,1.2,1.2,1.2,2.6,1.7,1.2,1.2,2.6,1.7,1.2,1.2,1.2,1.2,2.6,1.7,1.2,1.2,3.3,3.3,1.2,1.2,28.5,26.8,3.3,3.3,1.2,1.2,3.3,2,1.2,1.2,1.2,1.2,3.3,2,3.3,3.3,1.9,1.5,1.2,1.2,1.9,1.5,1.2,1.2,3.3,3.3,1.9,1.5,1.2,1.2,1.9,1.5,1.2,1.2,1.2,1.2,1.2,1.2,2.6,1.7,1.2,1.2,1.2,1.2,1.2,1.2,1.2,1.2,1.2,1.2,1.2,1.2,1.2,1.2,1.2,1.2,3.3,1.7,1.9,1.5,1.2,1.2,3.3,1.7,1.9,1.5,1.2,1.2,1.9,1.5,1.2,1.2,1.9,1.5,1.2,1.2,1.9,1.5,1.2,1.2,1.2,1.2,1.2,1.2,1.2,1.2,1.2,1.2,1.2,1.2,1.2,1.2,1.2,1.2,1.2,1.2,1.2,1.2,1.2,1.2,1.2,1.2,1.9,1.5,1.2,1.2,1.2,1.2,1.9,1.5,1.2,1.2,1.2,1.2,1.2,1.2,1.2,1.2,1.2,1.2,1.2,1.2,1.2,1.2,1.2,1.2,1.2,1.2,1.2,1.2,1.2,1.2,1.2,1.2,1.2,1.2,1.2,1.2,1.2,1.2,1.2,1.2,1.2,1.2,1.2,1.2,1.2,1.2,1.2,1.2,1.2,1.2,1.2,1.2,1.2,1.2,1.2,1.2
0.5670,0.5999,3630.9,93.5,1.78,1052.2,1756.7,2794.5,3759.2,0.828,0.422,3.3,3.3,3.3,3.3,1.9,1.5,1.2,1.2,17.1,15.3,2.6,1.7,1.2,1.2,1.9,1.5,1.2,1.2,3.3,3.3,2.6,1.7,1.2,1.2,3.3,2,2.6,1.7,1.2,1.2,36.3,34.5,3.3,1.7,2.6,1.7,1.2,1.2,22.9,21.1,3.3,3.3,2.6,1.7,1.2,1.2,2.6,1.7,1.2,1.2,3.3,3.3,2.6,1.7,1.2,1.2,3.3,3.3,2.6,1.7,1.2,1.2,1.2,1.2,2.6,1.7,1.2,1.2,2.6,1.7,1.2,1.2,1.2,1.2,2.6,1.7,1.2,1.2,3.3,3.3,1.2,1.2,28.7,26.4,3.3,3.3,1.2,1.2,3.3,2,1.2,1.2,1.2,1.2,3.3,2,3.3,3.3,1.9,1.5,1.2,1.2,1.9,1.5,1.2,1.2,3.3,3.3,1.9,1.5,1.2,1.2,1.9,1.5,1.2,1.2,1.2,1.2,1.2,1.2,2.6,1.7,1.2,1.2,1.2,1.2,1.2,1.2,1.2,1.2,1.2,1.2,1.2,1.2,1.2,1.2,1.2,1.2,3.3,1.7,1.9,1.5,1.2,1.2,3.3,1.7,1.9,1.5,1.2,1.2,1.9,1.5,1.2,1.2,1.9,1.5,1.2,1.2,1.9,1.5,1.2,1.2,1.2,1.2,1.2,1.2,1.2,1.2,1.2,1.2,1.2,1.2,1.2,1.2,1.2,1.2,1.2,1.2,1.2,1.2,1.2,1.2,1.2,1.2,1.9,1.5,1.2,1.2,1.2,1.2,1.9,1.5,1.2,1.2,1.2,1.2,1.2,1.2,1.2,1.2,1.2,1.2,1.2,1.2,1.2,1.2,1.2,1.2,1.2,1.2,1.2,1.2,1.2,1.2,1.2,1.2,1.2,1.2,1.2,1.2,1.2,1.2,1.2,1.2,1.2,1.2,1.2,1.2,1.2,1.2,1.2,1.2,1.2,1.2,1.2,1.2,1.2,1.2,1.2,1.2
0.5700,0.6043,3647.8,93.5,1.78,1052.2,1756.7,2794.9,3762.8,0.826,0.419,3.3,3.3,3.3,3.3,1.9,1.5,1.2,1.2,17.2,15.3,2.6,1.7,1.2,1.2,1.9,1.5,1.2,1.2,3.3,3.3,2.6,1.7,1.2,1.2,3.3,2,2.6,1.7,1.2,1.2,36.5,34.6,3.3,1.7,2.6,1.7,1.2,1.2,23,21.2,3.3,3.3,2.6,1.7,1.2,1.2,2.6,1.7,1.2,1.2,3.3,3.3,2.6,1.7,1.2,1.2,3.3,3.3,2.6,1.7,1.2,1.2,1.2,1.2,2.6,1.7,1.2,1.2,2.6,1.7,1.2,1.2,1.2,1.2,2.6,1.7,1.2,1.2,3.3,3.3,1.2,1.2,28.8,26.9,3.3,3.3,1.2,1.2,3.3,2,1.2,1.2,1.2,1.2,3.3,2,3.3,3.3,1.9,1.5,1.2,1.2,1.9,1.5,1.2,1.2,3.3,3.3,1.9,1.5,1.2,1.2,1.9,1.5,1.2,1.2,1.2,1.2,1.2,1.2,2.6,1.7,1.2,1.2,1.2,1.2,1.2,1.2,1.2,1.2,1.2,1.2,1.2,1.2,1.2,1.2,1.2,1.2,3.3,1.7,1.9,1.5,1.2,1.2,3.3,1.7,1.9,1.5,1.2,1.2,1.9,1.5,1.2,1.2,1.9,1.5,1.2,1.2,1.9,1.5,1.2,1.2,1.2,1.2,1.2,1.2,1.2,1.2,1.2,1.2,1.2,1.2,1.2,1.2,1.2,1.2,1.2,1.2,1.2,1.2,1.2,1.2,1.2,1.2,1.9,1.5,1.2,1.2,1.2,1.2,1.9,1.5,1.2,1.2,1.2,1.2,1.2,1.2,1.2,1.2,1.2,1.2,1.2,1.2,1.2,1.2,1.2,1.2,1.2,1.2,1.2,1.2,1.2,1.2,1.2,1.2,1.2,1.2,1.2,1.2,1.2,1.2,1.2,1.2,1.2,1.2,1.2,1.2,1.2,1.2,1.2,1.2,1.2,1.2,1.2,1.2,1.2,1.2,1.2,1.2
0.5730,0.6087,3664.3,93.5,1.78,1052.2,1756.7,2795.2,3766.3,0.825,0.416,3.3,3.3,3.3,3.3,1.9,1.5,1.2,1.2,17.3,15.4,2.6,1.7,1.2,1.2,1.9,1.5,1.2,1.2,3.3,3.3,2.6,1.7,1.2,1.2,3.3,2,2.6,1.7,1.2,1.2,36.7,34.5,3.3,1.7,2.6,1.7,1.2,1.2,23.1,21.1,3.3,3.3,2.6,1.7,1.2,1.2,2.6,1.7,1.2,1.2,3.3,3.3,2.6,1.7,1.2,1.2,3.3,3.3,2.6,1.7,1.2,1.2,1.2,1.2,2.6,1.7,1.2,1.2,2.6,1.7,1.2,1.2,1.2,1.2,2.6,1.7,1.2,1.2,3.3,3.3,1.2,1.2,28.9,27.1,3.3,3.3,1.2,1.2,3.3,2,1.2,1.2,1.2,1.2,3.3,2,3.3,3.3,1.9,1.5,1.2,1.2,1.9,1.5,1.2,1.2,3.3,3.3,1.9,1.5,1.2,1.2,1.9,1.5,1.2,1.2,1.2,1.2,1.2,1.2,2.6,1.7,1.2,1.2,1.2,1.2,1.2,1.2,1.2,1.2,1.2,1.2,1.2,1.2,1.2,1.2,1.2,1.2,3.3,1.7,1.9,1.5,1.2,1.2,3.3,1.7,1.9,1.5,1.2,1.2,1.9,1.5,1.2,1.2,1.9,1.5,1.2,1.2,1.9,1.5,1.2,1.2,1.2,1.2,1.2,1.2,1.2,1.2,1.2,1.2,1.2,1.2,1.2,1.2,1.2,1.2,1.2,1.2,1.2,1.2,1.2,1.2,1.2,1.2,1.9,1.5,1.2,1.2,1.2,1.2,1.9,1.5,1.2,1.2,1.2,1.2,1.2,1.2,1.2,1.2,1.2,1.2,1.2,1.2,1.2,1.2,1.2,1.2,1.2,1.2,1.2,1.2,1.2,1.2,1.2,1.2,1.2,1.2,1.2,1.2,1.2,1.2,1.2,1.2,1.2,1.2,1.2,1.2,1.2,1.2,1.2,1.2,1.2,1.2,1.2,1.2,1.2,1.2,1.2,1.2
0.5750,0.6117,3681,93.5,1.78,1052.2,1756.7,2795.6,3769.9,0.823,0.413,3.3,3.3,3.3,3.3,1.9,1.5,1.2,1.2,17.4,15.5,2.6,1.7,1.2,1.2,1.9,1.5,1.2,1.2,3.3,3.3,2.6,1.7,1.2,1.2,3.3,2,2.6,1.7,1.2,1.2,36.8,34.7,3.3,1.7,2.6,1.7,1.2,1.2,23.2,21.1,3.3,3.3,2.6,1.7,1.2,1.2,2.6,1.7,1.2,1.2,3.3,3.3,2.6,1.7,1.2,1.2,3.3,3.3,2.6,1.7,1.2,1.2,1.2,1.2,2.6,1.7,1.2,1.2,2.6,1.7,1.2,1.2,1.2,1.2,2.6,1.7,1.2,1.2,3.3,3.3,1.2,1.2,29,27.3,3.3,3.3,1.2,1.2,3.3,2,1.2,1.2,1.2,1.2,3.3,2,3.3,3.3,1.9,1.5,1.2,1.2,1.9,1.5,1.2,1.2,3.3,3.3,1.9,1.5,1.2,1.2,1.9,1.5,1.2,1.2,1.2,1.2,1.2,1.2,2.6,1.7,1.2,1.2,1.2,1.2,1.2,1.2,1.2,1.2,1.2,1.2,1.2,1.2,1.2,1.2,1.2,1.2,3.3,1.7,1.9,1.5,1.2,1.2,3.3,1.7,1.9,1.5,1.2,1.2,1.9,1.5,1.2,1.2,1.9,1.5,1.2,1.2,1.9,1.5,1.2,1.2,1.2,1.2,1.2,1.2,1.2,1.2,1.2,1.2,1.2,1.2,1.2,1.2,1.2,1.2,1.2,1.2,1.2,1.2,1.2,1.2,1.2,1.2,1.9,1.5,1.2,1.2,1.2,1.2,1.9,1.5,1.2,1.2,1.2,1.2,1.2,1.2,1.2,1.2,1.2,1.2,1.2,1.2,1.2,1.2,1.2,1.2,1.2,1.2,1.2,1.2,1.2,1.2,1.2,1.2,1.2,1.2,1.2,1.2,1.2,1.2,1.2,1.2,1.2,1.2,1.2,1.2,1.2,1.2,1.2,1.2,1.2,1.2,1.2,1.2,1.2,1.2,1.2,1.2
0.5780,0.6161,3697.8,93.5,1.78,1052.2,1756.7,2796,3773.6,0.822,0.41,3.3,3.3,3.3,3.3,1.9,1.5,1.2,1.2,17.4,15.1,2.6,1.7,1.2,1.2,1.9,1.5,1.2,1.2,3.3,3.3,2.6,1.7,1.2,1.2,3.3,2,2.6,1.7,1.2,1.2,37,35,3.3,1.7,2.6,1.7,1.2,1.2,23.3,21.4,3.3,3.3,2.6,1.7,1.2,1.2,2.6,1.7,1.2,1.2,3.3,3.3,2.6,1.7,1.2,1.2,3.3,3.3,2.6,1.7,1.2,1.2,1.2,1.2,2.6,1.7,1.2,1.2,2.6,1.7,1.2,1.2,1.2,1.2,2.6,1.7,1.2,1.2,3.3,3.3,1.2,1.2,29.2,27.4,3.3,3.3,1.2,1.2,3.3,2,1.2,1.2,1.2,1.2,3.3,2,3.3,3.3,1.9,1.5,1.2,1.2,1.9,1.5,1.2,1.2,3.3,3.3,1.9,1.5,1.2,1.2,1.9,1.5,1.2,1.2,1.2,1.2,1.2,1.2,2.6,1.7,1.2,1.2,1.2,1.2,1.2,1.2,1.2,1.2,1.2,1.2,1.2,1.2,1.2,1.2,1.2,1.2,3.3,1.7,1.9,1.5,1.2,1.2,3.3,1.7,1.9,1.5,1.2,1.2,1.9,1.5,1.2,1.2,1.9,1.5,1.2,1.2,1.9,1.5,1.2,1.2,1.2,1.2,1.2,1.2,1.2,1.2,1.2,1.2,1.2,1.2,1.2,1.2,1.2,1.2,1.2,1.2,1.2,1.2,1.2,1.2,1.2,1.2,1.9,1.5,1.2,1.2,1.2,1.2,1.9,1.5,1.2,1.2,1.2,1.2,1.2,1.2,1.2,1.2,1.2,1.2,1.2,1.2,1.2,1.2,1.2,1.2,1.2,1.2,1.2,1.2,1.2,1.2,1.2,1.2,1.2,1.2,1.2,1.2,1.2,1.2,1.2,1.2,1.2,1.2,1.2,1.2,1.2,1.2,1.2,1.2,1.2,1.2,1.2,1.2,1.2,1.2,1.2,1.2
0.5800,0.6190,3714.4,93.5,1.78,1052.2,1756.7,2796.4,3777.2,0.82,0.407,3.3,3.3,3.3,3.3,1.9,1.5,1.2,1.2,17.5,15.3,2.6,1.7,1.2,1.2,1.9,1.5,1.2,1.2,3.3,3.3,2.6,1.7,1.2,1.2,3.3,2,2.6,1.7,1.2,1.2,37.1,35.3,3.3,1.7,2.6,1.7,1.2,1.2,23.4,21.6,3.3,3.3,2.6,1.7,1.2,1.2,2.6,1.7,1.2,1.2,3.3,3.3,2.6,1.7,1.2,1.2,3.3,3.3,2.6,1.7,1.2,1.2,1.2,1.2,2.6,1.7,1.2,1.2,2.6,1.7,1.2,1.2,1.2,1.2,2.6,1.7,1.2,1.2,3.3,3.3,1.2,1.2,29.3,27.5,3.3,3.3,1.2,1.2,3.3,2,1.2,1.2,1.2,1.2,3.3,2,3.3,3.3,1.9,1.5,1.2,1.2,1.9,1.5,1.2,1.2,3.3,3.3,1.9,1.5,1.2,1.2,1.9,1.5,1.2,1.2,1.2,1.2,1.2,1.2,2.6,1.7,1.2,1.2,1.2,1.2,1.2,1.2,1.2,1.2,1.2,1.2,1.2,1.2,1.2,1.2,1.2,1.2,3.3,1.7,1.9,1.5,1.2,1.2,3.3,1.7,1.9,1.5,1.2,1.2,1.9,1.5,1.2,1.2,1.9,1.5,1.2,1.2,1.9,1.5,1.2,1.2,1.2,1.2,1.2,1.2,1.2,1.2,1.2,1.2,1.2,1.2,1.2,1.2,1.2,1.2,1.2,1.2,1.2,1.2,1.2,1.2,1.2,1.2,1.9,1.5,1.2,1.2,1.2,1.2,1.9,1.5,1.2,1.2,1.2,1.2,1.2,1.2,1.2,1.2,1.2,1.2,1.2,1.2,1.2,1.2,1.2,1.2,1.2,1.2,1.2,1.2,1.2,1.2,1.2,1.2,1.2,1.2,1.2,1.2,1.2,1.2,1.2,1.2,1.2,1.2,1.2,1.2,1.2,1.2,1.2,1.2,1.2,1.2,1.2,1.2,1.2,1.2,1.2,1.2
0.5830,0.6234,3731.1,93.5,1.78,1052.2,1756.7,2796.7,3780.9,0.819,0.404,3.3,3.3,3.3,3.3,1.9,1.5,1.2,1.2,17.6,15.6,2.6,1.7,1.2,1.2,1.9,1.5,1.2,1.2,3.3,3.3,2.6,1.7,1.2,1.2,3.3,2,2.6,1.7,1.2,1.2,37.3,35.4,3.3,1.7,2.6,1.7,1.2,1.2,23.5,21.7,3.3,3.3,2.6,1.7,1.2,1.2,2.6,1.7,1.2,1.2,3.3,3.3,2.6,1.7,1.2,1.2,3.3,3.3,2.6,1.7,1.2,1.2,1.2,1.2,2.6,1.7,1.2,1.2,2.6,1.7,1.2,1.2,1.2,1.2,2.6,1.7,1.2,1.2,3.3,3.3,1.2,1.2,29.4,27.6,3.3,3.3,1.2,1.2,3.3,2,1.2,1.2,1.2,1.2,3.3,2,3.3,3.3,1.9,1.5,1.2,1.2,1.9,1.5,1.2,1.2,3.3,3.3,1.9,1.5,1.2,1.2,1.9,1.5,1.2,1.2,1.2,1.2,1.2,1.2,2.6,1.7,1.2,1.2,1.2,1.2,1.2,1.2,1.2,1.2,1.2,1.2,1.2,1.2,1.2,1.2,1.2,1.2,3.3,1.7,1.9,1.5,1.2,1.2,3.3,1.7,1.9,1.5,1.2,1.2,1.9,1.5,1.2,1.2,1.9,1.5,1.2,1.2,1.9,1.5,1.2,1.2,1.2,1.2,1.2,1.2,1.2,1.2,1.2,1.2,1.2,1.2,1.2,1.2,1.2,1.2,1.2,1.2,1.2,1.2,1.2,1.2,1.2,1.2,1.9,1.5,1.2,1.2,1.2,1.2,1.9,1.5,1.2,1.2,1.2,1.2,1.2,1.2,1.2,1.2,1.2,1.2,1.2,1.2,1.2,1.2,1.2,1.2,1.2,1.2,1.2,1.2,1.2,1.2,1.2,1.2,1.2,1.2,1.2,1.2,1.2,1.2,1.2,1.2,1.2,1.2,1.2,1.2,1.2,1.2,1.2,1.2,1.2,1.2,1.2,1.2,1.2,1.2,1.2,1.2
0.5860,0.6277,3747.9,93.5,1.77,1052.2,1756.7,2770.4,3757.8,0.817,0.401,3.3,3.3,3.3,3.3,1.9,1.5,1.2,1.2,17.7,15.8,2.6,1.7,1.2,1.2,1.9,1.5,1.2,1.2,3.3,3.3,2.6,1.7,1.2,1.2,3.3,2,2.6,1.7,1.2,1.2,37.4,35.6,3.3,1.7,2.6,1.7,1.2,1.2,23.6,21.8,3.3,3.3,2.6,1.7,1.2,1.2,2.6,1.7,1.2,1.2,3.3,3.3,2.6,1.7,1.2,1.2,3.3,3.3,2.6,1.7,1.2,1.2,1.2,1.2,2.6,1.7,1.2,1.2,2.6,1.7,1.2,1.2,1.2,1.2,2.6,1.7,1.2,1.2,3.3,3.3,1.2,1.2,29.5,27.8,3.3,3.3,1.2,1.2,3.3,2,1.2,1.2,1.2,1.2,3.3,2,3.3,3.3,1.9,1.5,1.2,1.2,1.9,1.5,1.2,1.2,3.3,3.3,1.9,1.5,1.2,1.2,1.9,1.5,1.2,1.2,1.2,1.2,1.2,1.2,2.6,1.7,1.2,1.2,1.2,1.2,1.2,1.2,1.2,1.2,1.2,1.2,1.2,1.2,1.2,1.2,1.2,1.2,3.3,1.7,1.9,1.5,1.2,1.2,3.3,1.7,1.9,1.5,1.2,1.2,1.9,1.5,1.2,1.2,1.9,1.5,1.2,1.2,1.9,1.5,1.2,1.2,1.2,1.2,1.2,1.2,1.2,1.2,1.2,1.2,1.2,1.2,1.2,1.2,1.2,1.2,1.2,1.2,1.2,1.2,1.2,1.2,1.2,1.2,1.9,1.5,1.2,1.2,1.2,1.2,1.9,1.5,1.2,1.2,1.2,1.2,1.2,1.2,1.2,1.2,1.2,1.2,1.2,1.2,1.2,1.2,1.2,1.2,1.2,1.2,1.2,1.2,1.2,1.2,1.2,1.2,1.2,1.2,1.2,1.2,1.2,1.2,1.2,1.2,1.2,1.2,1.2,1.2,1.2,1.2,1.2,1.2,1.2,1.2,1.2,1.2,1.2,1.2,1.2,1.2
0.5880,0.6306,3764.4,93.5,1.77,1052.2,1756.7,2750.6,3741.4,0.815,0.398,3.3,3.3,3.3,3.3,1.9,1.5,1.2,1.2,17.7,15.8,2.6,1.7,1.2,1.2,1.9,1.5,1.2,1.2,3.3,3.3,2.6,1.7,1.2,1.2,3.3,2,2.6,1.7,1.2,1.2,37.6,35.8,3.3,1.7,2.6,1.7,1.2,1.2,23.7,21.9,3.3,3.3,2.6,1.7,1.2,1.2,2.6,1.7,1.2,1.2,3.3,3.3,2.6,1.7,1.2,1.2,3.3,3.3,2.6,1.7,1.2,1.2,1.2,1.2,2.6,1.7,1.2,1.2,2.6,1.7,1.2,1.2,1.2,1.2,2.6,1.7,1.2,1.2,3.3,3.3,1.2,1.2,29.7,27.9,3.3,3.3,1.2,1.2,3.3,2,1.2,1.2,1.2,1.2,3.3,2,3.3,3.3,1.9,1.5,1.2,1.2,1.9,1.5,1.2,1.2,3.3,3.3,1.9,1.5,1.2,1.2,1.9,1.5,1.2,1.2,1.2,1.2,1.2,1.2,2.6,1.7,1.2,1.2,1.2,1.2,1.2,1.2,1.2,1.2,1.2,1.2,1.2,1.2,1.2,1.2,1.2,1.2,3.3,1.7,1.9,1.5,1.2,1.2,3.3,1.7,1.9,1.5,1.2,1.2,1.9,1.5,1.2,1.2,1.9,1.5,1.2,1.2,1.9,1.5,1.2,1.2,1.2,1.2,1.2,1.2,1.2,1.2,1.2,1.2,1.2,1.2,1.2,1.2,1.2,1.2,1.2,1.2,1.2,1.2,1.2,1.2,1.2,1.2,1.9,1.5,1.2,1.2,1.2,1.2,1.9,1.5,1.2,1.2,1.2,1.2,1.2,1.2,1.2,1.2,1.2,1.2,1.2,1.2,1.2,1.2,1.2,1.2,1.2,1.2,1.2,1.2,1.2,1.2,1.2,1.2,1.2,1.2,1.2,1.2,1.2,1.2,1.2,1.2,1.2,1.2,1.2,1.2,1.2,1.2,1.2,1.2,1.2,1.2,1.2,1.2,1.2,1.2,1.2,1.2
0.5910,0.6350,3781.1,93.5,1.77,1052.2,1756.7,2735.8,3729.9,0.814,0.395,3.3,3.3,3.3,3.3,1.9,1.5,1.2,1.2,17.8,15.9,2.6,1.7,1.2,1.2,1.9,1.5,1.2,1.2,3.3,3.3,2.6,1.7,1.2,1.2,3.3,2,2.6,1.7,1.2,1.2,37.8,35.9,3.3,1.7,2.6,1.7,1.2,1.2,23.8,22,3.3,3.3,2.6,1.7,1.2,1.2,2.6,1.7,1.2,1.2,3.3,3.3,2.6,1.7,1.2,1.2,3.3,3.3,2.6,1.7,1.2,1.2,1.2,1.2,2.6,1.7,1.2,1.2,2.6,1.7,1.2,1.2,1.2,1.2,2.6,1.7,1.2,1.2,3.3,3.3,1.2,1.2,29.8,28.1,3.3,3.3,1.2,1.2,3.3,2,1.2,1.2,1.2,1.2,3.3,2,3.3,3.3,1.9,1.5,1.2,1.2,1.9,1.5,1.2,1.2,3.3,3.3,1.9,1.5,1.2,1.2,1.9,1.5,1.2,1.2,1.2,1.2,1.2,1.2,2.6,1.7,1.2,1.2,1.2,1.2,1.2,1.2,1.2,1.2,1.2,1.2,1.2,1.2,1.2,1.2,1.2,1.2,3.3,1.7,1.9,1.5,1.2,1.2,3.3,1.7,1.9,1.5,1.2,1.2,1.9,1.5,1.2,1.2,1.9,1.5,1.2,1.2,1.9,1.5,1.2,1.2,1.2,1.2,1.2,1.2,1.2,1.2,1.2,1.2,1.2,1.2,1.2,1.2,1.2,1.2,1.2,1.2,1.2,1.2,1.2,1.2,1.2,1.2,1.9,1.5,1.2,1.2,1.2,1.2,1.9,1.5,1.2,1.2,1.2,1.2,1.2,1.2,1.2,1.2,1.2,1.2,1.2,1.2,1.2,1.2,1.2,1.2,1.2,1.2,1.2,1.2,1.2,1.2,1.2,1.2,1.2,1.2,1.2,1.2,1.2,1.2,1.2,1.2,1.2,1.2,1.2,1.2,1.2,1.2,1.2,1.2,1.2,1.2,1.2,1.2,1.2,1.2,1.2,1.2
0.5930,0.6379,3797.7,93.5,1.77,1052.2,1756.7,2724.6,3722.1,0.812,0.392,3.3,3.3,3.3,3.3,1.9,1.5,1.2,1.2,17.9,16,2.6,1.7,1.2,1.2,1.9,1.5,1.2,1.2,3.3,3.3,2.6,1.7,1.2,1.2,3.3,2,2.6,1.7,1.2,1.2,37.9,35.8,3.3,1.7,2.6,1.7,1.2,1.2,23.9,22.1,3.3,3.3,2.6,1.7,1.2,1.2,2.6,1.7,1.2,1.2,3.3,3.3,2.6,1.7,1.2,1.2,3.3,3.3,2.6,1.7,1.2,1.2,1.2,1.2,2.6,1.7,1.2,1.2,2.6,1.7,1.2,1.2,1.2,1.2,2.6,1.7,1.2,1.2,3.3,3.3,1.2,1.2,29.9,27.8,3.3,3.3,1.2,1.2,3.3,2,1.2,1.2,1.2,1.2,3.3,2,3.3,3.3,1.9,1.5,1.2,1.2,1.9,1.5,1.2,1.2,3.3,3.3,1.9,1.5,1.2,1.2,1.9,1.5,1.2,1.2,1.2,1.2,1.2,1.2,2.6,1.7,1.2,1.2,1.2,1.2,1.2,1.2,1.2,1.2,1.2,1.2,1.2,1.2,1.2,1.2,1.2,1.2,3.3,1.7,1.9,1.5,1.2,1.2,3.3,1.7,1.9,1.5,1.2,1.2,1.9,1.5,1.2,1.2,1.9,1.5,1.2,1.2,1.9,1.5,1.2,1.2,1.2,1.2,1.2,1.2,1.2,1.2,1.2,1.2,1.2,1.2,1.2,1.2,1.2,1.2,1.2,1.2,1.2,1.2,1.2,1.2,1.2,1.2,1.9,1.5,1.2,1.2,1.2,1.2,1.9,1.5,1.2,1.2,1.2,1.2,1.2,1.2,1.2,1.2,1.2,1.2,1.2,1.2,1.2,1.2,1.2,1.2,1.2,1.2,1.2,1.2,1.2,1.2,1.2,1.2,1.2,1.2,1.2,1.2,1.2,1.2,1.2,1.2,1.2,1.2,1.2,1.2,1.2,1.2,1.2,1.2,1.2,1.2,1.2,1.2,1.2,1.2,1.2,1.2
0.5960,0.6422,3814.5,93.5,1.77,1052.2,1756.7,2716.3,3717.2,0.81,0.389,3.3,3.3,3.3,3.3,1.9,1.5,1.2,1.2,18,16.1,2.6,1.7,1.2,1.2,1.9,1.5,1.2,1.2,3.3,3.3,2.6,1.7,1.2,1.2,3.3,2,2.6,1.7,1.2,1.2,38.1,35.9,3.3,1.7,2.6,1.7,1.2,1.2,24,22.2,3.3,3.3,2.6,1.7,1.2,1.2,2.6,1.7,1.2,1.2,3.3,3.3,2.6,1.7,1.2,1.2,3.3,3.3,2.6,1.7,1.2,1.2,1.2,1.2,2.6,1.7,1.2,1.2,2.6,1.7,1.2,1.2,1.2,1.2,2.6,1.7,1.2,1.2,3.3,3.3,1.2,1.2,30.1,28.2,3.3,3.3,1.2,1.2,3.3,2,1.2,1.2,1.2,1.2,3.3,2,3.3,3.3,1.9,1.5,1.2,1.2,1.9,1.5,1.2,1.2,3.3,3.3,1.9,1.5,1.2,1.2,1.9,1.5,1.2,1.2,1.2,1.2,1.2,1.2,2.6,1.7,1.2,1.2,1.2,1.2,1.2,1.2,1.2,1.2,1.2,1.2,1.2,1.2,1.2,1.2,1.2,1.2,3.3,1.7,1.9,1.5,1.2,1.2,3.3,1.7,1.9,1.5,1.2,1.2,1.9,1.5,1.2,1.2,1.9,1.5,1.2,1.2,1.9,1.5,1.2,1.2,1.2,1.2,1.2,1.2,1.2,1.2,1.2,1.2,1.2,1.2,1.2,1.2,1.2,1.2,1.2,1.2,1.2,1.2,1.2,1.2,1.2,1.2,1.9,1.5,1.2,1.2,1.2,1.2,1.9,1.5,1.2,1.2,1.2,1.2,1.2,1.2,1.2,1.2,1.2,1.2,1.2,1.2,1.2,1.2,1.2,1.2,1.2,1.2,1.2,1.2,1.2,1.2,1.2,1.2,1.2,1.2,1.2,1.2,1.2,1.2,1.2,1.2,1.2,1.2,1.2,1.2,1.2,1.2,1.2,1.2,1.2,1.2,1.2,1.2,1.2,1.2,1.2,1.2
0.5990,0.6466,3831.2,93.5,1.77,1052.2,1756.7,2710.9,3715.2,0.809,0.386,3.3,3.3,3.3,3.3,1.9,1.5,1.2,1.2,18.1,16.2,2.6,1.7,1.2,1.2,1.9,1.5,1.2,1.2,3.3,3.3,2.6,1.7,1.2,1.2,3.3,2,2.6,1.7,1.2,1.2,38.3,36.4,3.3,1.7,2.6,1.7,1.2,1.2,24.1,22.3,3.3,3.3,2.6,1.7,1.2,1.2,2.6,1.7,1.2,1.2,3.3,3.3,2.6,1.7,1.2,1.2,3.3,3.3,2.6,1.7,1.2,1.2,1.2,1.2,2.6,1.7,1.2,1.2,2.6,1.7,1.2,1.2,1.2,1.2,2.6,1.7,1.2,1.2,3.3,3.3,1.2,1.2,30.2,28.5,3.3,3.3,1.2,1.2,3.3,2,1.2,1.2,1.2,1.2,3.3,2,3.3,3.3,1.9,1.5,1.2,1.2,1.9,1.5,1.2,1.2,3.3,3.3,1.9,1.5,1.2,1.2,1.9,1.5,1.2,1.2,1.2,1.2,1.2,1.2,2.6,1.7,1.2,1.2,1.2,1.2,1.2,1.2,1.2,1.2,1.2,1.2,1.2,1.2,1.2,1.2,1.2,1.2,3.3,1.7,1.9,1.5,1.2,1.2,3.3,1.7,1.9,1.5,1.2,1.2,1.9,1.5,1.2,1.2,1.9,1.5,1.2,1.2,1.9,1.5,1.2,1.2,1.2,1.2,1.2,1.2,1.2,1.2,1.2,1.2,1.2,1.2,1.2,1.2,1.2,1.2,1.2,1.2,1.2,1.2,1.2,1.2,1.2,1.2,1.9,1.5,1.2,1.2,1.2,1.2,1.9,1.5,1.2,1.2,1.2,1.2,1.2,1.2,1.2,1.2,1.2,1.2,1.2,1.2,1.2,1.2,1.2,1.2,1.2,1.2,1.2,1.2,1.2,1.2,1.2,1.2,1.2,1.2,1.2,1.2,1.2,1.2,1.2,1.2,1.2,1.2,1.2,1.2,1.2,1.2,1.2,1.2,1.2,1.2,1.2,1.2,1.2,1.2,1.2,1.2
0.6010,0.6494,3847.9,93.5,1.77,1052.2,1756.7,2707.9,3715.6,0.807,0.383,3.3,3.3,3.3,3.3,1.9,1.5,1.2,1.2,18.1,16.2,2.6,1.7,1.2,1.2,1.9,1.5,1.2,1.2,3.3,3.3,2.6,1.7,1.2,1.2,3.3,2,2.6,1.7,1.2,1.2,38.4,36.6,3.3,1.7,2.6,1.7,1.2,1.2,24.2,22.4,3.3,3.3,2.6,1.7,1.2,1.2,2.6,1.7,1.2,1.2,3.3,3.3,2.6,1.7,1.2,1.2,3.3,3.3,2.6,1.7,1.2,1.2,1.2,1.2,2.6,1.7,1.2,1.2,2.6,1.7,1.2,1.2,1.2,1.2,2.6,1.7,1.2,1.2,3.3,3.3,1.2,1.2,30.3,28.6,3.3,3.3,1.2,1.2,3.3,2,1.2,1.2,1.2,1.2,3.3,2,3.3,3.3,1.9,1.5,1.2,1.2,1.9,1.5,1.2,1.2,3.3,3.3,1.9,1.5,1.2,1.2,1.9,1.5,1.2,1.2,1.2,1.2,1.2,1.2,2.6,1.7,1.2,1.2,1.2,1.2,1.2,1.2,1.2,1.2,1.2,1.2,1.2,1.2,1.2,1.2,1.2,1.2,3.3,1.7,1.9,1.5,1.2,1.2,3.3,1.7,1.9,1.5,1.2,1.2,1.9,1.5,1.2,1.2,1.9,1.5,1.2,1.2,1.9,1.5,1.2,1.2,1.2,1.2,1.2,1.2,1.2,1.2,1.2,1.2,1.2,1.2,1.2,1.2,1.2,1.2,1.2,1.2,1.2,1.2,1.2,1.2,1.2,1.2,1.9,1.5,1.2,1.2,1.2,1.2,1.9,1.5,1.2,1.2,1.2,1.2,1.2,1.2,1.2,1.2,1.2,1.2,1.2,1.2,1.2,1.2,1.2,1.2,1.2,1.2,1.2,1.2,1.2,1.2,1.2,1.2,1.2,1.2,1.2,1.2,1.2,1.2,1.2,1.2,1.2,1.2,1.2,1.2,1.2,1.2,1.2,1.2,1.2,1.2,1.2,1.2,1.2,1.2,1.2,1.2
0.6040,0.6538,3864.4,93.5,1.77,1052.2,1756.7,2706.6,3717.7,0.805,0.38,3.3,3.3,3.3,3.3,1.9,1.5,1.2,1.2,18.2,16.3,2.6,1.7,1.2,1.2,1.9,1.5,1.2,1.2,3.3,3.3,2.6,1.7,1.2,1.2,3.3,2,2.6,1.7,1.2,1.2,38.6,36.8,3.3,1.7,2.6,1.7,1.2,1.2,24.3,22.4,3.3,3.3,2.6,1.7,1.2,1.2,2.6,1.7,1.2,1.2,3.3,3.3,2.6,1.7,1.2,1.2,3.3,3.3,2.6,1.7,1.2,1.2,1.2,1.2,2.6,1.7,1.2,1.2,2.6,1.7,1.2,1.2,1.2,1.2,2.6,1.7,1.2,1.2,3.3,3.3,1.2,1.2,30.5,28.8,3.3,3.3,1.2,1.2,3.3,2,1.2,1.2,1.2,1.2,3.3,2,3.3,3.3,1.9,1.5,1.2,1.2,1.9,1.5,1.2,1.2,3.3,3.3,1.9,1.5,1.2,1.2,1.9,1.5,1.2,1.2,1.2,1.2,1.2,1.2,2.6,1.7,1.2,1.2,1.2,1.2,1.2,1.2,1.2,1.2,1.2,1.2,1.2,1.2,1.2,1.2,1.2,1.2,3.3,1.7,1.9,1.5,1.2,1.2,3.3,1.7,1.9,1.5,1.2,1.2,1.9,1.5,1.2,1.2,1.9,1.5,1.2,1.2,1.9,1.5,1.2,1.2,1.2,1.2,1.2,1.2,1.2,1.2,1.2,1.2,1.2,1.2,1.2,1.2,1.2,1.2,1.2,1.2,1.2,1.2,1.2,1.2,1.2,1.2,1.9,1.5,1.2,1.2,1.2,1.2,1.9,1.5,1.2,1.2,1.2,1.2,1.2,1.2,1.2,1.2,1.2,1.2,1.2,1.2,1.2,1.2,1.2,1.2,1.2,1.2,1.2,1.2,1.2,1.2,1.2,1.2,1.2,1.2,1.2,1.2,1.2,1.2,1.2,1.2,1.2,1.2,1.2,1.2,1.2,1.2,1.2,1.2,1.2,1.2,1.2,1.2,1.2,1.2,1.2,1.2
0.6060,0.6566,3881.2,93.5,1.77,1052.2,1756.7,2706.6,3721.1,0.804,0.377,3.3,3.3,3.3,3.3,1.9,1.5,1.2,1.2,18.3,16.4,2.6,1.7,1.2,1.2,1.9,1.5,1.2,1.2,3.3,3.3,2.6,1.7,1.2,1.2,3.3,2,2.6,1.7,1.2,1.2,38.8,36.9,3.3,1.7,2.6,1.7,1.2,1.2,24.4,22.5,3.3,3.3,2.6,1.7,1.2,1.2,2.6,1.7,1.2,1.2,3.3,3.3,2.6,1.7,1.2,1.2,3.3,3.3,2.6,1.7,1.2,1.2,1.2,1.2,2.6,1.7,1.2,1.2,2.6,1.7,1.2,1.2,1.2,1.2,2.6,1.7,1.2,1.2,3.3,3.3,1.2,1.2,30.6,28.9,3.3,3.3,1.2,1.2,3.3,2,1.2,1.2,1.2,1.2,3.3,2,3.3,3.3,1.9,1.5,1.2,1.2,1.9,1.5,1.2,1.2,3.3,3.3,1.9,1.5,1.2,1.2,1.9,1.5,1.2,1.2,1.2,1.2,1.2,1.2,2.6,1.7,1.2,1.2,1.2,1.2,1.2,1.2,1.2,1.2,1.2,1.2,1.2,1.2,1.2,1.2,1.2,1.2,3.3,1.7,1.9,1.5,1.2,1.2,3.3,1.7,1.9,1.5,1.2,1.2,1.9,1.5,1.2,1.2,1.9,1.5,1.2,1.2,1.9,1.5,1.2,1.2,1.2,1.2,1.2,1.2,1.2,1.2,1.2,1.2,1.2,1.2,1.2,1.2,1.2,1.2,1.2,1.2,1.2,1.2,1.2,1.2,1.2,1.2,1.9,1.5,1.2,1.2,1.2,1.2,1.9,1.5,1.2,1.2,1.2,1.2,1.2,1.2,1.2,1.2,1.2,1.2,1.2,1.2,1.2,1.2,1.2,1.2,1.2,1.2,1.2,1.2,1.2,1.2,1.2,1.2,1.2,1.2,1.2,1.2,1.2,1.2,1.2,1.2,1.2,1.2,1.2,1.2,1.2,1.2,1.2,1.2,1.2,1.2,1.2,1.2,1.2,1.2,1.2,1.2
0.6090,0.6609,3898,93.5,1.77,1052.2,1756.7,2707.6,3725.6,0.802,0.374,3.3,3.3,3.3,3.3,1.9,1.5,1.2,1.2,18.4,16.5,2.6,1.7,1.2,1.2,1.9,1.5,1.2,1.2,3.3,3.3,2.6,1.7,1.2,1.2,3.3,2,2.6,1.7,1.2,1.2,39,37.1,3.3,1.7,2.6,1.7,1.2,1.2,24.6,22.7,3.3,3.3,2.6,1.7,1.2,1.2,2.6,1.7,1.2,1.2,3.3,3.3,2.6,1.7,1.2,1.2,3.3,3.3,2.6,1.7,1.2,1.2,1.2,1.2,2.6,1.7,1.2,1.2,2.6,1.7,1.2,1.2,1.2,1.2,2.6,1.7,1.2,1.2,3.3,3.3,1.2,1.2,30.7,29,3.3,3.3,1.2,1.2,3.3,2,1.2,1.2,1.2,1.2,3.3,2,3.3,3.3,1.9,1.5,1.2,1.2,1.9,1.5,1.2,1.2,3.3,3.3,1.9,1.5,1.2,1.2,1.9,1.5,1.2,1.2,1.2,1.2,1.2,1.2,2.6,1.7,1.2,1.2,1.2,1.2,1.2,1.2,1.2,1.2,1.2,1.2,1.2,1.2,1.2,1.2,1.2,1.2,3.3,1.7,1.9,1.5,1.2,1.2,3.3,1.7,1.9,1.5,1.2,1.2,1.9,1.5,1.2,1.2,1.9,1.5,1.2,1.2,1.9,1.5,1.2,1.2,1.2,1.2,1.2,1.2,1.2,1.2,1.2,1.2,1.2,1.2,1.2,1.2,1.2,1.2,1.2,1.2,1.2,1.2,1.2,1.2,1.2,1.2,1.9,1.5,1.2,1.2,1.2,1.2,1.9,1.5,1.2,1.2,1.2,1.2,1.2,1.2,1.2,1.2,1.2,1.2,1.2,1.2,1.2,1.2,1.2,1.2,1.2,1.2,1.2,1.2,1.2,1.2,1.2,1.2,1.2,1.2,1.2,1.2,1.2,1.2,1.2,1.2,1.2,1.2,1.2,1.2,1.2,1.2,1.2,1.2,1.2,1.2,1.2,1.2,1.2,1.2,1.2,1.2
0.6120,0.6652,3914.6,93.5,1.76,1052.2,1756.7,2709.3,3730.8,0.8,0.371,3.3,3.3,3.3,3.3,1.9,1.5,1.2,1.2,18.5,16.6,2.6,1.7,1.2,1.2,1.9,1.5,1.2,1.2,3.3,3.3,2.6,1.7,1.2,1.2,3.3,2,2.6,1.7,1.2,1.2,39.1,37,3.3,1.7,2.6,1.7,1.2,1.2,24.7,22.9,3.3,3.3,2.6,1.7,1.2,1.2,2.6,1.7,1.2,1.2,3.3,3.3,2.6,1.7,1.2,1.2,3.3,3.3,2.6,1.7,1.2,1.2,1.2,1.2,2.6,1.7,1.2,1.2,2.6,1.7,1.2,1.2,1.2,1.2,2.6,1.7,1.2,1.2,3.3,3.3,1.2,1.2,30.9,29.2,3.3,3.3,1.2,1.2,3.3,2,1.2,1.2,1.2,1.2,3.3,2,3.3,3.3,1.9,1.5,1.2,1.2,1.9,1.5,1.2,1.2,3.3,3.3,1.9,1.5,1.2,1.2,1.9,1.5,1.2,1.2,1.2,1.2,1.2,1.2,2.6,1.7,1.2,1.2,1.2,1.2,1.2,1.2,1.2,1.2,1.2,1.2,1.2,1.2,1.2,1.2,1.2,1.2,3.3,1.7,1.9,1.5,1.2,1.2,3.3,1.7,1.9,1.5,1.2,1.2,1.9,1.5,1.2,1.2,1.9,1.5,1.2,1.2,1.9,1.5,1.2,1.2,1.2,1.2,1.2,1.2,1.2,1.2,1.2,1.2,1.2,1.2,1.2,1.2,1.2,1.2,1.2,1.2,1.2,1.2,1.2,1.2,1.2,1.2,1.9,1.5,1.2,1.2,1.2,1.2,1.9,1.5,1.2,1.2,1.2,1.2,1.2,1.2,1.2,1.2,1.2,1.2,1.2,1.2,1.2,1.2,1.2,1.2,1.2,1.2,1.2,1.2,1.2,1.2,1.2,1.2,1.2,1.2,1.2,1.2,1.2,1.2,1.2,1.2,1.2,1.2,1.2,1.2,1.2,1.2,1.2,1.2,1.2,1.2,1.2,1.2,1.2,1.2,1.2,1.2
0.6140,0.6680,3931.3,93.5,1.76,1052.2,1756.7,2711.6,3736.6,0.798,0.368,3.3,3.3,3.3,3.3,1.9,1.5,1.2,1.2,18.5,16.6,2.6,1.7,1.2,1.2,1.9,1.5,1.2,1.2,3.3,3.3,2.6,1.7,1.2,1.2,3.3,2,2.6,1.7,1.2,1.2,39.3,37.2,3.3,1.7,2.6,1.7,1.2,1.2,24.8,23,3.3,3.3,2.6,1.7,1.2,1.2,2.6,1.7,1.2,1.2,3.3,3.3,2.6,1.7,1.2,1.2,3.3,3.3,2.6,1.7,1.2,1.2,1.2,1.2,2.6,1.7,1.2,1.2,2.6,1.7,1.2,1.2,1.2,1.2,2.6,1.7,1.2,1.2,3.3,3.3,1.2,1.2,31,29.3,3.3,3.3,1.2,1.2,3.3,2,1.2,1.2,1.2,1.2,3.3,2,3.3,3.3,1.9,1.5,1.2,1.2,1.9,1.5,1.2,1.2,3.3,3.3,1.9,1.5,1.2,1.2,1.9,1.5,1.2,1.2,1.2,1.2,1.2,1.2,2.6,1.7,1.2,1.2,1.2,1.2,1.2,1.2,1.2,1.2,1.2,1.2,1.2,1.2,1.2,1.2,1.2,1.2,3.3,1.7,1.9,1.5,1.2,1.2,3.3,1.7,1.9,1.5,1.2,1.2,1.9,1.5,1.2,1.2,1.9,1.5,1.2,1.2,1.9,1.5,1.2,1.2,1.2,1.2,1.2,1.2,1.2,1.2,1.2,1.2,1.2,1.2,1.2,1.2,1.2,1.2,1.2,1.2,1.2,1.2,1.2,1.2,1.2,1.2,1.9,1.5,1.2,1.2,1.2,1.2,1.9,1.5,1.2,1.2,1.2,1.2,1.2,1.2,1.2,1.2,1.2,1.2,1.2,1.2,1.2,1.2,1.2,1.2,1.2,1.2,1.2,1.2,1.2,1.2,1.2,1.2,1.2,1.2,1.2,1.2,1.2,1.2,1.2,1.2,1.2,1.2,1.2,1.2,1.2,1.2,1.2,1.2,1.2,1.2,1.2,1.2,1.2,1.2,1.2,1.2
0.6170,0.6723,3947.9,93.5,1.76,1052.2,1756.7,2714.3,3742.8,0.797,0.365,3.3,3.3,3.3,3.3,1.9,1.5,1.2,1.2,18.6,16.7,2.6,1.7,1.2,1.2,1.9,1.5,1.2,1.2,3.3,3.3,2.6,1.7,1.2,1.2,3.3,2,2.6,1.7,1.2,1.2,39.5,37.6,3.3,1.7,2.6,1.7,1.2,1.2,24.9,23.1,3.3,3.3,2.6,1.7,1.2,1.2,2.6,1.7,1.2,1.2,3.3,3.3,2.6,1.7,1.2,1.2,3.3,3.3,2.6,1.7,1.2,1.2,1.2,1.2,2.6,1.7,1.2,1.2,2.6,1.7,1.2,1.2,1.2,1.2,2.6,1.7,1.2,1.2,3.3,3.3,1.2,1.2,31.2,29.4,3.3,3.3,1.2,1.2,3.3,2,1.2,1.2,1.2,1.2,3.3,2,3.3,3.3,1.9,1.5,1.2,1.2,1.9,1.5,1.2,1.2,3.3,3.3,1.9,1.5,1.2,1.2,1.9,1.5,1.2,1.2,1.2,1.2,1.2,1.2,2.6,1.7,1.2,1.2,1.2,1.2,1.2,1.2,1.2,1.2,1.2,1.2,1.2,1.2,1.2,1.2,1.2,1.2,3.3,1.7,1.9,1.5,1.2,1.2,3.3,1.7,1.9,1.5,1.2,1.2,1.9,1.5,1.2,1.2,1.9,1.5,1.2,1.2,1.9,1.5,1.2,1.2,1.2,1.2,1.2,1.2,1.2,1.2,1.2,1.2,1.2,1.2,1.2,1.2,1.2,1.2,1.2,1.2,1.2,1.2,1.2,1.2,1.2,1.2,1.9,1.5,1.2,1.2,1.2,1.2,1.9,1.5,1.2,1.2,1.2,1.2,1.2,1.2,1.2,1.2,1.2,1.2,1.2,1.2,1.2,1.2,1.2,1.2,1.2,1.2,1.2,1.2,1.2,1.2,1.2,1.2,1.2,1.2,1.2,1.2,1.2,1.2,1.2,1.2,1.2,1.2,1.2,1.2,1.2,1.2,1.2,1.2,1.2,1.2,1.2,1.2,1.2,1.2,1.2,1.2
0.6190,0.6751,3964.7,93.5,1.76,1052.2,1756.7,2717.4,3749.4,0.795,0.362,3.3,3.3,3.3,3.3,1.9,1.5,1.2,1.2,18.7,16.6,2.6,1.7,1.2,1.2,1.9,1.5,1.2,1.2,3.3,3.3,2.6,1.7,1.2,1.2,3.3,2,2.6,1.7,1.2,1.2,39.7,37.8,3.3,1.7,2.6,1.7,1.2,1.2,25,23.2,3.3,3.3,2.6,1.7,1.2,1.2,2.6,1.7,1.2,1.2,3.3,3.3,2.6,1.7,1.2,1.2,3.3,3.3,2.6,1.7,1.2,1.2,1.2,1.2,2.6,1.7,1.2,1.2,2.6,1.7,1.2,1.2,1.2,1.2,2.6,1.7,1.2,1.2,3.3,3.3,1.2,1.2,31.3,29.2,3.3,3.3,1.2,1.2,3.3,2,1.2,1.2,1.2,1.2,3.3,2,3.3,3.3,1.9,1.5,1.2,1.2,1.9,1.5,1.2,1.2,3.3,3.3,1.9,1.5,1.2,1.2,1.9,1.5,1.2,1.2,1.2,1.2,1.2,1.2,2.6,1.7,1.2,1.2,1.2,1.2,1.2,1.2,1.2,1.2,1.2,1.2,1.2,1.2,1.2,1.2,1.2,1.2,3.3,1.7,1.9,1.5,1.2,1.2,3.3,1.7,1.9,1.5,1.2,1.2,1.9,1.5,1.2,1.2,1.9,1.5,1.2,1.2,1.9,1.5,1.2,1.2,1.2,1.2,1.2,1.2,1.2,1.2,1.2,1.2,1.2,1.2,1.2,1.2,1.2,1.2,1.2,1.2,1.2,1.2,1.2,1.2,1.2,1.2,1.9,1.5,1.2,1.2,1.2,1.2,1.9,1.5,1.2,1.2,1.2,1.2,1.2,1.2,1.2,1.2,1.2,1.2,1.2,1.2,1.2,1.2,1.2,1.2,1.2,1.2,1.2,1.2,1.2,1.2,1.2,1.2,1.2,1.2,1.2,1.2,1.2,1.2,1.2,1.2,1.2,1.2,1.2,1.2,1.2,1.2,1.2,1.2,1.2,1.2,1.2,1.2,1.2,1.2,1.2,1.2
0.6220,0.6794,3981.4,93.5,1.76,1052.2,1756.7,2720.7,3756.3,0.793,0.359,3.3,3.3,3.3,3.3,1.9,1.5,1.2,1.2,18.8,16.6,2.6,1.7,1.2,1.2,1.9,1.5,1.2,1.2,3.3,3.3,2.6,1.7,1.2,1.2,3.3,2,2.6,1.7,1.2,1.2,39.9,38,3.3,1.7,2.6,1.7,1.2,1.2,25.1,23.3,3.3,3.3,2.6,1.7,1.2,1.2,2.6,1.7,1.2,1.2,3.3,3.3,2.6,1.7,1.2,1.2,3.3,3.3,2.6,1.7,1.2,1.2,1.2,1.2,2.6,1.7,1.2,1.2,2.6,1.7,1.2,1.2,1.2,1.2,2.6,1.7,1.2,1.2,3.3,3.3,1.2,1.2,31.4,29.7,3.3,3.3,1.2,1.2,3.3,2,1.2,1.2,1.2,1.2,3.3,2,3.3,3.3,1.9,1.5,1.2,1.2,1.9,1.5,1.2,1.2,3.3,3.3,1.9,1.5,1.2,1.2,1.9,1.5,1.2,1.2,1.2,1.2,1.2,1.2,2.6,1.7,1.2,1.2,1.2,1.2,1.2,1.2,1.2,1.2,1.2,1.2,1.2,1.2,1.2,1.2,1.2,1.2,3.3,1.7,1.9,1.5,1.2,1.2,3.3,1.7,1.9,1.5,1.2,1.2,1.9,1.5,1.2,1.2,1.9,1.5,1.2,1.2,1.9,1.5,1.2,1.2,1.2,1.2,1.2,1.2,1.2,1.2,1.2,1.2,1.2,1.2,1.2,1.2,1.2,1.2,1.2,1.2,1.2,1.2,1.2,1.2,1.2,1.2,1.9,1.5,1.2,1.2,1.2,1.2,1.9,1.5,1.2,1.2,1.2,1.2,1.2,1.2,1.2,1.2,1.2,1.2,1.2,1.2,1.2,1.2,1.2,1.2,1.2,1.2,1.2,1.2,1.2,1.2,1.2,1.2,1.2,1.2,1.2,1.2,1.2,1.2,1.2,1.2,1.2,1.2,1.2,1.2,1.2,1.2,1.2,1.2,1.2,1.2,1.2,1.2,1.2,1.2,1.2,1.2
0.6250,0.6836,3998,93.5,1.76,1052.2,1756.7,2724.2,3763.4,0.791,0.356,3.3,3.3,3.3,3.3,1.9,1.5,1.2,1.2,18.9,16.7,2.6,1.7,1.2,1.2,1.9,1.5,1.2,1.2,3.3,3.3,2.6,1.7,1.2,1.2,3.3,2,2.6,1.7,1.2,1.2,40,38.1,3.3,1.7,2.6,1.7,1.2,1.2,25.2,23.4,3.3,3.3,2.6,1.7,1.2,1.2,2.6,1.7,1.2,1.2,3.3,3.3,2.6,1.7,1.2,1.2,3.3,3.3,2.6,1.7,1.2,1.2,1.2,1.2,2.6,1.7,1.2,1.2,2.6,1.7,1.2,1.2,1.2,1.2,2.6,1.7,1.2,1.2,3.3,3.3,1.2,1.2,31.6,29.9,3.3,3.3,1.2,1.2,3.3,2,1.2,1.2,1.2,1.2,3.3,2,3.3,3.3,1.9,1.5,1.2,1.2,1.9,1.5,1.2,1.2,3.3,3.3,1.9,1.5,1.2,1.2,1.9,1.5,1.2,1.2,1.2,1.2,1.2,1.2,2.6,1.7,1.2,1.2,1.2,1.2,1.2,1.2,1.2,1.2,1.2,1.2,1.2,1.2,1.2,1.2,1.2,1.2,3.3,1.7,1.9,1.5,1.2,1.2,3.3,1.7,1.9,1.5,1.2,1.2,1.9,1.5,1.2,1.2,1.9,1.5,1.2,1.2,1.9,1.5,1.2,1.2,1.2,1.2,1.2,1.2,1.2,1.2,1.2,1.2,1.2,1.2,1.2,1.2,1.2,1.2,1.2,1.2,1.2,1.2,1.2,1.2,1.2,1.2,1.9,1.5,1.2,1.2,1.2,1.2,1.9,1.5,1.2,1.2,1.2,1.2,1.2,1.2,1.2,1.2,1.2,1.2,1.2,1.2,1.2,1.2,1.2,1.2,1.2,1.2,1.2,1.2,1.2,1.2,1.2,1.2,1.2,1.2,1.2,1.2,1.2,1.2,1.2,1.2,1.2,1.2,1.2,1.2,1.2,1.2,1.2,1.2,1.2,1.2,1.2,1.2,1.2,1.2,1.2,1.2
0.6270,0.6864,4014.6,93.5,1.76,1052.2,1756.7,2727.9,3770.6,0.789,0.353,3.3,3.3,3.3,3.3,1.9,1.5,1.2,1.2,19,16.8,2.6,1.7,1.2,1.2,1.9,1.5,1.2,1.2,3.3,3.3,2.6,1.7,1.2,1.2,3.3,2,2.6,1.7,1.2,1.2,40.2,38.3,3.3,1.7,2.6,1.7,1.2,1.2,25.4,23.5,3.3,3.3,2.6,1.7,1.2,1.2,2.6,1.7,1.2,1.2,3.3,3.3,2.6,1.7,1.2,1.2,3.3,3.3,2.6,1.7,1.2,1.2,1.2,1.2,2.6,1.7,1.2,1.2,2.6,1.7,1.2,1.2,1.2,1.2,2.6,1.7,1.2,1.2,3.3,3.3,1.2,1.2,31.7,30,3.3,3.3,1.2,1.2,3.3,2,1.2,1.2,1.2,1.2,3.3,2,3.3,3.3,1.9,1.5,1.2,1.2,1.9,1.5,1.2,1.2,3.3,3.3,1.9,1.5,1.2,1.2,1.9,1.5,1.2,1.2,1.2,1.2,1.2,1.2,2.6,1.7,1.2,1.2,1.2,1.2,1.2,1.2,1.2,1.2,1.2,1.2,1.2,1.2,1.2,1.2,1.2,1.2,3.3,1.7,1.9,1.5,1.2,1.2,3.3,1.7,1.9,1.5,1.2,1.2,1.9,1.5,1.2,1.2,1.9,1.5,1.2,1.2,1.9,1.5,1.2,1.2,1.2,1.2,1.2,1.2,1.2,1.2,1.2,1.2,1.2,1.2,1.2,1.2,1.2,1.2,1.2,1.2,1.2,1.2,1.2,1.2,1.2,1.2,1.9,1.5,1.2,1.2,1.2,1.2,1.9,1.5,1.2,1.2,1.2,1.2,1.2,1.2,1.2,1.2,1.2,1.2,1.2,1.2,1.2,1.2,1.2,1.2,1.2,1.2,1.2,1.2,1.2,1.2,1.2,1.2,1.2,1.2,1.2,1.2,1.2,1.2,1.2,1.2,1.2,1.2,1.2,1.2,1.2,1.2,1.2,1.2,1.2,1.2,1.2,1.2,1.2,1.2,1.2,1.2
0.6300,0.6906,4031.3,93.5,1.76,1052.2,1756.7,2731.6,3777.9,0.787,0.35,3.3,3.3,3.3,3.3,1.9,1.5,1.2,1.2,19.1,16.9,2.6,1.7,1.2,1.2,1.9,1.5,1.2,1.2,3.3,3.3,2.6,1.7,1.2,1.2,3.3,2,2.6,1.7,1.2,1.2,40.4,38.2,3.3,1.7,2.6,1.7,1.2,1.2,25.5,23.6,3.3,3.3,2.6,1.7,1.2,1.2,2.6,1.7,1.2,1.2,3.3,3.3,2.6,1.7,1.2,1.2,3.3,3.3,2.6,1.7,1.2,1.2,1.2,1.2,2.6,1.7,1.2,1.2,2.6,1.7,1.2,1.2,1.2,1.2,2.6,1.7,1.2,1.2,3.3,3.3,1.2,1.2,31.9,30.1,3.3,3.3,1.2,1.2,3.3,2,1.2,1.2,1.2,1.2,3.3,2,3.3,3.3,1.9,1.5,1.2,1.2,1.9,1.5,1.2,1.2,3.3,3.3,1.9,1.5,1.2,1.2,1.9,1.5,1.2,1.2,1.2,1.2,1.2,1.2,2.6,1.7,1.2,1.2,1.2,1.2,1.2,1.2,1.2,1.2,1.2,1.2,1.2,1.2,1.2,1.2,1.2,1.2,3.3,1.7,1.9,1.5,1.2,1.2,3.3,1.7,1.9,1.5,1.2,1.2,1.9,1.5,1.2,1.2,1.9,1.5,1.2,1.2,1.9,1.5,1.2,1.2,1.2,1.2,1.2,1.2,1.2,1.2,1.2,1.2,1.2,1.2,1.2,1.2,1.2,1.2,1.2,1.2,1.2,1.2,1.2,1.2,1.2,1.2,1.9,1.5,1.2,1.2,1.2,1.2,1.9,1.5,1.2,1.2,1.2,1.2,1.2,1.2,1.2,1.2,1.2,1.2,1.2,1.2,1.2,1.2,1.2,1.2,1.2,1.2,1.2,1.2,1.2,1.2,1.2,1.2,1.2,1.2,1.2,1.2,1.2,1.2,1.2,1.2,1.2,1.2,1.2,1.2,1.2,1.2,1.2,1.2,1.2,1.2,1.2,1.2,1.2,1.2,1.2,1.2
0.6320,0.6934,4048,93.5,1.76,1052.2,1756.7,2735.5,3785.3,0.786,0.347,3.3,3.3,3.3,3.3,1.9,1.5,1.2,1.2,19.2,17,2.6,1.7,1.2,1.2,1.9,1.5,1.2,1.2,3.3,3.3,2.6,1.7,1.2,1.2,3.3,2,2.6,1.7,1.2,1.2,40.6,38.4,3.3,1.7,2.6,1.7,1.2,1.2,25.6,23.4,3.3,3.3,2.6,1.7,1.2,1.2,2.6,1.7,1.2,1.2,3.3,3.3,2.6,1.7,1.2,1.2,3.3,3.3,2.6,1.7,1.2,1.2,1.2,1.2,2.6,1.7,1.2,1.2,2.6,1.7,1.2,1.2,1.2,1.2,2.6,1.7,1.2,1.2,3.3,3.3,1.2,1.2,32,30.3,3.3,3.3,1.2,1.2,3.3,2,1.2,1.2,1.2,1.2,3.3,2,3.3,3.3,1.9,1.5,1.2,1.2,1.9,1.5,1.2,1.2,3.3,3.3,1.9,1.5,1.2,1.2,1.9,1.5,1.2,1.2,1.2,1.2,1.2,1.2,2.6,1.7,1.2,1.2,1.2,1.2,1.2,1.2,1.2,1.2,1.2,1.2,1.2,1.2,1.2,1.2,1.2,1.2,3.3,1.7,1.9,1.5,1.2,1.2,3.3,1.7,1.9,1.5,1.2,1.2,1.9,1.5,1.2,1.2,1.9,1.5,1.2,1.2,1.9,1.5,1.2,1.2,1.2,1.2,1.2,1.2,1.2,1.2,1.2,1.2,1.2,1.2,1.2,1.2,1.2,1.2,1.2,1.2,1.2,1.2,1.2,1.2,1.2,1.2,1.9,1.5,1.2,1.2,1.2,1.2,1.9,1.5,1.2,1.2,1.2,1.2,1.2,1.2,1.2,1.2,1.2,1.2,1.2,1.2,1.2,1.2,1.2,1.2,1.2,1.2,1.2,1.2,1.2,1.2,1.2,1.2,1.2,1.2,1.2,1.2,1.2,1.2,1.2,1.2,1.2,1.2,1.2,1.2,1.2,1.2,1.2,1.2,1.2,1.2,1.2,1.2,1.2,1.2,1.2,1.2
0.6350,0.6976,4064.8,93.5,1.75,1052.2,1756.7,2739.4,3792.9,0.784,0.344,3.3,3.3,3.3,3.3,1.9,1.5,1.2,1.2,19.2,17.1,2.6,1.7,1.2,1.2,1.9,1.5,1.2,1.2,3.3,3.3,2.6,1.7,1.2,1.2,3.3,2,2.6,1.7,1.2,1.2,40.8,38.8,3.3,1.7,2.6,1.7,1.2,1.2,25.7,23.6,3.3,3.3,2.6,1.7,1.2,1.2,2.6,1.7,1.2,1.2,3.3,3.3,2.6,1.7,1.2,1.2,3.3,3.3,2.6,1.7,1.2,1.2,1.2,1.2,2.6,1.7,1.2,1.2,2.6,1.7,1.2,1.2,1.2,1.2,2.6,1.7,1.2,1.2,3.3,3.3,1.2,1.2,32.2,30.4,3.3,3.3,1.2,1.2,3.3,2,1.2,1.2,1.2,1.2,3.3,2,3.3,3.3,1.9,1.5,1.2,1.2,1.9,1.5,1.2,1.2,3.3,3.3,1.9,1.5,1.2,1.2,1.9,1.5,1.2,1.2,1.2,1.2,1.2,1.2,2.6,1.7,1.2,1.2,1.2,1.2,1.2,1.2,1.2,1.2,1.2,1.2,1.2,1.2,1.2,1.2,1.2,1.2,3.3,1.7,1.9,1.5,1.2,1.2,3.3,1.7,1.9,1.5,1.2,1.2,1.9,1.5,1.2,1.2,1.9,1.5,1.2,1.2,1.9,1.5,1.2,1.2,1.2,1.2,1.2,1.2,1.2,1.2,1.2,1.2,1.2,1.2,1.2,1.2,1.2,1.2,1.2,1.2,1.2,1.2,1.2,1.2,1.2,1.2,1.9,1.5,1.2,1.2,1.2,1.2,1.9,1.5,1.2,1.2,1.2,1.2,1.2,1.2,1.2,1.2,1.2,1.2,1.2,1.2,1.2,1.2,1.2,1.2,1.2,1.2,1.2,1.2,1.2,1.2,1.2,1.2,1.2,1.2,1.2,1.2,1.2,1.2,1.2,1.2,1.2,1.2,1.2,1.2,1.2,1.2,1.2,1.2,1.2,1.2,1.2,1.2,1.2,1.2,1.2,1.2
0.6380,0.7017,4081.3,93.5,1.75,1052.2,1756.7,2743.4,3800.5,0.782,0.341,3.3,3.3,3.3,3.3,1.9,1.5,1.2,1.2,19.3,17.1,2.6,1.7,1.2,1.2,1.9,1.5,1.2,1.2,3.3,3.3,2.6,1.7,1.2,1.2,3.3,2,2.6,1.7,1.2,1.2,41,39.1,3.3,1.7,2.6,1.7,1.2,1.2,25.8,23.7,3.3,3.3,2.6,1.7,1.2,1.2,2.6,1.7,1.2,1.2,3.3,3.3,2.6,1.7,1.2,1.2,3.3,3.3,2.6,1.7,1.2,1.2,1.2,1.2,2.6,1.7,1.2,1.2,2.6,1.7,1.2,1.2,1.2,1.2,2.6,1.7,1.2,1.2,3.3,3.3,1.2,1.2,32.3,30.6,3.3,3.3,1.2,1.2,3.3,2,1.2,1.2,1.2,1.2,3.3,2,3.3,3.3,1.9,1.5,1.2,1.2,1.9,1.5,1.2,1.2,3.3,3.3,1.9,1.5,1.2,1.2,1.9,1.5,1.2,1.2,1.2,1.2,1.2,1.2,2.6,1.7,1.2,1.2,1.2,1.2,1.2,1.2,1.2,1.2,1.2,1.2,1.2,1.2,1.2,1.2,1.2,1.2,3.3,1.7,1.9,1.5,1.2,1.2,3.3,1.7,1.9,1.5,1.2,1.2,1.9,1.5,1.2,1.2,1.9,1.5,1.2,1.2,1.9,1.5,1.2,1.2,1.2,1.2,1.2,1.2,1.2,1.2,1.2,1.2,1.2,1.2,1.2,1.2,1.2,1.2,1.2,1.2,1.2,1.2,1.2,1.2,1.2,1.2,1.9,1.5,1.2,1.2,1.2,1.2,1.9,1.5,1.2,1.2,1.2,1.2,1.2,1.2,1.2,1.2,1.2,1.2,1.2,1.2,1.2,1.2,1.2,1.2,1.2,1.2,1.2,1.2,1.2,1.2,1.2,1.2,1.2,1.2,1.2,1.2,1.2,1.2,1.2,1.2,1.2,1.2,1.2,1.2,1.2,1.2,1.2,1.2,1.2,1.2,1.2,1.2,1.2,1.2,1.2,1.2
0.6400,0.7045,4098.2,93.5,1.75,1052.2,1756.7,2747.5,3808.2,0.78,0.338,3.3,3.3,3.3,3.3,1.9,1.5,1.2,1.2,19.4,17.2,2.6,1.7,1.2,1.2,1.9,1.5,1.2,1.2,3.3,3.3,2.6,1.7,1.2,1.2,3.3,2,2.6,1.7,1.2,1.2,41.2,39.2,3.3,1.7,2.6,1.7,1.2,1.2,26,23.8,3.3,3.3,2.6,1.7,1.2,1.2,2.6,1.7,1.2,1.2,3.3,3.3,2.6,1.7,1.2,1.2,3.3,3.3,2.6,1.7,1.2,1.2,1.2,1.2,2.6,1.7,1.2,1.2,2.6,1.7,1.2,1.2,1.2,1.2,2.6,1.7,1.2,1.2,3.3,3.3,1.2,1.2,32.5,30.7,3.3,3.3,1.2,1.2,3.3,2,1.2,1.2,1.2,1.2,3.3,2,3.3,3.3,1.9,1.5,1.2,1.2,1.9,1.5,1.2,1.2,3.3,3.3,1.9,1.5,1.2,1.2,1.9,1.5,1.2,1.2,1.2,1.2,1.2,1.2,2.6,1.7,1.2,1.2,1.2,1.2,1.2,1.2,1.2,1.2,1.2,1.2,1.2,1.2,1.2,1.2,1.2,1.2,3.3,1.7,1.9,1.5,1.2,1.2,3.3,1.7,1.9,1.5,1.2,1.2,1.9,1.5,1.2,1.2,1.9,1.5,1.2,1.2,1.9,1.5,1.2,1.2,1.2,1.2,1.2,1.2,1.2,1.2,1.2,1.2,1.2,1.2,1.2,1.2,1.2,1.2,1.2,1.2,1.2,1.2,1.2,1.2,1.2,1.2,1.9,1.5,1.2,1.2,1.2,1.2,1.9,1.5,1.2,1.2,1.2,1.2,1.2,1.2,1.2,1.2,1.2,1.2,1.2,1.2,1.2,1.2,1.2,1.2,1.2,1.2,1.2,1.2,1.2,1.2,1.2,1.2,1.2,1.2,1.2,1.2,1.2,1.2,1.2,1.2,1.2,1.2,1.2,1.2,1.2,1.2,1.2,1.2,1.2,1.2,1.2,1.2,1.2,1.2,1.2,1.2
0.6430,0.7087,4114.7,93.5,1.75,1052.2,1756.7,2751.5,3816,0.778,0.335,3.3,3.3,3.3,3.3,1.9,1.5,1.2,1.2,19.5,17.3,2.6,1.7,1.2,1.2,1.9,1.5,1.2,1.2,3.3,3.3,2.6,1.7,1.2,1.2,3.3,2,2.6,1.7,1.2,1.2,41.4,39.4,3.3,1.7,2.6,1.7,1.2,1.2,26.1,23.9,3.3,3.3,2.6,1.7,1.2,1.2,2.6,1.7,1.2,1.2,3.3,3.3,2.6,1.7,1.2,1.2,3.3,3.3,2.6,1.7,1.2,1.2,1.2,1.2,2.6,1.7,1.2,1.2,2.6,1.7,1.2,1.2,1.2,1.2,2.6,1.7,1.2,1.2,3.3,3.3,1.2,1.2,32.6,30.6,3.3,3.3,1.2,1.2,3.3,2,1.2,1.2,1.2,1.2,3.3,2,3.3,3.3,1.9,1.5,1.2,1.2,1.9,1.5,1.2,1.2,3.3,3.3,1.9,1.5,1.2,1.2,1.9,1.5,1.2,1.2,1.2,1.2,1.2,1.2,2.6,1.7,1.2,1.2,1.2,1.2,1.2,1.2,1.2,1.2,1.2,1.2,1.2,1.2,1.2,1.2,1.2,1.2,3.3,1.7,1.9,1.5,1.2,1.2,3.3,1.7,1.9,1.5,1.2,1.2,1.9,1.5,1.2,1.2,1.9,1.5,1.2,1.2,1.9,1.5,1.2,1.2,1.2,1.2,1.2,1.2,1.2,1.2,1.2,1.2,1.2,1.2,1.2,1.2,1.2,1.2,1.2,1.2,1.2,1.2,1.2,1.2,1.2,1.2,1.9,1.5,1.2,1.2,1.2,1.2,1.9,1.5,1.2,1.2,1.2,1.2,1.2,1.2,1.2,1.2,1.2,1.2,1.2,1.2,1.2,1.2,1.2,1.2,1.2,1.2,1.2,1.2,1.2,1.2,1.2,1.2,1.2,1.2,1.2,1.2,1.2,1.2,1.2,1.2,1.2,1.2,1.2,1.2,1.2,1.2,1.2,1.2,1.2,1.2,1.2,1.2,1.2,1.2,1.2,1.2
0.6450,0.7114,4131.4,93.5,1.75,1052.2,1756.7,2755.7,3823.7,0.776,0.332,3.3,3.3,3.3,3.3,1.9,1.5,1.2,1.2,19.6,17.4,2.6,1.7,1.2,1.2,1.9,1.5,1.2,1.2,3.3,3.3,2.6,1.7,1.2,1.2,3.3,2,2.6,1.7,1.2,1.2,41.6,39.6,3.3,1.7,2.6,1.7,1.2,1.2,26.2,23.6,3.3,3.3,2.6,1.7,1.2,1.2,2.6,1.7,1.2,1.2,3.3,3.3,2.6,1.7,1.2,1.2,3.3,3.3,2.6,1.7,1.2,1.2,1.2,1.2,2.6,1.7,1.2,1.2,2.6,1.7,1.2,1.2,1.2,1.2,2.6,1.7,1.2,1.2,3.3,3.3,1.2,1.2,32.8,30.8,3.3,3.3,1.2,1.2,3.3,2,1.2,1.2,1.2,1.2,3.3,2,3.3,3.3,1.9,1.5,1.2,1.2,1.9,1.5,1.2,1.2,3.3,3.3,1.9,1.5,1.2,1.2,1.9,1.5,1.2,1.2,1.2,1.2,1.2,1.2,2.6,1.7,1.2,1.2,1.2,1.2,1.2,1.2,1.2,1.2,1.2,1.2,1.2,1.2,1.2,1.2,1.2,1.2,3.3,1.7,1.9,1.5,1.2,1.2,3.3,1.7,1.9,1.5,1.2,1.2,1.9,1.5,1.2,1.2,1.9,1.5,1.2,1.2,1.9,1.5,1.2,1.2,1.2,1.2,1.2,1.2,1.2,1.2,1.2,1.2,1.2,1.2,1.2,1.2,1.2,1.2,1.2,1.2,1.2,1.2,1.2,1.2,1.2,1.2,1.9,1.5,1.2,1.2,1.2,1.2,1.9,1.5,1.2,1.2,1.2,1.2,1.2,1.2,1.2,1.2,1.2,1.2,1.2,1.2,1.2,1.2,1.2,1.2,1.2,1.2,1.2,1.2,1.2,1.2,1.2,1.2,1.2,1.2,1.2,1.2,1.2,1.2,1.2,1.2,1.2,1.2,1.2,1.2,1.2,1.2,1.2,1.2,1.2,1.2,1.2,1.2,1.2,1.2,1.2,1.2
0.6480,0.7155,4148,93.5,1.75,1052.2,1756.7,2759.8,3831.6,0.774,0.329,3.3,3.3,3.3,3.3,1.9,1.5,1.2,1.2,19.7,17.5,2.6,1.7,1.2,1.2,1.9,1.5,1.2,1.2,3.3,3.3,2.6,1.7,1.2,1.2,3.3,2,2.6,1.7,1.2,1.2,41.8,39.6,3.3,1.7,2.6,1.7,1.2,1.2,26.3,24,3.3,3.3,2.6,1.7,1.2,1.2,2.6,1.7,1.2,1.2,3.3,3.3,2.6,1.7,1.2,1.2,3.3,3.3,2.6,1.7,1.2,1.2,1.2,1.2,2.6,1.7,1.2,1.2,2.6,1.7,1.2,1.2,1.2,1.2,2.6,1.7,1.2,1.2,3.3,3.3,1.2,1.2,33,30.9,3.3,3.3,1.2,1.2,3.3,2,1.2,1.2,1.2,1.2,3.3,2,3.3,3.3,1.9,1.5,1.2,1.2,1.9,1.5,1.2,1.2,3.3,3.3,1.9,1.5,1.2,1.2,1.9,1.5,1.2,1.2,1.2,1.2,1.2,1.2,2.6,1.7,1.2,1.2,1.2,1.2,1.2,1.2,1.2,1.2,1.2,1.2,1.2,1.2,1.2,1.2,1.2,1.2,3.3,1.7,1.9,1.5,1.2,1.2,3.3,1.7,1.9,1.5,1.2,1.2,1.9,1.5,1.2,1.2,1.9,1.5,1.2,1.2,1.9,1.5,1.2,1.2,1.2,1.2,1.2,1.2,1.2,1.2,1.2,1.2,1.2,1.2,1.2,1.2,1.2,1.2,1.2,1.2,1.2,1.2,1.2,1.2,1.2,1.2,1.9,1.5,1.2,1.2,1.2,1.2,1.9,1.5,1.2,1.2,1.2,1.2,1.2,1.2,1.2,1.2,1.2,1.2,1.2,1.2,1.2,1.2,1.2,1.2,1.2,1.2,1.2,1.2,1.2,1.2,1.2,1.2,1.2,1.2,1.2,1.2,1.2,1.2,1.2,1.2,1.2,1.2,1.2,1.2,1.2,1.2,1.2,1.2,1.2,1.2,1.2,1.2,1.2,1.2,1.2,1.2
0.6510,0.7196,4165,93.5,1.75,1052.2,1756.7,2764,3839.4,0.772,0.326,3.3,3.3,3.3,3.3,1.9,1.5,1.2,1.2,19.8,17.6,2.6,1.7,1.2,1.2,1.9,1.5,1.2,1.2,3.3,3.3,2.6,1.7,1.2,1.2,3.3,2,2.6,1.7,1.2,1.2,42,39.8,3.3,1.7,2.6,1.7,1.2,1.2,26.5,24.3,3.3,3.3,2.6,1.7,1.2,1.2,2.6,1.7,1.2,1.2,3.3,3.3,2.6,1.7,1.2,1.2,3.3,3.3,2.6,1.7,1.2,1.2,1.2,1.2,2.6,1.7,1.2,1.2,2.6,1.7,1.2,1.2,1.2,1.2,2.6,1.7,1.2,1.2,3.3,3.3,1.2,1.2,33.1,31,3.3,3.3,1.2,1.2,3.3,2,1.2,1.2,1.2,1.2,3.3,2,3.3,3.3,1.9,1.5,1.2,1.2,1.9,1.5,1.2,1.2,3.3,3.3,1.9,1.5,1.2,1.2,1.9,1.5,1.2,1.2,1.2,1.2,1.2,1.2,2.6,1.7,1.2,1.2,1.2,1.2,1.2,1.2,1.2,1.2,1.2,1.2,1.2,1.2,1.2,1.2,1.2,1.2,3.3,1.7,1.9,1.5,1.2,1.2,3.3,1.7,1.9,1.5,1.2,1.2,1.9,1.5,1.2,1.2,1.9,1.5,1.2,1.2,1.9,1.5,1.2,1.2,1.2,1.2,1.2,1.2,1.2,1.2,1.2,1.2,1.2,1.2,1.2,1.2,1.2,1.2,1.2,1.2,1.2,1.2,1.2,1.2,1.2,1.2,1.9,1.5,1.2,1.2,1.2,1.2,1.9,1.5,1.2,1.2,1.2,1.2,1.2,1.2,1.2,1.2,1.2,1.2,1.2,1.2,1.2,1.2,1.2,1.2,1.2,1.2,1.2,1.2,1.2,1.2,1.2,1.2,1.2,1.2,1.2,1.2,1.2,1.2,1.2,1.2,1.2,1.2,1.2,1.2,1.2,1.2,1.2,1.2,1.2,1.2,1.2,1.2,1.2,1.2,1.2,1.2
0.6530,0.7223,4181.5,93.5,1.75,1052.2,1756.7,2768.2,3847.4,0.77,0.323,3.3,3.3,3.3,3.3,1.9,1.5,1.2,1.2,19.9,17.5,2.6,1.7,1.2,1.2,1.9,1.5,1.2,1.2,3.3,3.3,2.6,1.7,1.2,1.2,3.3,2,2.6,1.7,1.2,1.2,42.2,40,3.3,1.7,2.6,1.7,1.2,1.2,26.6,24.5,3.3,3.3,2.6,1.7,1.2,1.2,2.6,1.7,1.2,1.2,3.3,3.3,2.6,1.7,1.2,1.2,3.3,3.3,2.6,1.7,1.2,1.2,1.2,1.2,2.6,1.7,1.2,1.2,2.6,1.7,1.2,1.2,1.2,1.2,2.6,1.7,1.2,1.2,3.3,3.3,1.2,1.2,33.3,31.2,3.3,3.3,1.2,1.2,3.3,2,1.2,1.2,1.2,1.2,3.3,2,3.3,3.3,1.9,1.5,1.2,1.2,1.9,1.5,1.2,1.2,3.3,3.3,1.9,1.5,1.2,1.2,1.9,1.5,1.2,1.2,1.2,1.2,1.2,1.2,2.6,1.7,1.2,1.2,1.2,1.2,1.2,1.2,1.2,1.2,1.2,1.2,1.2,1.2,1.2,1.2,1.2,1.2,3.3,1.7,1.9,1.5,1.2,1.2,3.3,1.7,1.9,1.5,1.2,1.2,1.9,1.5,1.2,1.2,1.9,1.5,1.2,1.2,1.9,1.5,1.2,1.2,1.2,1.2,1.2,1.2,1.2,1.2,1.2,1.2,1.2,1.2,1.2,1.2,1.2,1.2,1.2,1.2,1.2,1.2,1.2,1.2,1.2,1.2,1.9,1.5,1.2,1.2,1.2,1.2,1.9,1.5,1.2,1.2,1.2,1.2,1.2,1.2,1.2,1.2,1.2,1.2,1.2,1.2,1.2,1.2,1.2,1.2,1.2,1.2,1.2,1.2,1.2,1.2,1.2,1.2,1.2,1.2,1.2,1.2,1.2,1.2,1.2,1.2,1.2,1.2,1.2,1.2,1.2,1.2,1.2,1.2,1.2,1.2,1.2,1.2,1.2,1.2,1.2,1.2
0.6560,0.7264,4198.1,93.5,1.75,1052.2,1756.7,2772.4,3855.3,0.768,0.32,3.3,3.3,3.3,3.3,1.9,1.5,1.2,1.2,20,17.6,2.6,1.7,1.2,1.2,1.9,1.5,1.2,1.2,3.3,3.3,2.6,1.7,1.2,1.2,3.3,2,2.6,1.7,1.2,1.2,42.4,39.9,3.3,1.7,2.6,1.7,1.2,1.2,26.7,24.6,3.3,3.3,2.6,1.7,1.2,1.2,2.6,1.7,1.2,1.2,3.3,3.3,2.6,1.7,1.2,1.2,3.3,3.3,2.6,1.7,1.2,1.2,1.2,1.2,2.6,1.7,1.2,1.2,2.6,1.7,1.2,1.2,1.2,1.2,2.6,1.7,1.2,1.2,3.3,3.3,1.2,1.2,33.4,31.3,3.3,3.3,1.2,1.2,3.3,2,1.2,1.2,1.2,1.2,3.3,2,3.3,3.3,1.9,1.5,1.2,1.2,1.9,1.5,1.2,1.2,3.3,3.3,1.9,1.5,1.2,1.2,1.9,1.5,1.2,1.2,1.2,1.2,1.2,1.2,2.6,1.7,1.2,1.2,1.2,1.2,1.2,1.2,1.2,1.2,1.2,1.2,1.2,1.2,1.2,1.2,1.2,1.2,3.3,1.7,1.9,1.5,1.2,1.2,3.3,1.7,1.9,1.5,1.2,1.2,1.9,1.5,1.2,1.2,1.9,1.5,1.2,1.2,1.9,1.5,1.2,1.2,1.2,1.2,1.2,1.2,1.2,1.2,1.2,1.2,1.2,1.2,1.2,1.2,1.2,1.2,1.2,1.2,1.2,1.2,1.2,1.2,1.2,1.2,1.9,1.5,1.2,1.2,1.2,1.2,1.9,1.5,1.2,1.2,1.2,1.2,1.2,1.2,1.2,1.2,1.2,1.2,1.2,1.2,1.2,1.2,1.2,1.2,1.2,1.2,1.2,1.2,1.2,1.2,1.2,1.2,1.2,1.2,1.2,1.2,1.2,1.2,1.2,1.2,1.2,1.2,1.2,1.2,1.2,1.2,1.2,1.2,1.2,1.2,1.2,1.2,1.2,1.2,1.2,1.2
0.6590,0.7305,4214.8,93.5,1.75,1052.2,1756.7,2776.7,3863.3,0.766,0.317,3.3,3.3,3.3,3.3,1.9,1.5,1.2,1.2,20.1,17.8,2.6,1.7,1.2,1.2,1.9,1.5,1.2,1.2,3.3,3.3,2.6,1.7,1.2,1.2,3.3,2,2.6,1.7,1.2,1.2,42.6,40.1,3.3,1.7,2.6,1.7,1.2,1.2,26.9,24.7,3.3,3.3,2.6,1.7,1.2,1.2,2.6,1.7,1.2,1.2,3.3,3.3,2.6,1.7,1.2,1.2,3.3,3.3,2.6,1.7,1.2,1.2,1.2,1.2,2.6,1.7,1.2,1.2,2.6,1.7,1.2,1.2,1.2,1.2,2.6,1.7,1.2,1.2,3.3,3.3,1.2,1.2,33.6,31.5,3.3,3.3,1.2,1.2,3.3,2,1.2,1.2,1.2,1.2,3.3,2,3.3,3.3,1.9,1.5,1.2,1.2,1.9,1.5,1.2,1.2,3.3,3.3,1.9,1.5,1.2,1.2,1.9,1.5,1.2,1.2,1.2,1.2,1.2,1.2,2.6,1.7,1.2,1.2,1.2,1.2,1.2,1.2,1.2,1.2,1.2,1.2,1.2,1.2,1.2,1.2,1.2,1.2,3.3,1.7,1.9,1.5,1.2,1.2,3.3,1.7,1.9,1.5,1.2,1.2,1.9,1.5,1.2,1.2,1.9,1.5,1.2,1.2,1.9,1.5,1.2,1.2,1.2,1.2,1.2,1.2,1.2,1.2,1.2,1.2,1.2,1.2,1.2,1.2,1.2,1.2,1.2,1.2,1.2,1.2,1.2,1.2,1.2,1.2,1.9,1.5,1.2,1.2,1.2,1.2,1.9,1.5,1.2,1.2,1.2,1.2,1.2,1.2,1.2,1.2,1.2,1.2,1.2,1.2,1.2,1.2,1.2,1.2,1.2,1.2,1.2,1.2,1.2,1.2,1.2,1.2,1.2,1.2,1.2,1.2,1.2,1.2,1.2,1.2,1.2,1.2,1.2,1.2,1.2,1.2,1.2,1.2,1.2,1.2,1.2,1.2,1.2,1.2,1.2,1.2
0.6610,0.7332,4231.6,93.5,1.74,1052.2,1756.7,2780.9,3871.3,0.764,0.314,3.3,3.3,3.3,3.3,1.9,1.5,1.2,1.2,20.2,17.9,2.6,1.7,1.2,1.2,1.9,1.5,1.2,1.2,3.3,3.3,2.6,1.7,1.2,1.2,3.3,2,2.6,1.7,1.2,1.2,42.8,40.6,3.3,1.7,2.6,1.7,1.2,1.2,27,24.7,3.3,3.3,2.6,1.7,1.2,1.2,2.6,1.7,1.2,1.2,3.3,3.3,2.6,1.7,1.2,1.2,3.3,3.3,2.6,1.7,1.2,1.2,1.2,1.2,2.6,1.7,1.2,1.2,2.6,1.7,1.2,1.2,1.2,1.2,2.6,1.7,1.2,1.2,3.3,3.3,1.2,1.2,33.8,31.6,3.3,3.3,1.2,1.2,3.3,2,1.2,1.2,1.2,1.2,3.3,2,3.3,3.3,1.9,1.5,1.2,1.2,1.9,1.5,1.2,1.2,3.3,3.3,1.9,1.5,1.2,1.2,1.9,1.5,1.2,1.2,1.2,1.2,1.2,1.2,2.6,1.7,1.2,1.2,1.2,1.2,1.2,1.2,1.2,1.2,1.2,1.2,1.2,1.2,1.2,1.2,1.2,1.2,3.3,1.7,1.9,1.5,1.2,1.2,3.3,1.7,1.9,1.5,1.2,1.2,1.9,1.5,1.2,1.2,1.9,1.5,1.2,1.2,1.9,1.5,1.2,1.2,1.2,1.2,1.2,1.2,1.2,1.2,1.2,1.2,1.2,1.2,1.2,1.2,1.2,1.2,1.2,1.2,1.2,1.2,1.2,1.2,1.2,1.2,1.9,1.5,1.2,1.2,1.2,1.2,1.9,1.5,1.2,1.2,1.2,1.2,1.2,1.2,1.2,1.2,1.2,1.2,1.2,1.2,1.2,1.2,1.2,1.2,1.2,1.2,1.2,1.2,1.2,1.2,1.2,1.2,1.2,1.2,1.2,1.2,1.2,1.2,1.2,1.2,1.2,1.2,1.2,1.2,1.2,1.2,1.2,1.2,1.2,1.2,1.2,1.2,1.2,1.2,1.2,1.2
0.6640,0.7372,4248.2,93.5,1.74,1052.2,1756.7,2785.2,3810.3,0.761,0.311,3.3,3.3,3.3,3.3,1.9,1.5,1.2,1.2,20.3,18,2.6,1.7,1.2,1.2,1.9,1.5,1.2,1.2,3.3,3.3,2.6,1.7,1.2,1.2,3.3,2,2.6,1.7,1.2,1.2,43,40.8,3.3,1.7,2.6,1.7,1.2,1.2,27.1,24.9,3.3,3.3,2.6,1.7,1.2,1.2,2.6,1.7,1.2,1.2,3.3,3.3,2.6,1.7,1.2,1.2,3.3,3.3,2.6,1.7,1.2,1.2,1.2,1.2,2.6,1.7,1.2,1.2,2.6,1.7,1.2,1.2,1.2,1.2,2.6,1.7,1.2,1.2,3.3,3.3,1.2,1.2,33.9,31.8,3.3,3.3,1.2,1.2,3.3,2,1.2,1.2,1.2,1.2,3.3,2,3.3,3.3,1.9,1.5,1.2,1.2,1.9,1.5,1.2,1.2,3.3,3.3,1.9,1.5,1.2,1.2,1.9,1.5,1.2,1.2,1.2,1.2,1.2,1.2,2.6,1.7,1.2,1.2,1.2,1.2,1.2,1.2,1.2,1.2,1.2,1.2,1.2,1.2,1.2,1.2,1.2,1.2,3.3,1.7,1.9,1.5,1.2,1.2,3.3,1.7,1.9,1.5,1.2,1.2,1.9,1.5,1.2,1.2,1.9,1.5,1.2,1.2,1.9,1.5,1.2,1.2,1.2,1.2,1.2,1.2,1.2,1.2,1.2,1.2,1.2,1.2,1.2,1.2,1.2,1.2,1.2,1.2,1.2,1.2,1.2,1.2,1.2,1.2,1.9,1.5,1.2,1.2,1.2,1.2,1.9,1.5,1.2,1.2,1.2,1.2,1.2,1.2,1.2,1.2,1.2,1.2,1.2,1.2,1.2,1.2,1.2,1.2,1.2,1.2,1.2,1.2,1.2,1.2,1.2,1.2,1.2,1.2,1.2,1.2,1.2,1.2,1.2,1.2,1.2,1.2,1.2,1.2,1.2,1.2,1.2,1.2,1.2,1.2,1.2,1.2,1.2,1.2,1.2,1.2
0.6660,0.7399,4264.9,93.5,1.74,1052.2,1756.7,2789.6,3766.3,0.759,0.308,3.3,3.3,3.3,3.3,1.9,1.5,1.2,1.2,20.4,18.1,2.6,1.7,1.2,1.2,1.9,1.5,1.2,1.2,3.3,3.3,2.6,1.7,1.2,1.2,3.3,2,2.6,1.7,1.2,1.2,43.3,40.9,3.3,1.7,2.6,1.7,1.2,1.2,27.3,25,3.3,3.3,2.6,1.7,1.2,1.2,2.6,1.7,1.2,1.2,3.3,3.3,2.6,1.7,1.2,1.2,3.3,3.3,2.6,1.7,1.2,1.2,1.2,1.2,2.6,1.7,1.2,1.2,2.6,1.7,1.2,1.2,1.2,1.2,2.6,1.7,1.2,1.2,3.3,3.3,1.2,1.2,34.1,32,3.3,3.3,1.2,1.2,3.3,2,1.2,1.2,1.2,1.2,3.3,2,3.3,3.3,1.9,1.5,1.2,1.2,1.9,1.5,1.2,1.2,3.3,3.3,1.9,1.5,1.2,1.2,1.9,1.5,1.2,1.2,1.2,1.2,1.2,1.2,2.6,1.7,1.2,1.2,1.2,1.2,1.2,1.2,1.2,1.2,1.2,1.2,1.2,1.2,1.2,1.2,1.2,1.2,3.3,1.7,1.9,1.5,1.2,1.2,3.3,1.7,1.9,1.5,1.2,1.2,1.9,1.5,1.2,1.2,1.9,1.5,1.2,1.2,1.9,1.5,1.2,1.2,1.2,1.2,1.2,1.2,1.2,1.2,1.2,1.2,1.2,1.2,1.2,1.2,1.2,1.2,1.2,1.2,1.2,1.2,1.2,1.2,1.2,1.2,1.9,1.5,1.2,1.2,1.2,1.2,1.9,1.5,1.2,1.2,1.2,1.2,1.2,1.2,1.2,1.2,1.2,1.2,1.2,1.2,1.2,1.2,1.2,1.2,1.2,1.2,1.2,1.2,1.2,1.2,1.2,1.2,1.2,1.2,1.2,1.2,1.2,1.2,1.2,1.2,1.2,1.2,1.2,1.2,1.2,1.2,1.2,1.2,1.2,1.2,1.2,1.2,1.2,1.2,1.2,1.2
0.6690,0.7438,4281.6,93.5,1.74,1052.2,1756.7,2793.9,3735.2,0.757,0.305,3.3,3.3,3.3,3.3,1.9,1.5,1.2,1.2,20.5,18.2,2.6,1.7,1.2,1.2,1.9,1.5,1.2,1.2,3.3,3.3,2.6,1.7,1.2,1.2,3.3,2,2.6,1.7,1.2,1.2,43.5,41.2,3.3,1.7,2.6,1.7,1.2,1.2,27.4,25.2,3.3,3.3,2.6,1.7,1.2,1.2,2.6,1.7,1.2,1.2,3.3,3.3,2.6,1.7,1.2,1.2,3.3,3.3,2.6,1.7,1.2,1.2,1.2,1.2,2.6,1.7,1.2,1.2,2.6,1.7,1.2,1.2,1.2,1.2,2.6,1.7,1.2,1.2,3.3,3.3,1.2,1.2,34.3,32.1,3.3,3.3,1.2,1.2,3.3,2,1.2,1.2,1.2,1.2,3.3,2,3.3,3.3,1.9,1.5,1.2,1.2,1.9,1.5,1.2,1.2,3.3,3.3,1.9,1.5,1.2,1.2,1.9,1.5,1.2,1.2,1.2,1.2,1.2,1.2,2.6,1.7,1.2,1.2,1.2,1.2,1.2,1.2,1.2,1.2,1.2,1.2,1.2,1.2,1.2,1.2,1.2,1.2,3.3,1.7,1.9,1.5,1.2,1.2,3.3,1.7,1.9,1.5,1.2,1.2,1.9,1.5,1.2,1.2,1.9,1.5,1.2,1.2,1.9,1.5,1.2,1.2,1.2,1.2,1.2,1.2,1.2,1.2,1.2,1.2,1.2,1.2,1.2,1.2,1.2,1.2,1.2,1.2,1.2,1.2,1.2,1.2,1.2,1.2,1.9,1.5,1.2,1.2,1.2,1.2,1.9,1.5,1.2,1.2,1.2,1.2,1.2,1.2,1.2,1.2,1.2,1.2,1.2,1.2,1.2,1.2,1.2,1.2,1.2,1.2,1.2,1.2,1.2,1.2,1.2,1.2,1.2,1.2,1.2,1.2,1.2,1.2,1.2,1.2,1.2,1.2,1.2,1.2,1.2,1.2,1.2,1.2,1.2,1.2,1.2,1.2,1.2,1.2,1.2,1.2
0.6720,0.7478,4298.7,93.5,1.74,1052.2,1756.7,2798.2,3713.6,0.755,0.302,3.3,3.3,3.3,3.3,1.9,1.5,1.2,1.2,20.6,18.3,2.6,1.7,1.2,1.2,1.9,1.5,1.2,1.2,3.3,3.3,2.6,1.7,1.2,1.2,3.3,2,2.6,1.7,1.2,1.2,43.7,41.4,3.3,1.7,2.6,1.7,1.2,1.2,27.5,25.3,3.3,3.3,2.6,1.7,1.2,1.2,2.6,1.7,1.2,1.2,3.3,3.3,2.6,1.7,1.2,1.2,3.3,3.3,2.6,1.7,1.2,1.2,1.2,1.2,2.6,1.7,1.2,1.2,2.6,1.7,1.2,1.2,1.2,1.2,2.6,1.7,1.2,1.2,3.3,3.3,1.2,1.2,34.5,32.3,3.3,3.3,1.2,1.2,3.3,2,1.2,1.2,1.2,1.2,3.3,2,3.3,3.3,1.9,1.5,1.2,1.2,1.9,1.5,1.2,1.2,3.3,3.3,1.9,1.5,1.2,1.2,1.9,1.5,1.2,1.2,1.2,1.2,1.2,1.2,2.6,1.7,1.2,1.2,1.2,1.2,1.2,1.2,1.2,1.2,1.2,1.2,1.2,1.2,1.2,1.2,1.2,1.2,3.3,1.7,1.9,1.5,1.2,1.2,3.3,1.7,1.9,1.5,1.2,1.2,1.9,1.5,1.2,1.2,1.9,1.5,1.2,1.2,1.9,1.5,1.2,1.2,1.2,1.2,1.2,1.2,1.2,1.2,1.2,1.2,1.2,1.2,1.2,1.2,1.2,1.2,1.2,1.2,1.2,1.2,1.2,1.2,1.2,1.2,1.9,1.5,1.2,1.2,1.2,1.2,1.9,1.5,1.2,1.2,1.2,1.2,1.2,1.2,1.2,1.2,1.2,1.2,1.2,1.2,1.2,1.2,1.2,1.2,1.2,1.2,1.2,1.2,1.2,1.2,1.2,1.2,1.2,1.2,1.2,1.2,1.2,1.2,1.2,1.2,1.2,1.2,1.2,1.2,1.2,1.2,1.2,1.2,1.2,1.2,1.2,1.2,1.2,1.2,1.2,1.2
0.6740,0.7505,4314.9,93.5,1.74,1052.2,1756.7,2802.4,3699.1,0.753,0.299,3.3,3.3,3.3,3.3,1.9,1.5,1.2,1.2,20.7,18.4,2.6,1.7,1.2,1.2,1.9,1.5,1.2,1.2,3.3,3.3,2.6,1.7,1.2,1.2,3.3,2,2.6,1.7,1.2,1.2,43.9,41.6,3.3,1.7,2.6,1.7,1.2,1.2,27.7,25.5,3.3,3.3,2.6,1.7,1.2,1.2,2.6,1.7,1.2,1.2,3.3,3.3,2.6,1.7,1.2,1.2,3.3,3.3,2.6,1.7,1.2,1.2,1.2,1.2,2.6,1.7,1.2,1.2,2.6,1.7,1.2,1.2,1.2,1.2,2.6,1.7,1.2,1.2,3.3,3.3,1.2,1.2,34.6,31.8,3.3,3.3,1.2,1.2,3.3,2,1.2,1.2,1.2,1.2,3.3,2,3.3,3.3,1.9,1.5,1.2,1.2,1.9,1.5,1.2,1.2,3.3,3.3,1.9,1.5,1.2,1.2,1.9,1.5,1.2,1.2,1.2,1.2,1.2,1.2,2.6,1.7,1.2,1.2,1.2,1.2,1.2,1.2,1.2,1.2,1.2,1.2,1.2,1.2,1.2,1.2,1.2,1.2,3.3,1.7,1.9,1.5,1.2,1.2,3.3,1.7,1.9,1.5,1.2,1.2,1.9,1.5,1.2,1.2,1.9,1.5,1.2,1.2,1.9,1.5,1.2,1.2,1.2,1.2,1.2,1.2,1.2,1.2,1.2,1.2,1.2,1.2,1.2,1.2,1.2,1.2,1.2,1.2,1.2,1.2,1.2,1.2,1.2,1.2,1.9,1.5,1.2,1.2,1.2,1.2,1.9,1.5,1.2,1.2,1.2,1.2,1.2,1.2,1.2,1.2,1.2,1.2,1.2,1.2,1.2,1.2,1.2,1.2,1.2,1.2,1.2,1.2,1.2,1.2,1.2,1.2,1.2,1.2,1.2,1.2,1.2,1.2,1.2,1.2,1.2,1.2,1.2,1.2,1.2,1.2,1.2,1.2,1.2,1.2,1.2,1.2,1.2,1.2,1.2,1.2
0.6770,0.7544,4331.6,93.5,1.74,1052.2,1756.7,2805.7,3689.1,0.751,0.296,3.3,3.3,3.3,3.3,1.9,1.5,1.2,1.2,20.8,18.5,2.6,1.7,1.2,1.2,1.9,1.5,1.2,1.2,3.3,3.3,2.6,1.7,1.2,1.2,3.3,2,2.6,1.7,1.2,1.2,44.1,41.8,3.3,1.7,2.6,1.7,1.2,1.2,27.8,25.6,3.3,3.3,2.6,1.7,1.2,1.2,2.6,1.7,1.2,1.2,3.3,3.3,2.6,1.7,1.2,1.2,3.3,3.3,2.6,1.7,1.2,1.2,1.2,1.2,2.6,1.7,1.2,1.2,2.6,1.7,1.2,1.2,1.2,1.2,2.6,1.7,1.2,1.2,3.3,3.3,1.2,1.2,34.8,32.3,3.3,3.3,1.2,1.2,3.3,2,1.2,1.2,1.2,1.2,3.3,2,3.3,3.3,1.9,1.5,1.2,1.2,1.9,1.5,1.2,1.2,3.3,3.3,1.9,1.5,1.2,1.2,1.9,1.5,1.2,1.2,1.2,1.2,1.2,1.2,2.6,1.7,1.2,1.2,1.2,1.2,1.2,1.2,1.2,1.2,1.2,1.2,1.2,1.2,1.2,1.2,1.2,1.2,3.3,1.7,1.9,1.5,1.2,1.2,3.3,1.7,1.9,1.5,1.2,1.2,1.9,1.5,1.2,1.2,1.9,1.5,1.2,1.2,1.9,1.5,1.2,1.2,1.2,1.2,1.2,1.2,1.2,1.2,1.2,1.2,1.2,1.2,1.2,1.2,1.2,1.2,1.2,1.2,1.2,1.2,1.2,1.2,1.2,1.2,1.9,1.5,1.2,1.2,1.2,1.2,1.9,1.5,1.2,1.2,1.2,1.2,1.2,1.2,1.2,1.2,1.2,1.2,1.2,1.2,1.2,1.2,1.2,1.2,1.2,1.2,1.2,1.2,1.2,1.2,1.2,1.2,1.2,1.2,1.2,1.2,1.2,1.2,1.2,1.2,1.2,1.2,1.2,1.2,1.2,1.2,1.2,1.2,1.2,1.2,1.2,1.2,1.2,1.2,1.2,1.2
0.6790,0.7570,4348.5,93.5,1.74,1052.2,1756.7,2808.3,3682.4,0.748,0.293,3.3,3.3,3.3,3.3,1.9,1.5,1.2,1.2,20.9,18.6,2.6,1.7,1.2,1.2,1.9,1.5,1.2,1.2,3.3,3.3,2.6,1.7,1.2,1.2,3.3,2,2.6,1.7,1.2,1.2,44.4,41.8,3.3,1.7,2.6,1.7,1.2,1.2,28,25.7,3.3,3.3,2.6,1.7,1.2,1.2,2.6,1.7,1.2,1.2,3.3,3.3,2.6,1.7,1.2,1.2,3.3,3.3,2.6,1.7,1.2,1.2,1.2,1.2,2.6,1.7,1.2,1.2,2.6,1.7,1.2,1.2,1.2,1.2,2.6,1.7,1.2,1.2,3.3,3.3,1.2,1.2,35,32.7,3.3,3.3,1.2,1.2,3.3,2,1.2,1.2,1.2,1.2,3.3,2,3.3,3.3,1.9,1.5,1.2,1.2,1.9,1.5,1.2,1.2,3.3,3.3,1.9,1.5,1.2,1.2,1.9,1.5,1.2,1.2,1.2,1.2,1.2,1.2,2.6,1.7,1.2,1.2,1.2,1.2,1.2,1.2,1.2,1.2,1.2,1.2,1.2,1.2,1.2,1.2,1.2,1.2,3.3,1.7,1.9,1.5,1.2,1.2,3.3,1.7,1.9,1.5,1.2,1.2,1.9,1.5,1.2,1.2,1.9,1.5,1.2,1.2,1.9,1.5,1.2,1.2,1.2,1.2,1.2,1.2,1.2,1.2,1.2,1.2,1.2,1.2,1.2,1.2,1.2,1.2,1.2,1.2,1.2,1.2,1.2,1.2,1.2,1.2,1.9,1.5,1.2,1.2,1.2,1.2,1.9,1.5,1.2,1.2,1.2,1.2,1.2,1.2,1.2,1.2,1.2,1.2,1.2,1.2,1.2,1.2,1.2,1.2,1.2,1.2,1.2,1.2,1.2,1.2,1.2,1.2,1.2,1.2,1.2,1.2,1.2,1.2,1.2,1.2,1.2,1.2,1.2,1.2,1.2,1.2,1.2,1.2,1.2,1.2,1.2,1.2,1.2,1.2,1.2,1.2
0.6820,0.7609,4365.1,93.5,1.74,1052.2,1756.7,2810.3,3678.3,0.746,0.29,3.3,3.3,3.3,3.3,1.9,1.5,1.2,1.2,21,18.7,2.6,1.7,1.2,1.2,1.9,1.5,1.2,1.2,3.3,3.3,2.6,1.7,1.2,1.2,3.3,2,2.6,1.7,1.2,1.2,44.6,42.3,3.3,1.7,2.6,1.7,1.2,1.2,28.1,25.9,3.3,3.3,2.6,1.7,1.2,1.2,2.6,1.7,1.2,1.2,3.3,3.3,2.6,1.7,1.2,1.2,3.3,3.3,2.6,1.7,1.2,1.2,1.2,1.2,2.6,1.7,1.2,1.2,2.6,1.7,1.2,1.2,1.2,1.2,2.6,1.7,1.2,1.2,3.3,3.3,1.2,1.2,35.2,32.9,3.3,3.3,1.2,1.2,3.3,2,1.2,1.2,1.2,1.2,3.3,2,3.3,3.3,1.9,1.5,1.2,1.2,1.9,1.5,1.2,1.2,3.3,3.3,1.9,1.5,1.2,1.2,1.9,1.5,1.2,1.2,1.2,1.2,1.2,1.2,2.6,1.7,1.2,1.2,1.2,1.2,1.2,1.2,1.2,1.2,1.2,1.2,1.2,1.2,1.2,1.2,1.2,1.2,3.3,1.7,1.9,1.5,1.2,1.2,3.3,1.7,1.9,1.5,1.2,1.2,1.9,1.5,1.2,1.2,1.9,1.5,1.2,1.2,1.9,1.5,1.2,1.2,1.2,1.2,1.2,1.2,1.2,1.2,1.2,1.2,1.2,1.2,1.2,1.2,1.2,1.2,1.2,1.2,1.2,1.2,1.2,1.2,1.2,1.2,1.9,1.5,1.2,1.2,1.2,1.2,1.9,1.5,1.2,1.2,1.2,1.2,1.2,1.2,1.2,1.2,1.2,1.2,1.2,1.2,1.2,1.2,1.2,1.2,1.2,1.2,1.2,1.2,1.2,1.2,1.2,1.2,1.2,1.2,1.2,1.2,1.2,1.2,1.2,1.2,1.2,1.2,1.2,1.2,1.2,1.2,1.2,1.2,1.2,1.2,1.2,1.2,1.2,1.2,1.2,1.2
0.6850,0.7648,4381.8,93.5,1.73,1052.2,1756.7,2812.1,3676.1,0.744,0.287,3.3,3.3,3.3,3.3,1.9,1.5,1.2,1.2,21.1,18.8,2.6,1.7,1.2,1.2,1.9,1.5,1.2,1.2,3.3,3.3,2.6,1.7,1.2,1.2,3.3,2,2.6,1.7,1.2,1.2,44.8,42.5,3.3,1.7,2.6,1.7,1.2,1.2,28.2,25.6,3.3,3.3,2.6,1.7,1.2,1.2,2.6,1.7,1.2,1.2,3.3,3.3,2.6,1.7,1.2,1.2,3.3,3.3,2.6,1.7,1.2,1.2,1.2,1.2,2.6,1.7,1.2,1.2,2.6,1.7,1.2,1.2,1.2,1.2,2.6,1.7,1.2,1.2,3.3,3.3,1.2,1.2,35.3,33.1,3.3,3.3,1.2,1.2,3.3,2,1.2,1.2,1.2,1.2,3.3,2,3.3,3.3,1.9,1.5,1.2,1.2,1.9,1.5,1.2,1.2,3.3,3.3,1.9,1.5,1.2,1.2,1.9,1.5,1.2,1.2,1.2,1.2,1.2,1.2,2.6,1.7,1.2,1.2,1.2,1.2,1.2,1.2,1.2,1.2,1.2,1.2,1.2,1.2,1.2,1.2,1.2,1.2,3.3,1.7,1.9,1.5,1.2,1.2,3.3,1.7,1.9,1.5,1.2,1.2,1.9,1.5,1.2,1.2,1.9,1.5,1.2,1.2,1.9,1.5,1.2,1.2,1.2,1.2,1.2,1.2,1.2,1.2,1.2,1.2,1.2,1.2,1.2,1.2,1.2,1.2,1.2,1.2,1.2,1.2,1.2,1.2,1.2,1.2,1.9,1.5,1.2,1.2,1.2,1.2,1.9,1.5,1.2,1.2,1.2,1.2,1.2,1.2,1.2,1.2,1.2,1.2,1.2,1.2,1.2,1.2,1.2,1.2,1.2,1.2,1.2,1.2,1.2,1.2,1.2,1.2,1.2,1.2,1.2,1.2,1.2,1.2,1.2,1.2,1.2,1.2,1.2,1.2,1.2,1.2,1.2,1.2,1.2,1.2,1.2,1.2,1.2,1.2,1.2,1.2
0.6870,0.7674,4398.4,93.5,1.73,1052.2,1756.7,2813.5,3675.3,0.742,0.284,3.3,3.3,3.3,3.3,1.9,1.5,1.2,1.2,21.3,18.9,2.6,1.7,1.2,1.2,1.9,1.5,1.2,1.2,3.3,3.3,2.6,1.7,1.2,1.2,3.3,2,2.6,1.7,1.2,1.2,45.1,42.8,3.3,1.7,2.6,1.7,1.2,1.2,28.4,26.2,3.3,3.3,2.6,1.7,1.2,1.2,2.6,1.7,1.2,1.2,3.3,3.3,2.6,1.7,1.2,1.2,3.3,3.3,2.6,1.7,1.2,1.2,1.2,1.2,2.6,1.7,1.2,1.2,2.6,1.7,1.2,1.2,1.2,1.2,2.6,1.7,1.2,1.2,3.3,3.3,1.2,1.2,35.5,33.3,3.3,3.3,1.2,1.2,3.3,2,1.2,1.2,1.2,1.2,3.3,2,3.3,3.3,1.9,1.5,1.2,1.2,1.9,1.5,1.2,1.2,3.3,3.3,1.9,1.5,1.2,1.2,1.9,1.5,1.2,1.2,1.2,1.2,1.2,1.2,2.6,1.7,1.2,1.2,1.2,1.2,1.2,1.2,1.2,1.2,1.2,1.2,1.2,1.2,1.2,1.2,1.2,1.2,3.3,1.7,1.9,1.5,1.2,1.2,3.3,1.7,1.9,1.5,1.2,1.2,1.9,1.5,1.2,1.2,1.9,1.5,1.2,1.2,1.9,1.5,1.2,1.2,1.2,1.2,1.2,1.2,1.2,1.2,1.2,1.2,1.2,1.2,1.2,1.2,1.2,1.2,1.2,1.2,1.2,1.2,1.2,1.2,1.2,1.2,1.9,1.5,1.2,1.2,1.2,1.2,1.9,1.5,1.2,1.2,1.2,1.2,1.2,1.2,1.2,1.2,1.2,1.2,1.2,1.2,1.2,1.2,1.2,1.2,1.2,1.2,1.2,1.2,1.2,1.2,1.2,1.2,1.2,1.2,1.2,1.2,1.2,1.2,1.2,1.2,1.2,1.2,1.2,1.2,1.2,1.2,1.2,1.2,1.2,1.2,1.2,1.2,1.2,1.2,1.2,1.2
0.6900,0.7713,4415.8,93.5,1.73,1052.2,1756.7,2814.7,3675.6,0.739,0.281,3.3,3.3,3.3,3.3,1.9,1.5,1.2,1.2,21.4,19.1,2.6,1.7,1.2,1.2,1.9,1.5,1.2,1.2,3.3,3.3,2.6,1.7,1.2,1.2,3.3,2,2.6,1.7,1.2,1.2,45.3,43,3.3,1.7,2.6,1.7,1.2,1.2,28.5,26.3,3.3,3.3,2.6,1.7,1.2,1.2,2.6,1.7,1.2,1.2,3.3,3.3,2.6,1.7,1.2,1.2,3.3,3.3,2.6,1.7,1.2,1.2,1.2,1.2,2.6,1.7,1.2,1.2,2.6,1.7,1.2,1.2,1.2,1.2,2.6,1.7,1.2,1.2,3.3,3.3,1.2,1.2,35.7,33.5,3.3,3.3,1.2,1.2,3.3,2,1.2,1.2,1.2,1.2,3.3,2,3.3,3.3,1.9,1.5,1.2,1.2,1.9,1.5,1.2,1.2,3.3,3.3,1.9,1.5,1.2,1.2,1.9,1.5,1.2,1.2,1.2,1.2,1.2,1.2,2.6,1.7,1.2,1.2,1.2,1.2,1.2,1.2,1.2,1.2,1.2,1.2,1.2,1.2,1.2,1.2,1.2,1.2,3.3,1.7,1.9,1.5,1.2,1.2,3.3,1.7,1.9,1.5,1.2,1.2,1.9,1.5,1.2,1.2,1.9,1.5,1.2,1.2,1.9,1.5,1.2,1.2,1.2,1.2,1.2,1.2,1.2,1.2,1.2,1.2,1.2,1.2,1.2,1.2,1.2,1.2,1.2,1.2,1.2,1.2,1.2,1.2,1.2,1.2,1.9,1.5,1.2,1.2,1.2,1.2,1.9,1.5,1.2,1.2,1.2,1.2,1.2,1.2,1.2,1.2,1.2,1.2,1.2,1.2,1.2,1.2,1.2,1.2,1.2,1.2,1.2,1.2,1.2,1.2,1.2,1.2,1.2,1.2,1.2,1.2,1.2,1.2,1.2,1.2,1.2,1.2,1.2,1.2,1.2,1.2,1.2,1.2,1.2,1.2,1.2,1.2,1.2,1.2,1.2,1.2
0.6930,0.7751,4431.8,93.5,1.73,1052.2,1756.7,2815.8,3676.7,0.737,0.278,3.3,3.3,3.3,3.3,1.9,1.5,1.2,1.2,21.5,19.2,2.6,1.7,1.2,1.2,1.9,1.5,1.2,1.2,3.3,3.3,2.6,1.7,1.2,1.2,3.3,2,2.6,1.7,1.2,1.2,45.5,43.2,3.3,1.7,2.6,1.7,1.2,1.2,28.7,26.5,3.3,3.3,2.6,1.7,1.2,1.2,2.6,1.7,1.2,1.2,3.3,3.3,2.6,1.7,1.2,1.2,3.3,3.3,2.6,1.7,1.2,1.2,1.2,1.2,2.6,1.7,1.2,1.2,2.6,1.7,1.2,1.2,1.2,1.2,2.6,1.7,1.2,1.2,3.3,3.3,1.2,1.2,35.9,33.7,3.3,3.3,1.2,1.2,3.3,2,1.2,1.2,1.2,1.2,3.3,2,3.3,3.3,1.9,1.5,1.2,1.2,1.9,1.5,1.2,1.2,3.3,3.3,1.9,1.5,1.2,1.2,1.9,1.5,1.2,1.2,1.2,1.2,1.2,1.2,2.6,1.7,1.2,1.2,1.2,1.2,1.2,1.2,1.2,1.2,1.2,1.2,1.2,1.2,1.2,1.2,1.2,1.2,3.3,1.7,1.9,1.5,1.2,1.2,3.3,1.7,1.9,1.5,1.2,1.2,1.9,1.5,1.2,1.2,1.9,1.5,1.2,1.2,1.9,1.5,1.2,1.2,1.2,1.2,1.2,1.2,1.2,1.2,1.2,1.2,1.2,1.2,1.2,1.2,1.2,1.2,1.2,1.2,1.2,1.2,1.2,1.2,1.2,1.2,1.9,1.5,1.2,1.2,1.2,1.2,1.9,1.5,1.2,1.2,1.2,1.2,1.2,1.2,1.2,1.2,1.2,1.2,1.2,1.2,1.2,1.2,1.2,1.2,1.2,1.2,1.2,1.2,1.2,1.2,1.2,1.2,1.2,1.2,1.2,1.2,1.2,1.2,1.2,1.2,1.2,1.2,1.2,1.2,1.2,1.2,1.2,1.2,1.2,1.2,1.2,1.2,1.2,1.2,1.2,1.2
0.6950,0.7777,4448.4,93.5,1.73,1052.2,1756.7,2816.7,3678.4,0.734,0.275,3.3,3.3,3.3,3.3,1.9,1.5,1.2,1.2,21.6,19.3,2.6,1.7,1.2,1.2,1.9,1.5,1.2,1.2,3.3,3.3,2.6,1.7,1.2,1.2,3.3,2,2.6,1.7,1.2,1.2,45.8,43.5,3.3,1.7,2.6,1.7,1.2,1.2,28.8,26.6,3.3,3.3,2.6,1.7,1.2,1.2,2.6,1.7,1.2,1.2,3.3,3.3,2.6,1.7,1.2,1.2,3.3,3.3,2.6,1.7,1.2,1.2,1.2,1.2,2.6,1.7,1.2,1.2,2.6,1.7,1.2,1.2,1.2,1.2,2.6,1.7,1.2,1.2,3.3,3.3,1.2,1.2,36.1,33.8,3.3,3.3,1.2,1.2,3.3,2,1.2,1.2,1.2,1.2,3.3,2,3.3,3.3,1.9,1.5,1.2,1.2,1.9,1.5,1.2,1.2,3.3,3.3,1.9,1.5,1.2,1.2,1.9,1.5,1.2,1.2,1.2,1.2,1.2,1.2,2.6,1.7,1.2,1.2,1.2,1.2,1.2,1.2,1.2,1.2,1.2,1.2,1.2,1.2,1.2,1.2,1.2,1.2,3.3,1.7,1.9,1.5,1.2,1.2,3.3,1.7,1.9,1.5,1.2,1.2,1.9,1.5,1.2,1.2,1.9,1.5,1.2,1.2,1.9,1.5,1.2,1.2,1.2,1.2,1.2,1.2,1.2,1.2,1.2,1.2,1.2,1.2,1.2,1.2,1.2,1.2,1.2,1.2,1.2,1.2,1.2,1.2,1.2,1.2,1.9,1.5,1.2,1.2,1.2,1.2,1.9,1.5,1.2,1.2,1.2,1.2,1.2,1.2,1.2,1.2,1.2,1.2,1.2,1.2,1.2,1.2,1.2,1.2,1.2,1.2,1.2,1.2,1.2,1.2,1.2,1.2,1.2,1.2,1.2,1.2,1.2,1.2,1.2,1.2,1.2,1.2,1.2,1.2,1.2,1.2,1.2,1.2,1.2,1.2,1.2,1.2,1.2,1.2,1.2,1.2
0.6980,0.7815,4465.1,93.5,1.73,1052.2,1756.7,2817.6,3680.6,0.732,0.272,3.3,3.3,3.3,3.3,1.9,1.5,1.2,1.2,21.7,19.4,2.6,1.7,1.2,1.2,1.9,1.5,1.2,1.2,3.3,3.3,2.6,1.7,1.2,1.2,3.3,2,2.6,1.7,1.2,1.2,46,43.7,3.3,1.7,2.6,1.7,1.2,1.2,29,26.8,3.3,3.3,2.6,1.7,1.2,1.2,2.6,1.7,1.2,1.2,3.3,3.3,2.6,1.7,1.2,1.2,3.3,3.3,2.6,1.7,1.2,1.2,1.2,1.2,2.6,1.7,1.2,1.2,2.6,1.7,1.2,1.2,1.2,1.2,2.6,1.7,1.2,1.2,3.3,3.3,1.2,1.2,36.3,34,3.3,3.3,1.2,1.2,3.3,2,1.2,1.2,1.2,1.2,3.3,2,3.3,3.3,1.9,1.5,1.2,1.2,1.9,1.5,1.2,1.2,3.3,3.3,1.9,1.5,1.2,1.2,1.9,1.5,1.2,1.2,1.2,1.2,1.2,1.2,2.6,1.7,1.2,1.2,1.2,1.2,1.2,1.2,1.2,1.2,1.2,1.2,1.2,1.2,1.2,1.2,1.2,1.2,3.3,1.7,1.9,1.5,1.2,1.2,3.3,1.7,1.9,1.5,1.2,1.2,1.9,1.5,1.2,1.2,1.9,1.5,1.2,1.2,1.9,1.5,1.2,1.2,1.2,1.2,1.2,1.2,1.2,1.2,1.2,1.2,1.2,1.2,1.2,1.2,1.2,1.2,1.2,1.2,1.2,1.2,1.2,1.2,1.2,1.2,1.9,1.5,1.2,1.2,1.2,1.2,1.9,1.5,1.2,1.2,1.2,1.2,1.2,1.2,1.2,1.2,1.2,1.2,1.2,1.2,1.2,1.2,1.2,1.2,1.2,1.2,1.2,1.2,1.2,1.2,1.2,1.2,1.2,1.2,1.2,1.2,1.2,1.2,1.2,1.2,1.2,1.2,1.2,1.2,1.2,1.2,1.2,1.2,1.2,1.2,1.2,1.2,1.2,1.2,1.2,1.2
0.7000,0.7840,4481.7,93.5,1.73,1052.2,1756.7,2818.4,3683.1,0.73,0.269,3.3,3.3,3.3,3.3,1.9,1.5,1.2,1.2,21.8,19.5,2.6,1.7,1.2,1.2,1.9,1.5,1.2,1.2,3.3,3.3,2.6,1.7,1.2,1.2,3.3,2,2.6,1.7,1.2,1.2,46.3,44,3.3,1.7,2.6,1.7,1.2,1.2,29.2,26.9,3.3,3.3,2.6,1.7,1.2,1.2,2.6,1.7,1.2,1.2,3.3,3.3,2.6,1.7,1.2,1.2,3.3,3.3,2.6,1.7,1.2,1.2,1.2,1.2,2.6,1.7,1.2,1.2,2.6,1.7,1.2,1.2,1.2,1.2,2.6,1.7,1.2,1.2,3.3,3.3,1.2,1.2,36.5,34.2,3.3,3.3,1.2,1.2,3.3,2,1.2,1.2,1.2,1.2,3.3,2,3.3,3.3,1.9,1.5,1.2,1.2,1.9,1.5,1.2,1.2,3.3,3.3,1.9,1.5,1.2,1.2,1.9,1.5,1.2,1.2,1.2,1.2,1.2,1.2,2.6,1.7,1.2,1.2,1.2,1.2,1.2,1.2,1.2,1.2,1.2,1.2,1.2,1.2,1.2,1.2,1.2,1.2,3.3,1.7,1.9,1.5,1.2,1.2,3.3,1.7,1.9,1.5,1.2,1.2,1.9,1.5,1.2,1.2,1.9,1.5,1.2,1.2,1.9,1.5,1.2,1.2,1.2,1.2,1.2,1.2,1.2,1.2,1.2,1.2,1.2,1.2,1.2,1.2,1.2,1.2,1.2,1.2,1.2,1.2,1.2,1.2,1.2,1.2,1.9,1.5,1.2,1.2,1.2,1.2,1.9,1.5,1.2,1.2,1.2,1.2,1.2,1.2,1.2,1.2,1.2,1.2,1.2,1.2,1.2,1.2,1.2,1.2,1.2,1.2,1.2,1.2,1.2,1.2,1.2,1.2,1.2,1.2,1.2,1.2,1.2,1.2,1.2,1.2,1.2,1.2,1.2,1.2,1.2,1.2,1.2,1.2,1.2,1.2,1.2,1.2,1.2,1.2,1.2,1.2
0.7030,0.7878,4498.5,93.5,1.73,1052.2,1756.7,2819.1,3685.8,0.727,0.266,3.3,3.3,3.3,3.3,1.9,1.5,1.2,1.2,21.9,19.6,2.6,1.7,1.2,1.2,1.9,1.5,1.2,1.2,3.3,3.3,2.6,1.7,1.2,1.2,3.3,2,2.6,1.7,1.2,1.2,46.5,44.2,3.3,1.7,2.6,1.7,1.2,1.2,29.3,27.1,3.3,3.3,2.6,1.7,1.2,1.2,2.6,1.7,1.2,1.2,3.3,3.3,2.6,1.7,1.2,1.2,3.3,3.3,2.6,1.7,1.2,1.2,1.2,1.2,2.6,1.7,1.2,1.2,2.6,1.7,1.2,1.2,1.2,1.2,2.6,1.7,1.2,1.2,3.3,3.3,1.2,1.2,36.7,34.4,3.3,3.3,1.2,1.2,3.3,2,1.2,1.2,1.2,1.2,3.3,2,3.3,3.3,1.9,1.5,1.2,1.2,1.9,1.5,1.2,1.2,3.3,3.3,1.9,1.5,1.2,1.2,1.9,1.5,1.2,1.2,1.2,1.2,1.2,1.2,2.6,1.7,1.2,1.2,1.2,1.2,1.2,1.2,1.2,1.2,1.2,1.2,1.2,1.2,1.2,1.2,1.2,1.2,3.3,1.7,1.9,1.5,1.2,1.2,3.3,1.7,1.9,1.5,1.2,1.2,1.9,1.5,1.2,1.2,1.9,1.5,1.2,1.2,1.9,1.5,1.2,1.2,1.2,1.2,1.2,1.2,1.2,1.2,1.2,1.2,1.2,1.2,1.2,1.2,1.2,1.2,1.2,1.2,1.2,1.2,1.2,1.2,1.2,1.2,1.9,1.5,1.2,1.2,1.2,1.2,1.9,1.5,1.2,1.2,1.2,1.2,1.2,1.2,1.2,1.2,1.2,1.2,1.2,1.2,1.2,1.2,1.2,1.2,1.2,1.2,1.2,1.2,1.2,1.2,1.2,1.2,1.2,1.2,1.2,1.2,1.2,1.2,1.2,1.2,1.2,1.2,1.2,1.2,1.2,1.2,1.2,1.2,1.2,1.2,1.2,1.2,1.2,1.2,1.2,1.2
0.7050,0.7903,4515,93.5,1.73,1052.2,1756.7,2819.8,3688.8,0.725,0.263,3.3,3.3,3.3,3.3,1.9,1.5,1.2,1.2,22.1,19.5,2.6,1.7,1.2,1.2,1.9,1.5,1.2,1.2,3.3,3.3,2.6,1.7,1.2,1.2,3.3,2,2.6,1.7,1.2,1.2,46.8,44.1,3.3,1.7,2.6,1.7,1.2,1.2,29.5,27.2,3.3,3.3,2.6,1.7,1.2,1.2,2.6,1.7,1.2,1.2,3.3,3.3,2.6,1.7,1.2,1.2,3.3,3.3,2.6,1.7,1.2,1.2,1.2,1.2,2.6,1.7,1.2,1.2,2.6,1.7,1.2,1.2,1.2,1.2,2.6,1.7,1.2,1.2,3.3,3.3,1.2,1.2,36.9,34.6,3.3,3.3,1.2,1.2,3.3,2,1.2,1.2,1.2,1.2,3.3,2,3.3,3.3,1.9,1.5,1.2,1.2,1.9,1.5,1.2,1.2,3.3,3.3,1.9,1.5,1.2,1.2,1.9,1.5,1.2,1.2,1.2,1.2,1.2,1.2,2.6,1.7,1.2,1.2,1.2,1.2,1.2,1.2,1.2,1.2,1.2,1.2,1.2,1.2,1.2,1.2,1.2,1.2,3.3,1.7,1.9,1.5,1.2,1.2,3.3,1.7,1.9,1.5,1.2,1.2,1.9,1.5,1.2,1.2,1.9,1.5,1.2,1.2,1.9,1.5,1.2,1.2,1.2,1.2,1.2,1.2,1.2,1.2,1.2,1.2,1.2,1.2,1.2,1.2,1.2,1.2,1.2,1.2,1.2,1.2,1.2,1.2,1.2,1.2,1.9,1.5,1.2,1.2,1.2,1.2,1.9,1.5,1.2,1.2,1.2,1.2,1.2,1.2,1.2,1.2,1.2,1.2,1.2,1.2,1.2,1.2,1.2,1.2,1.2,1.2,1.2,1.2,1.2,1.2,1.2,1.2,1.2,1.2,1.2,1.2,1.2,1.2,1.2,1.2,1.2,1.2,1.2,1.2,1.2,1.2,1.2,1.2,1.2,1.2,1.2,1.2,1.2,1.2,1.2,1.2
0.7080,0.7940,4531.7,93.5,1.73,1052.2,1756.7,2820.5,3692,0.722,0.26,3.3,3.3,3.3,3.3,1.9,1.5,1.2,1.2,22.2,19.6,2.6,1.7,1.2,1.2,1.9,1.5,1.2,1.2,3.3,3.3,2.6,1.7,1.2,1.2,3.3,2,2.6,1.7,1.2,1.2,47,44.7,3.3,1.7,2.6,1.7,1.2,1.2,29.6,27.4,3.3,3.3,2.6,1.7,1.2,1.2,2.6,1.7,1.2,1.2,3.3,3.3,2.6,1.7,1.2,1.2,3.3,3.3,2.6,1.7,1.2,1.2,1.2,1.2,2.6,1.7,1.2,1.2,2.6,1.7,1.2,1.2,1.2,1.2,2.6,1.7,1.2,1.2,3.3,3.3,1.2,1.2,37.1,34.8,3.3,3.3,1.2,1.2,3.3,2,1.2,1.2,1.2,1.2,3.3,2,3.3,3.3,1.9,1.5,1.2,1.2,1.9,1.5,1.2,1.2,3.3,3.3,1.9,1.5,1.2,1.2,1.9,1.5,1.2,1.2,1.2,1.2,1.2,1.2,2.6,1.7,1.2,1.2,1.2,1.2,1.2,1.2,1.2,1.2,1.2,1.2,1.2,1.2,1.2,1.2,1.2,1.2,3.3,1.7,1.9,1.5,1.2,1.2,3.3,1.7,1.9,1.5,1.2,1.2,1.9,1.5,1.2,1.2,1.9,1.5,1.2,1.2,1.9,1.5,1.2,1.2,1.2,1.2,1.2,1.2,1.2,1.2,1.2,1.2,1.2,1.2,1.2,1.2,1.2,1.2,1.2,1.2,1.2,1.2,1.2,1.2,1.2,1.2,1.9,1.5,1.2,1.2,1.2,1.2,1.9,1.5,1.2,1.2,1.2,1.2,1.2,1.2,1.2,1.2,1.2,1.2,1.2,1.2,1.2,1.2,1.2,1.2,1.2,1.2,1.2,1.2,1.2,1.2,1.2,1.2,1.2,1.2,1.2,1.2,1.2,1.2,1.2,1.2,1.2,1.2,1.2,1.2,1.2,1.2,1.2,1.2,1.2,1.2,1.2,1.2,1.2,1.2,1.2,1.2
0.7110,0.7977,4548.4,93.5,1.72,1052.2,1756.7,2821.2,3695.2,0.72,0.257,3.3,3.3,3.3,3.3,1.9,1.5,1.2,1.2,22.3,20,2.6,1.7,1.2,1.2,1.9,1.5,1.2,1.2,3.3,3.3,2.6,1.7,1.2,1.2,3.3,2,2.6,1.7,1.2,1.2,47.3,44.9,3.3,1.7,2.6,1.7,1.2,1.2,29.8,27.5,3.3,3.3,2.6,1.7,1.2,1.2,2.6,1.7,1.2,1.2,3.3,3.3,2.6,1.7,1.2,1.2,3.3,3.3,2.6,1.7,1.2,1.2,1.2,1.2,2.6,1.7,1.2,1.2,2.6,1.7,1.2,1.2,1.2,1.2,2.6,1.7,1.2,1.2,3.3,3.3,1.2,1.2,37.3,35,3.3,3.3,1.2,1.2,3.3,2,1.2,1.2,1.2,1.2,3.3,2,3.3,3.3,1.9,1.5,1.2,1.2,1.9,1.5,1.2,1.2,3.3,3.3,1.9,1.5,1.2,1.2,1.9,1.5,1.2,1.2,1.2,1.2,1.2,1.2,2.6,1.7,1.2,1.2,1.2,1.2,1.2,1.2,1.2,1.2,1.2,1.2,1.2,1.2,1.2,1.2,1.2,1.2,3.3,1.7,1.9,1.5,1.2,1.2,3.3,1.7,1.9,1.5,1.2,1.2,1.9,1.5,1.2,1.2,1.9,1.5,1.2,1.2,1.9,1.5,1.2,1.2,1.2,1.2,1.2,1.2,1.2,1.2,1.2,1.2,1.2,1.2,1.2,1.2,1.2,1.2,1.2,1.2,1.2,1.2,1.2,1.2,1.2,1.2,1.9,1.5,1.2,1.2,1.2,1.2,1.9,1.5,1.2,1.2,1.2,1.2,1.2,1.2,1.2,1.2,1.2,1.2,1.2,1.2,1.2,1.2,1.2,1.2,1.2,1.2,1.2,1.2,1.2,1.2,1.2,1.2,1.2,1.2,1.2,1.2,1.2,1.2,1.2,1.2,1.2,1.2,1.2,1.2,1.2,1.2,1.2,1.2,1.2,1.2,1.2,1.2,1.2,1.2,1.2,1.2
0.7130,0.8002,4565.2,93.5,1.72,1052.2,1756.7,2821.9,3698.5,0.717,0.254,3.3,3.3,3.3,3.3,1.9,1.5,1.2,1.2,22.4,20.1,2.6,1.7,1.2,1.2,1.9,1.5,1.2,1.2,3.3,3.3,2.6,1.7,1.2,1.2,3.3,2,2.6,1.7,1.2,1.2,47.5,45.2,3.3,1.7,2.6,1.7,1.2,1.2,30,27.7,3.3,3.3,2.6,1.7,1.2,1.2,2.6,1.7,1.2,1.2,3.3,3.3,2.6,1.7,1.2,1.2,3.3,3.3,2.6,1.7,1.2,1.2,1.2,1.2,2.6,1.7,1.2,1.2,2.6,1.7,1.2,1.2,1.2,1.2,2.6,1.7,1.2,1.2,3.3,3.3,1.2,1.2,37.5,35.2,3.3,3.3,1.2,1.2,3.3,2,1.2,1.2,1.2,1.2,3.3,2,3.3,3.3,1.9,1.5,1.2,1.2,1.9,1.5,1.2,1.2,3.3,3.3,1.9,1.5,1.2,1.2,1.9,1.5,1.2,1.2,1.2,1.2,1.2,1.2,2.6,1.7,1.2,1.2,1.2,1.2,1.2,1.2,1.2,1.2,1.2,1.2,1.2,1.2,1.2,1.2,1.2,1.2,3.3,1.7,1.9,1.5,1.2,1.2,3.3,1.7,1.9,1.5,1.2,1.2,1.9,1.5,1.2,1.2,1.9,1.5,1.2,1.2,1.9,1.5,1.2,1.2,1.2,1.2,1.2,1.2,1.2,1.2,1.2,1.2,1.2,1.2,1.2,1.2,1.2,1.2,1.2,1.2,1.2,1.2,1.2,1.2,1.2,1.2,1.9,1.5,1.2,1.2,1.2,1.2,1.9,1.5,1.2,1.2,1.2,1.2,1.2,1.2,1.2,1.2,1.2,1.2,1.2,1.2,1.2,1.2,1.2,1.2,1.2,1.2,1.2,1.2,1.2,1.2,1.2,1.2,1.2,1.2,1.2,1.2,1.2,1.2,1.2,1.2,1.2,1.2,1.2,1.2,1.2,1.2,1.2,1.2,1.2,1.2,1.2,1.2,1.2,1.2,1.2,1.2
0.7160,0.8038,4581.7,93.5,1.72,1052.2,1756.7,2822.5,3701.9,0.714,0.251,3.3,3.3,3.3,3.3,1.9,1.5,1.2,1.2,22.5,20.2,2.6,1.7,1.2,1.2,1.9,1.5,1.2,1.2,3.3,3.3,2.6,1.7,1.2,1.2,3.3,2,2.6,1.7,1.2,1.2,47.8,45.5,3.3,1.7,2.6,1.7,1.2,1.2,30.1,27.9,3.3,3.3,2.6,1.7,1.2,1.2,2.6,1.7,1.2,1.2,3.3,3.3,2.6,1.7,1.2,1.2,3.3,3.3,2.6,1.7,1.2,1.2,1.2,1.2,2.6,1.7,1.2,1.2,2.6,1.7,1.2,1.2,1.2,1.2,2.6,1.7,1.2,1.2,3.3,3.3,1.2,1.2,37.7,35.4,3.3,3.3,1.2,1.2,3.3,2,1.2,1.2,1.2,1.2,3.3,2,3.3,3.3,1.9,1.5,1.2,1.2,1.9,1.5,1.2,1.2,3.3,3.3,1.9,1.5,1.2,1.2,1.9,1.5,1.2,1.2,1.2,1.2,1.2,1.2,2.6,1.7,1.2,1.2,1.2,1.2,1.2,1.2,1.2,1.2,1.2,1.2,1.2,1.2,1.2,1.2,1.2,1.2,3.3,1.7,1.9,1.5,1.2,1.2,3.3,1.7,1.9,1.5,1.2,1.2,1.9,1.5,1.2,1.2,1.9,1.5,1.2,1.2,1.9,1.5,1.2,1.2,1.2,1.2,1.2,1.2,1.2,1.2,1.2,1.2,1.2,1.2,1.2,1.2,1.2,1.2,1.2,1.2,1.2,1.2,1.2,1.2,1.2,1.2,1.9,1.5,1.2,1.2,1.2,1.2,1.9,1.5,1.2,1.2,1.2,1.2,1.2,1.2,1.2,1.2,1.2,1.2,1.2,1.2,1.2,1.2,1.2,1.2,1.2,1.2,1.2,1.2,1.2,1.2,1.2,1.2,1.2,1.2,1.2,1.2,1.2,1.2,1.2,1.2,1.2,1.2,1.2,1.2,1.2,1.2,1.2,1.2,1.2,1.2,1.2,1.2,1.2,1.2,1.2,1.2
0.7180,0.8063,4598.5,93.5,1.72,1052.2,1756.7,2823.2,3705.4,0.712,0.248,3.3,3.3,3.3,3.3,1.9,1.5,1.2,1.2,22.7,20.3,2.6,1.7,1.2,1.2,1.9,1.5,1.2,1.2,3.3,3.3,2.6,1.7,1.2,1.2,3.3,2,2.6,1.7,1.2,1.2,48.1,45.7,3.3,1.7,2.6,1.7,1.2,1.2,30.3,28,3.3,3.3,2.6,1.7,1.2,1.2,2.6,1.7,1.2,1.2,3.3,3.3,2.6,1.7,1.2,1.2,3.3,3.3,2.6,1.7,1.2,1.2,1.2,1.2,2.6,1.7,1.2,1.2,2.6,1.7,1.2,1.2,1.2,1.2,2.6,1.7,1.2,1.2,3.3,3.3,1.2,1.2,37.9,35.6,3.3,3.3,1.2,1.2,3.3,2,1.2,1.2,1.2,1.2,3.3,2,3.3,3.3,1.9,1.5,1.2,1.2,1.9,1.5,1.2,1.2,3.3,3.3,1.9,1.5,1.2,1.2,1.9,1.5,1.2,1.2,1.2,1.2,1.2,1.2,2.6,1.7,1.2,1.2,1.2,1.2,1.2,1.2,1.2,1.2,1.2,1.2,1.2,1.2,1.2,1.2,1.2,1.2,3.3,1.7,1.9,1.5,1.2,1.2,3.3,1.7,1.9,1.5,1.2,1.2,1.9,1.5,1.2,1.2,1.9,1.5,1.2,1.2,1.9,1.5,1.2,1.2,1.2,1.2,1.2,1.2,1.2,1.2,1.2,1.2,1.2,1.2,1.2,1.2,1.2,1.2,1.2,1.2,1.2,1.2,1.2,1.2,1.2,1.2,1.9,1.5,1.2,1.2,1.2,1.2,1.9,1.5,1.2,1.2,1.2,1.2,1.2,1.2,1.2,1.2,1.2,1.2,1.2,1.2,1.2,1.2,1.2,1.2,1.2,1.2,1.2,1.2,1.2,1.2,1.2,1.2,1.2,1.2,1.2,1.2,1.2,1.2,1.2,1.2,1.2,1.2,1.2,1.2,1.2,1.2,1.2,1.2,1.2,1.2,1.2,1.2,1.2,1.2,1.2,1.2
0.7210,0.8099,4615.6,93.5,1.72,1052.2,1756.7,2823.8,3708.9,0.709,0.245,3.3,3.3,3.3,3.3,1.9,1.5,1.2,1.2,22.8,20.4,2.6,1.7,1.2,1.2,1.9,1.5,1.2,1.2,3.3,3.3,2.6,1.7,1.2,1.2,3.3,2,2.6,1.7,1.2,1.2,48.3,46,3.3,1.7,2.6,1.7,1.2,1.2,30.5,28.2,3.3,3.3,2.6,1.7,1.2,1.2,2.6,1.7,1.2,1.2,3.3,3.3,2.6,1.7,1.2,1.2,3.3,3.3,2.6,1.7,1.2,1.2,1.2,1.2,2.6,1.7,1.2,1.2,2.6,1.7,1.2,1.2,1.2,1.2,2.6,1.7,1.2,1.2,3.3,3.3,1.2,1.2,38.1,35.8,3.3,3.3,1.2,1.2,3.3,2,1.2,1.2,1.2,1.2,3.3,2,3.3,3.3,1.9,1.5,1.2,1.2,1.9,1.5,1.2,1.2,3.3,3.3,1.9,1.5,1.2,1.2,1.9,1.5,1.2,1.2,1.2,1.2,1.2,1.2,2.6,1.7,1.2,1.2,1.2,1.2,1.2,1.2,1.2,1.2,1.2,1.2,1.2,1.2,1.2,1.2,1.2,1.2,3.3,1.7,1.9,1.5,1.2,1.2,3.3,1.7,1.9,1.5,1.2,1.2,1.9,1.5,1.2,1.2,1.9,1.5,1.2,1.2,1.9,1.5,1.2,1.2,1.2,1.2,1.2,1.2,1.2,1.2,1.2,1.2,1.2,1.2,1.2,1.2,1.2,1.2,1.2,1.2,1.2,1.2,1.2,1.2,1.2,1.2,1.9,1.5,1.2,1.2,1.2,1.2,1.9,1.5,1.2,1.2,1.2,1.2,1.2,1.2,1.2,1.2,1.2,1.2,1.2,1.2,1.2,1.2,1.2,1.2,1.2,1.2,1.2,1.2,1.2,1.2,1.2,1.2,1.2,1.2,1.2,1.2,1.2,1.2,1.2,1.2,1.2,1.2,1.2,1.2,1.2,1.2,1.2,1.2,1.2,1.2,1.2,1.2,1.2,1.2,1.2,1.2
0.7240,0.8135,4631.9,93.5,1.72,1052.2,1756.7,2824.4,3712.4,0.706,0.242,3.3,3.3,3.3,3.3,1.9,1.5,1.2,1.2,22.9,20.6,2.6,1.7,1.2,1.2,1.9,1.5,1.2,1.2,3.3,3.3,2.6,1.7,1.2,1.2,3.3,2,2.6,1.7,1.2,1.2,48.6,46.3,3.3,1.7,2.6,1.7,1.2,1.2,30.6,27.9,3.3,3.3,2.6,1.7,1.2,1.2,2.6,1.7,1.2,1.2,3.3,3.3,2.6,1.7,1.2,1.2,3.3,3.3,2.6,1.7,1.2,1.2,1.2,1.2,2.6,1.7,1.2,1.2,2.6,1.7,1.2,1.2,1.2,1.2,2.6,1.7,1.2,1.2,3.3,3.3,1.2,1.2,38.3,36,3.3,3.3,1.2,1.2,3.3,2,1.2,1.2,1.2,1.2,3.3,2,3.3,3.3,1.9,1.5,1.2,1.2,1.9,1.5,1.2,1.2,3.3,3.3,1.9,1.5,1.2,1.2,1.9,1.5,1.2,1.2,1.2,1.2,1.2,1.2,2.6,1.7,1.2,1.2,1.2,1.2,1.2,1.2,1.2,1.2,1.2,1.2,1.2,1.2,1.2,1.2,1.2,1.2,3.3,1.7,1.9,1.5,1.2,1.2,3.3,1.7,1.9,1.5,1.2,1.2,1.9,1.5,1.2,1.2,1.9,1.5,1.2,1.2,1.9,1.5,1.2,1.2,1.2,1.2,1.2,1.2,1.2,1.2,1.2,1.2,1.2,1.2,1.2,1.2,1.2,1.2,1.2,1.2,1.2,1.2,1.2,1.2,1.2,1.2,1.9,1.5,1.2,1.2,1.2,1.2,1.9,1.5,1.2,1.2,1.2,1.2,1.2,1.2,1.2,1.2,1.2,1.2,1.2,1.2,1.2,1.2,1.2,1.2,1.2,1.2,1.2,1.2,1.2,1.2,1.2,1.2,1.2,1.2,1.2,1.2,1.2,1.2,1.2,1.2,1.2,1.2,1.2,1.2,1.2,1.2,1.2,1.2,1.2,1.2,1.2,1.2,1.2,1.2,1.2,1.2
0.7260,0.8159,4648.6,93.5,1.72,1052.2,1756.7,2825.1,3716,0.704,0.239,3.3,3.3,3.3,3.3,1.9,1.5,1.2,1.2,23.1,20.7,2.6,1.7,1.2,1.2,1.9,1.5,1.2,1.2,3.3,3.3,2.6,1.7,1.2,1.2,3.3,2,2.6,1.7,1.2,1.2,48.9,46.5,3.3,1.7,2.6,1.7,1.2,1.2,30.8,28.3,3.3,3.3,2.6,1.7,1.2,1.2,2.6,1.7,1.2,1.2,3.3,3.3,2.6,1.7,1.2,1.2,3.3,3.3,2.6,1.7,1.2,1.2,1.2,1.2,2.6,1.7,1.2,1.2,2.6,1.7,1.2,1.2,1.2,1.2,2.6,1.7,1.2,1.2,3.3,3.3,1.2,1.2,38.5,36.2,3.3,3.3,1.2,1.2,3.3,2,1.2,1.2,1.2,1.2,3.3,2,3.3,3.3,1.9,1.5,1.2,1.2,1.9,1.5,1.2,1.2,3.3,3.3,1.9,1.5,1.2,1.2,1.9,1.5,1.2,1.2,1.2,1.2,1.2,1.2,2.6,1.7,1.2,1.2,1.2,1.2,1.2,1.2,1.2,1.2,1.2,1.2,1.2,1.2,1.2,1.2,1.2,1.2,3.3,1.7,1.9,1.5,1.2,1.2,3.3,1.7,1.9,1.5,1.2,1.2,1.9,1.5,1.2,1.2,1.9,1.5,1.2,1.2,1.9,1.5,1.2,1.2,1.2,1.2,1.2,1.2,1.2,1.2,1.2,1.2,1.2,1.2,1.2,1.2,1.2,1.2,1.2,1.2,1.2,1.2,1.2,1.2,1.2,1.2,1.9,1.5,1.2,1.2,1.2,1.2,1.9,1.5,1.2,1.2,1.2,1.2,1.2,1.2,1.2,1.2,1.2,1.2,1.2,1.2,1.2,1.2,1.2,1.2,1.2,1.2,1.2,1.2,1.2,1.2,1.2,1.2,1.2,1.2,1.2,1.2,1.2,1.2,1.2,1.2,1.2,1.2,1.2,1.2,1.2,1.2,1.2,1.2,1.2,1.2,1.2,1.2,1.2,1.2,1.2,1.2
0.7290,0.8195,4665.2,93.5,1.72,1052.2,1756.7,2825.7,3719.5,0.701,0.236,3.3,3.3,3.3,3.3,1.9,1.5,1.2,1.2,23.2,20.8,2.6,1.7,1.2,1.2,1.9,1.5,1.2,1.2,3.3,3.3,2.6,1.7,1.2,1.2,3.3,2,2.6,1.7,1.2,1.2,49.2,46.6,3.3,1.7,2.6,1.7,1.2,1.2,31,28.7,3.3,3.3,2.6,1.7,1.2,1.2,2.6,1.7,1.2,1.2,3.3,3.3,2.6,1.7,1.2,1.2,3.3,3.3,2.6,1.7,1.2,1.2,1.2,1.2,2.6,1.7,1.2,1.2,2.6,1.7,1.2,1.2,1.2,1.2,2.6,1.7,1.2,1.2,3.3,3.3,1.2,1.2,38.8,36.4,3.3,3.3,1.2,1.2,3.3,2,1.2,1.2,1.2,1.2,3.3,2,3.3,3.3,1.9,1.5,1.2,1.2,1.9,1.5,1.2,1.2,3.3,3.3,1.9,1.5,1.2,1.2,1.9,1.5,1.2,1.2,1.2,1.2,1.2,1.2,2.6,1.7,1.2,1.2,1.2,1.2,1.2,1.2,1.2,1.2,1.2,1.2,1.2,1.2,1.2,1.2,1.2,1.2,3.3,1.7,1.9,1.5,1.2,1.2,3.3,1.7,1.9,1.5,1.2,1.2,1.9,1.5,1.2,1.2,1.9,1.5,1.2,1.2,1.9,1.5,1.2,1.2,1.2,1.2,1.2,1.2,1.2,1.2,1.2,1.2,1.2,1.2,1.2,1.2,1.2,1.2,1.2,1.2,1.2,1.2,1.2,1.2,1.2,1.2,1.9,1.5,1.2,1.2,1.2,1.2,1.9,1.5,1.2,1.2,1.2,1.2,1.2,1.2,1.2,1.2,1.2,1.2,1.2,1.2,1.2,1.2,1.2,1.2,1.2,1.2,1.2,1.2,1.2,1.2,1.2,1.2,1.2,1.2,1.2,1.2,1.2,1.2,1.2,1.2,1.2,1.2,1.2,1.2,1.2,1.2,1.2,1.2,1.2,1.2,1.2,1.2,1.2,1.2,1.2,1.2
0.7320,0.8230,4681.9,93.5,1.72,1052.2,1756.7,2826.4,3723.1,0.698,0.233,3.3,3.3,3.3,3.3,1.9,1.5,1.2,1.2,23.3,21,2.6,1.7,1.2,1.2,1.9,1.5,1.2,1.2,3.3,3.3,2.6,1.7,1.2,1.2,3.3,2,2.6,1.7,1.2,1.2,49.4,47.1,3.3,1.7,2.6,1.7,1.2,1.2,31.2,28.9,3.3,3.3,2.6,1.7,1.2,1.2,2.6,1.7,1.2,1.2,3.3,3.3,2.6,1.7,1.2,1.2,3.3,3.3,2.6,1.7,1.2,1.2,1.2,1.2,2.6,1.7,1.2,1.2,2.6,1.7,1.2,1.2,1.2,1.2,2.6,1.7,1.2,1.2,3.3,3.3,1.2,1.2,39,36.7,3.3,3.3,1.2,1.2,3.3,2,1.2,1.2,1.2,1.2,3.3,2,3.3,3.3,1.9,1.5,1.2,1.2,1.9,1.5,1.2,1.2,3.3,3.3,1.9,1.5,1.2,1.2,1.9,1.5,1.2,1.2,1.2,1.2,1.2,1.2,2.6,1.7,1.2,1.2,1.2,1.2,1.2,1.2,1.2,1.2,1.2,1.2,1.2,1.2,1.2,1.2,1.2,1.2,3.3,1.7,1.9,1.5,1.2,1.2,3.3,1.7,1.9,1.5,1.2,1.2,1.9,1.5,1.2,1.2,1.9,1.5,1.2,1.2,1.9,1.5,1.2,1.2,1.2,1.2,1.2,1.2,1.2,1.2,1.2,1.2,1.2,1.2,1.2,1.2,1.2,1.2,1.2,1.2,1.2,1.2,1.2,1.2,1.2,1.2,1.9,1.5,1.2,1.2,1.2,1.2,1.9,1.5,1.2,1.2,1.2,1.2,1.2,1.2,1.2,1.2,1.2,1.2,1.2,1.2,1.2,1.2,1.2,1.2,1.2,1.2,1.2,1.2,1.2,1.2,1.2,1.2,1.2,1.2,1.2,1.2,1.2,1.2,1.2,1.2,1.2,1.2,1.2,1.2,1.2,1.2,1.2,1.2,1.2,1.2,1.2,1.2,1.2,1.2,1.2,1.2
0.7340,0.8254,4698.5,93.5,1.71,1052.2,1756.7,2827,3726.7,0.695,0.23,3.3,3.3,3.3,3.3,1.9,1.5,1.2,1.2,23.5,21.1,2.6,1.7,1.2,1.2,1.9,1.5,1.2,1.2,3.3,3.3,2.6,1.7,1.2,1.2,3.3,2,2.6,1.7,1.2,1.2,49.7,47.4,3.3,1.7,2.6,1.7,1.2,1.2,31.3,29,3.3,3.3,2.6,1.7,1.2,1.2,2.6,1.7,1.2,1.2,3.3,3.3,2.6,1.7,1.2,1.2,3.3,3.3,2.6,1.7,1.2,1.2,1.2,1.2,2.6,1.7,1.2,1.2,2.6,1.7,1.2,1.2,1.2,1.2,2.6,1.7,1.2,1.2,3.3,3.3,1.2,1.2,39.2,36.9,3.3,3.3,1.2,1.2,3.3,2,1.2,1.2,1.2,1.2,3.3,2,3.3,3.3,1.9,1.5,1.2,1.2,1.9,1.5,1.2,1.2,3.3,3.3,1.9,1.5,1.2,1.2,1.9,1.5,1.2,1.2,1.2,1.2,1.2,1.2,2.6,1.7,1.2,1.2,1.2,1.2,1.2,1.2,1.2,1.2,1.2,1.2,1.2,1.2,1.2,1.2,1.2,1.2,3.3,1.7,1.9,1.5,1.2,1.2,3.3,1.7,1.9,1.5,1.2,1.2,1.9,1.5,1.2,1.2,1.9,1.5,1.2,1.2,1.9,1.5,1.2,1.2,1.2,1.2,1.2,1.2,1.2,1.2,1.2,1.2,1.2,1.2,1.2,1.2,1.2,1.2,1.2,1.2,1.2,1.2,1.2,1.2,1.2,1.2,1.9,1.5,1.2,1.2,1.2,1.2,1.9,1.5,1.2,1.2,1.2,1.2,1.2,1.2,1.2,1.2,1.2,1.2,1.2,1.2,1.2,1.2,1.2,1.2,1.2,1.2,1.2,1.2,1.2,1.2,1.2,1.2,1.2,1.2,1.2,1.2,1.2,1.2,1.2,1.2,1.2,1.2,1.2,1.2,1.2,1.2,1.2,1.2,1.2,1.2,1.2,1.2,1.2,1.2,1.2,1.2
0.7370,0.8289,4715.2,93.5,1.71,1052.2,1756.7,2827.7,3730.3,0.693,0.227,3.3,3.3,3.3,3.3,1.9,1.5,1.2,1.2,23.6,21.2,2.6,1.7,1.2,1.2,1.9,1.5,1.2,1.2,3.3,3.3,2.6,1.7,1.2,1.2,3.3,2,2.6,1.7,1.2,1.2,50,47.6,3.3,1.7,2.6,1.7,1.2,1.2,31.5,29.2,3.3,3.3,2.6,1.7,1.2,1.2,2.6,1.7,1.2,1.2,3.3,3.3,2.6,1.7,1.2,1.2,3.3,3.3,2.6,1.7,1.2,1.2,1.2,1.2,2.6,1.7,1.2,1.2,2.6,1.7,1.2,1.2,1.2,1.2,2.6,1.7,1.2,1.2,3.3,3.3,1.2,1.2,39.4,37.1,3.3,3.3,1.2,1.2,3.3,2,1.2,1.2,1.2,1.2,3.3,2,3.3,3.3,1.9,1.5,1.2,1.2,1.9,1.5,1.2,1.2,3.3,3.3,1.9,1.5,1.2,1.2,1.9,1.5,1.2,1.2,1.2,1.2,1.2,1.2,2.6,1.7,1.2,1.2,1.2,1.2,1.2,1.2,1.2,1.2,1.2,1.2,1.2,1.2,1.2,1.2,1.2,1.2,3.3,1.7,1.9,1.5,1.2,1.2,3.3,1.7,1.9,1.5,1.2,1.2,1.9,1.5,1.2,1.2,1.9,1.5,1.2,1.2,1.9,1.5,1.2,1.2,1.2,1.2,1.2,1.2,1.2,1.2,1.2,1.2,1.2,1.2,1.2,1.2,1.2,1.2,1.2,1.2,1.2,1.2,1.2,1.2,1.2,1.2,1.9,1.5,1.2,1.2,1.2,1.2,1.9,1.5,1.2,1.2,1.2,1.2,1.2,1.2,1.2,1.2,1.2,1.2,1.2,1.2,1.2,1.2,1.2,1.2,1.2,1.2,1.2,1.2,1.2,1.2,1.2,1.2,1.2,1.2,1.2,1.2,1.2,1.2,1.2,1.2,1.2,1.2,1.2,1.2,1.2,1.2,1.2,1.2,1.2,1.2,1.2,1.2,1.2,1.2,1.2,1.2
0.7390,0.8312,4731.9,93.5,1.71,1052.2,1756.7,2828.3,3734,0.69,0.224,3.3,3.3,3.3,3.3,1.9,1.5,1.2,1.2,23.7,21.3,2.6,1.7,1.2,1.2,1.9,1.5,1.2,1.2,3.3,3.3,2.6,1.7,1.2,1.2,3.3,2,2.6,1.7,1.2,1.2,50.3,47.9,3.3,1.7,2.6,1.7,1.2,1.2,31.7,29.4,3.3,3.3,2.6,1.7,1.2,1.2,2.6,1.7,1.2,1.2,3.3,3.3,2.6,1.7,1.2,1.2,3.3,3.3,2.6,1.7,1.2,1.2,1.2,1.2,2.6,1.7,1.2,1.2,2.6,1.7,1.2,1.2,1.2,1.2,2.6,1.7,1.2,1.2,3.3,3.3,1.2,1.2,39.7,37.3,3.3,3.3,1.2,1.2,3.3,2,1.2,1.2,1.2,1.2,3.3,2,3.3,3.3,1.9,1.5,1.2,1.2,1.9,1.5,1.2,1.2,3.3,3.3,1.9,1.5,1.2,1.2,1.9,1.5,1.2,1.2,1.2,1.2,1.2,1.2,2.6,1.7,1.2,1.2,1.2,1.2,1.2,1.2,1.2,1.2,1.2,1.2,1.2,1.2,1.2,1.2,1.2,1.2,3.3,1.7,1.9,1.5,1.2,1.2,3.3,1.7,1.9,1.5,1.2,1.2,1.9,1.5,1.2,1.2,1.9,1.5,1.2,1.2,1.9,1.5,1.2,1.2,1.2,1.2,1.2,1.2,1.2,1.2,1.2,1.2,1.2,1.2,1.2,1.2,1.2,1.2,1.2,1.2,1.2,1.2,1.2,1.2,1.2,1.2,1.9,1.5,1.2,1.2,1.2,1.2,1.9,1.5,1.2,1.2,1.2,1.2,1.2,1.2,1.2,1.2,1.2,1.2,1.2,1.2,1.2,1.2,1.2,1.2,1.2,1.2,1.2,1.2,1.2,1.2,1.2,1.2,1.2,1.2,1.2,1.2,1.2,1.2,1.2,1.2,1.2,1.2,1.2,1.2,1.2,1.2,1.2,1.2,1.2,1.2,1.2,1.2,1.2,1.2,1.2,1.2
0.7420,0.8347,4748.6,93.5,1.71,1052.2,1756.7,2828.9,3737.6,0.687,0.221,3.3,3.3,3.3,3.3,1.9,1.5,1.2,1.2,23.9,21.5,2.6,1.7,1.2,1.2,1.9,1.5,1.2,1.2,3.3,3.3,2.6,1.7,1.2,1.2,3.3,2,2.6,1.7,1.2,1.2,50.6,48.2,3.3,1.7,2.6,1.7,1.2,1.2,31.9,29.6,3.3,3.3,2.6,1.7,1.2,1.2,2.6,1.7,1.2,1.2,3.3,3.3,2.6,1.7,1.2,1.2,3.3,3.3,2.6,1.7,1.2,1.2,1.2,1.2,2.6,1.7,1.2,1.2,2.6,1.7,1.2,1.2,1.2,1.2,2.6,1.7,1.2,1.2,3.3,3.3,1.2,1.2,39.9,37.5,3.3,3.3,1.2,1.2,3.3,2,1.2,1.2,1.2,1.2,3.3,2,3.3,3.3,1.9,1.5,1.2,1.2,1.9,1.5,1.2,1.2,3.3,3.3,1.9,1.5,1.2,1.2,1.9,1.5,1.2,1.2,1.2,1.2,1.2,1.2,2.6,1.7,1.2,1.2,1.2,1.2,1.2,1.2,1.2,1.2,1.2,1.2,1.2,1.2,1.2,1.2,1.2,1.2,3.3,1.7,1.9,1.5,1.2,1.2,3.3,1.7,1.9,1.5,1.2,1.2,1.9,1.5,1.2,1.2,1.9,1.5,1.2,1.2,1.9,1.5,1.2,1.2,1.2,1.2,1.2,1.2,1.2,1.2,1.2,1.2,1.2,1.2,1.2,1.2,1.2,1.2,1.2,1.2,1.2,1.2,1.2,1.2,1.2,1.2,1.9,1.5,1.2,1.2,1.2,1.2,1.9,1.5,1.2,1.2,1.2,1.2,1.2,1.2,1.2,1.2,1.2,1.2,1.2,1.2,1.2,1.2,1.2,1.2,1.2,1.2,1.2,1.2,1.2,1.2,1.2,1.2,1.2,1.2,1.2,1.2,1.2,1.2,1.2,1.2,1.2,1.2,1.2,1.2,1.2,1.2,1.2,1.2,1.2,1.2,1.2,1.2,1.2,1.2,1.2,1.2
0.7450,0.8381,4765.2,93.5,1.71,1052.2,1756.7,2829.6,3741.2,0.684,0.218,3.3,3.3,3.3,3.3,1.9,1.5,1.2,1.2,24,21.6,2.6,1.7,1.2,1.2,1.9,1.5,1.2,1.2,3.3,3.3,2.6,1.7,1.2,1.2,3.3,2,2.6,1.7,1.2,1.2,50.9,48.5,3.3,1.7,2.6,1.7,1.2,1.2,32.1,29.8,3.3,3.3,2.6,1.7,1.2,1.2,2.6,1.7,1.2,1.2,3.3,3.3,2.6,1.7,1.2,1.2,3.3,3.3,2.6,1.7,1.2,1.2,1.2,1.2,2.6,1.7,1.2,1.2,2.6,1.7,1.2,1.2,1.2,1.2,2.6,1.7,1.2,1.2,3.3,3.3,1.2,1.2,40.1,37.8,3.3,3.3,1.2,1.2,3.3,2,1.2,1.2,1.2,1.2,3.3,2,3.3,3.3,1.9,1.5,1.2,1.2,1.9,1.5,1.2,1.2,3.3,3.3,1.9,1.5,1.2,1.2,1.9,1.5,1.2,1.2,1.2,1.2,1.2,1.2,2.6,1.7,1.2,1.2,1.2,1.2,1.2,1.2,1.2,1.2,1.2,1.2,1.2,1.2,1.2,1.2,1.2,1.2,3.3,1.7,1.9,1.5,1.2,1.2,3.3,1.7,1.9,1.5,1.2,1.2,1.9,1.5,1.2,1.2,1.9,1.5,1.2,1.2,1.9,1.5,1.2,1.2,1.2,1.2,1.2,1.2,1.2,1.2,1.2,1.2,1.2,1.2,1.2,1.2,1.2,1.2,1.2,1.2,1.2,1.2,1.2,1.2,1.2,1.2,1.9,1.5,1.2,1.2,1.2,1.2,1.9,1.5,1.2,1.2,1.2,1.2,1.2,1.2,1.2,1.2,1.2,1.2,1.2,1.2,1.2,1.2,1.2,1.2,1.2,1.2,1.2,1.2,1.2,1.2,1.2,1.2,1.2,1.2,1.2,1.2,1.2,1.2,1.2,1.2,1.2,1.2,1.2,1.2,1.2,1.2,1.2,1.2,1.2,1.2,1.2,1.2,1.2,1.2,1.2,1.2
0.7470,0.8404,4781.9,93.5,1.71,1052.2,1756.7,2830.3,3744.9,0.681,0.215,3.3,3.3,3.3,3.3,1.9,1.5,1.2,1.2,24.2,21.8,2.6,1.7,1.2,1.2,1.9,1.5,1.2,1.2,3.3,3.3,2.6,1.7,1.2,1.2,3.3,2,2.6,1.7,1.2,1.2,51.2,48.8,3.3,1.7,2.6,1.7,1.2,1.2,32.3,30,3.3,3.3,2.6,1.7,1.2,1.2,2.6,1.7,1.2,1.2,3.3,3.3,2.6,1.7,1.2,1.2,3.3,3.3,2.6,1.7,1.2,1.2,1.2,1.2,2.6,1.7,1.2,1.2,2.6,1.7,1.2,1.2,1.2,1.2,2.6,1.7,1.2,1.2,3.3,3.3,1.2,1.2,40.4,38,3.3,3.3,1.2,1.2,3.3,2,1.2,1.2,1.2,1.2,3.3,2,3.3,3.3,1.9,1.5,1.2,1.2,1.9,1.5,1.2,1.2,3.3,3.3,1.9,1.5,1.2,1.2,1.9,1.5,1.2,1.2,1.2,1.2,1.2,1.2,2.6,1.7,1.2,1.2,1.2,1.2,1.2,1.2,1.2,1.2,1.2,1.2,1.2,1.2,1.2,1.2,1.2,1.2,3.3,1.7,1.9,1.5,1.2,1.2,3.3,1.7,1.9,1.5,1.2,1.2,1.9,1.5,1.2,1.2,1.9,1.5,1.2,1.2,1.9,1.5,1.2,1.2,1.2,1.2,1.2,1.2,1.2,1.2,1.2,1.2,1.2,1.2,1.2,1.2,1.2,1.2,1.2,1.2,1.2,1.2,1.2,1.2,1.2,1.2,1.9,1.5,1.2,1.2,1.2,1.2,1.9,1.5,1.2,1.2,1.2,1.2,1.2,1.2,1.2,1.2,1.2,1.2,1.2,1.2,1.2,1.2,1.2,1.2,1.2,1.2,1.2,1.2,1.2,1.2,1.2,1.2,1.2,1.2,1.2,1.2,1.2,1.2,1.2,1.2,1.2,1.2,1.2,1.2,1.2,1.2,1.2,1.2,1.2,1.2,1.2,1.2,1.2,1.2,1.2,1.2
0.7500,0.8438,4798.6,93.5,1.71,1052.2,1756.7,2830.9,3748.5,0.678,0.212,3.3,3.3,3.3,3.3,1.9,1.5,1.2,1.2,24.3,21.9,2.6,1.7,1.2,1.2,1.9,1.5,1.2,1.2,3.3,3.3,2.6,1.7,1.2,1.2,3.3,2,2.6,1.7,1.2,1.2,51.5,48.8,3.3,1.7,2.6,1.7,1.2,1.2,32.5,30.1,3.3,3.3,2.6,1.7,1.2,1.2,2.6,1.7,1.2,1.2,3.3,3.3,2.6,1.7,1.2,1.2,3.3,3.3,2.6,1.7,1.2,1.2,1.2,1.2,2.6,1.7,1.2,1.2,2.6,1.7,1.2,1.2,1.2,1.2,2.6,1.7,1.2,1.2,3.3,3.3,1.2,1.2,40.6,38.2,3.3,3.3,1.2,1.2,3.3,2,1.2,1.2,1.2,1.2,3.3,2,3.3,3.3,1.9,1.5,1.2,1.2,1.9,1.5,1.2,1.2,3.3,3.3,1.9,1.5,1.2,1.2,1.9,1.5,1.2,1.2,1.2,1.2,1.2,1.2,2.6,1.7,1.2,1.2,1.2,1.2,1.2,1.2,1.2,1.2,1.2,1.2,1.2,1.2,1.2,1.2,1.2,1.2,3.3,1.7,1.9,1.5,1.2,1.2,3.3,1.7,1.9,1.5,1.2,1.2,1.9,1.5,1.2,1.2,1.9,1.5,1.2,1.2,1.9,1.5,1.2,1.2,1.2,1.2,1.2,1.2,1.2,1.2,1.2,1.2,1.2,1.2,1.2,1.2,1.2,1.2,1.2,1.2,1.2,1.2,1.2,1.2,1.2,1.2,1.9,1.5,1.2,1.2,1.2,1.2,1.9,1.5,1.2,1.2,1.2,1.2,1.2,1.2,1.2,1.2,1.2,1.2,1.2,1.2,1.2,1.2,1.2,1.2,1.2,1.2,1.2,1.2,1.2,1.2,1.2,1.2,1.2,1.2,1.2,1.2,1.2,1.2,1.2,1.2,1.2,1.2,1.2,1.2,1.2,1.2,1.2,1.2,1.2,1.2,1.2,1.2,1.2,1.2,1.2,1.2
0.7520,0.8460,4815.2,93.5,1.71,1052.2,1756.7,2831.6,3752.2,0.675,0.209,3.3,3.3,3.3,3.3,1.9,1.5,1.2,1.2,24.4,21.8,2.6,1.7,1.2,1.2,1.9,1.5,1.2,1.2,3.3,3.3,2.6,1.7,1.2,1.2,3.3,2,2.6,1.7,1.2,1.2,51.8,49.2,3.3,1.7,2.6,1.7,1.2,1.2,32.7,30.3,3.3,3.3,2.6,1.7,1.2,1.2,2.6,1.7,1.2,1.2,3.3,3.3,2.6,1.7,1.2,1.2,3.3,3.3,2.6,1.7,1.2,1.2,1.2,1.2,2.6,1.7,1.2,1.2,2.6,1.7,1.2,1.2,1.2,1.2,2.6,1.7,1.2,1.2,3.3,3.3,1.2,1.2,40.9,38.5,3.3,3.3,1.2,1.2,3.3,2,1.2,1.2,1.2,1.2,3.3,2,3.3,3.3,1.9,1.5,1.2,1.2,1.9,1.5,1.2,1.2,3.3,3.3,1.9,1.5,1.2,1.2,1.9,1.5,1.2,1.2,1.2,1.2,1.2,1.2,2.6,1.7,1.2,1.2,1.2,1.2,1.2,1.2,1.2,1.2,1.2,1.2,1.2,1.2,1.2,1.2,1.2,1.2,3.3,1.7,1.9,1.5,1.2,1.2,3.3,1.7,1.9,1.5,1.2,1.2,1.9,1.5,1.2,1.2,1.9,1.5,1.2,1.2,1.9,1.5,1.2,1.2,1.2,1.2,1.2,1.2,1.2,1.2,1.2,1.2,1.2,1.2,1.2,1.2,1.2,1.2,1.2,1.2,1.2,1.2,1.2,1.2,1.2,1.2,1.9,1.5,1.2,1.2,1.2,1.2,1.9,1.5,1.2,1.2,1.2,1.2,1.2,1.2,1.2,1.2,1.2,1.2,1.2,1.2,1.2,1.2,1.2,1.2,1.2,1.2,1.2,1.2,1.2,1.2,1.2,1.2,1.2,1.2,1.2,1.2,1.2,1.2,1.2,1.2,1.2,1.2,1.2,1.2,1.2,1.2,1.2,1.2,1.2,1.2,1.2,1.2,1.2,1.2,1.2,1.2
0.7550,0.8493,4832.1,93.5,1.71,1052.2,1756.7,2832.2,3755.8,0.672,0.206,3.3,3.3,3.3,3.3,1.9,1.5,1.2,1.2,24.6,22,2.6,1.7,1.2,1.2,1.9,1.5,1.2,1.2,3.3,3.3,2.6,1.7,1.2,1.2,3.3,2,2.6,1.7,1.2,1.2,52.1,49.7,3.3,1.7,2.6,1.7,1.2,1.2,32.9,30.5,3.3,3.3,2.6,1.7,1.2,1.2,2.6,1.7,1.2,1.2,3.3,3.3,2.6,1.7,1.2,1.2,3.3,3.3,2.6,1.7,1.2,1.2,1.2,1.2,2.6,1.7,1.2,1.2,2.6,1.7,1.2,1.2,1.2,1.2,2.6,1.7,1.2,1.2,3.3,3.3,1.2,1.2,41.1,38.7,3.3,3.3,1.2,1.2,3.3,2,1.2,1.2,1.2,1.2,3.3,2,3.3,3.3,1.9,1.5,1.2,1.2,1.9,1.5,1.2,1.2,3.3,3.3,1.9,1.5,1.2,1.2,1.9,1.5,1.2,1.2,1.2,1.2,1.2,1.2,2.6,1.7,1.2,1.2,1.2,1.2,1.2,1.2,1.2,1.2,1.2,1.2,1.2,1.2,1.2,1.2,1.2,1.2,3.3,1.7,1.9,1.5,1.2,1.2,3.3,1.7,1.9,1.5,1.2,1.2,1.9,1.5,1.2,1.2,1.9,1.5,1.2,1.2,1.9,1.5,1.2,1.2,1.2,1.2,1.2,1.2,1.2,1.2,1.2,1.2,1.2,1.2,1.2,1.2,1.2,1.2,1.2,1.2,1.2,1.2,1.2,1.2,1.2,1.2,1.9,1.5,1.2,1.2,1.2,1.2,1.9,1.5,1.2,1.2,1.2,1.2,1.2,1.2,1.2,1.2,1.2,1.2,1.2,1.2,1.2,1.2,1.2,1.2,1.2,1.2,1.2,1.2,1.2,1.2,1.2,1.2,1.2,1.2,1.2,1.2,1.2,1.2,1.2,1.2,1.2,1.2,1.2,1.2,1.2,1.2,1.2,1.2,1.2,1.2,1.2,1.2,1.2,1.2,1.2,1.2
0.7580,0.8527,4848.6,93.5,1.71,1052.2,1756.7,2832.9,3759.5,0.669,0.203,3.3,3.3,3.3,3.3,1.9,1.5,1.2,1.2,24.7,22.3,2.6,1.7,1.2,1.2,1.9,1.5,1.2,1.2,3.3,3.3,2.6,1.7,1.2,1.2,3.3,2,2.6,1.7,1.2,1.2,52.4,50,3.3,1.7,2.6,1.7,1.2,1.2,33.1,30.7,3.3,3.3,2.6,1.7,1.2,1.2,2.6,1.7,1.2,1.2,3.3,3.3,2.6,1.7,1.2,1.2,3.3,3.3,2.6,1.7,1.2,1.2,1.2,1.2,2.6,1.7,1.2,1.2,2.6,1.7,1.2,1.2,1.2,1.2,2.6,1.7,1.2,1.2,3.3,3.3,1.2,1.2,41.4,39,3.3,3.3,1.2,1.2,3.3,2,1.2,1.2,1.2,1.2,3.3,2,3.3,3.3,1.9,1.5,1.2,1.2,1.9,1.5,1.2,1.2,3.3,3.3,1.9,1.5,1.2,1.2,1.9,1.5,1.2,1.2,1.2,1.2,1.2,1.2,2.6,1.7,1.2,1.2,1.2,1.2,1.2,1.2,1.2,1.2,1.2,1.2,1.2,1.2,1.2,1.2,1.2,1.2,3.3,1.7,1.9,1.5,1.2,1.2,3.3,1.7,1.9,1.5,1.2,1.2,1.9,1.5,1.2,1.2,1.9,1.5,1.2,1.2,1.9,1.5,1.2,1.2,1.2,1.2,1.2,1.2,1.2,1.2,1.2,1.2,1.2,1.2,1.2,1.2,1.2,1.2,1.2,1.2,1.2,1.2,1.2,1.2,1.2,1.2,1.9,1.5,1.2,1.2,1.2,1.2,1.9,1.5,1.2,1.2,1.2,1.2,1.2,1.2,1.2,1.2,1.2,1.2,1.2,1.2,1.2,1.2,1.2,1.2,1.2,1.2,1.2,1.2,1.2,1.2,1.2,1.2,1.2,1.2,1.2,1.2,1.2,1.2,1.2,1.2,1.2,1.2,1.2,1.2,1.2,1.2,1.2,1.2,1.2,1.2,1.2,1.2,1.2,1.2,1.2,1.2
0.7600,0.8548,4865.4,93.5,1.7,1052.2,1756.7,2833.5,3763.1,0.666,0.2,3.3,3.3,3.3,3.3,1.9,1.5,1.2,1.2,24.9,22.5,2.6,1.7,1.2,1.2,1.9,1.5,1.2,1.2,3.3,3.3,2.6,1.7,1.2,1.2,3.3,2,2.6,1.7,1.2,1.2,52.8,50.3,3.3,1.7,2.6,1.7,1.2,1.2,33.3,30.5,3.3,3.3,2.6,1.7,1.2,1.2,2.6,1.7,1.2,1.2,3.3,3.3,2.6,1.7,1.2,1.2,3.3,3.3,2.6,1.7,1.2,1.2,1.2,1.2,2.6,1.7,1.2,1.2,2.6,1.7,1.2,1.2,1.2,1.2,2.6,1.7,1.2,1.2,3.3,3.3,1.2,1.2,41.6,39.2,3.3,3.3,1.2,1.2,3.3,2,1.2,1.2,1.2,1.2,3.3,2,3.3,3.3,1.9,1.5,1.2,1.2,1.9,1.5,1.2,1.2,3.3,3.3,1.9,1.5,1.2,1.2,1.9,1.5,1.2,1.2,1.2,1.2,1.2,1.2,2.6,1.7,1.2,1.2,1.2,1.2,1.2,1.2,1.2,1.2,1.2,1.2,1.2,1.2,1.2,1.2,1.2,1.2,3.3,1.7,1.9,1.5,1.2,1.2,3.3,1.7,1.9,1.5,1.2,1.2,1.9,1.5,1.2,1.2,1.9,1.5,1.2,1.2,1.9,1.5,1.2,1.2,1.2,1.2,1.2,1.2,1.2,1.2,1.2,1.2,1.2,1.2,1.2,1.2,1.2,1.2,1.2,1.2,1.2,1.2,1.2,1.2,1.2,1.2,1.9,1.5,1.2,1.2,1.2,1.2,1.9,1.5,1.2,1.2,1.2,1.2,1.2,1.2,1.2,1.2,1.2,1.2,1.2,1.2,1.2,1.2,1.2,1.2,1.2,1.2,1.2,1.2,1.2,1.2,1.2,1.2,1.2,1.2,1.2,1.2,1.2,1.2,1.2,1.2,1.2,1.2,1.2,1.2,1.2,1.2,1.2,1.2,1.2,1.2,1.2,1.2,1.2,1.2,1.2,1.2
0.7630,0.8581,4882,93.5,1.7,1052.2,1756.7,2834.2,3766.8,0.662,0.197,3.3,3.3,3.3,3.3,1.9,1.5,1.2,1.2,25.1,22.6,2.6,1.7,1.2,1.2,1.9,1.5,1.2,1.2,3.3,3.3,2.6,1.7,1.2,1.2,3.3,2,2.6,1.7,1.2,1.2,53.1,50.7,3.3,1.7,2.6,1.7,1.2,1.2,33.5,30.8,3.3,3.3,2.6,1.7,1.2,1.2,2.6,1.7,1.2,1.2,3.3,3.3,2.6,1.7,1.2,1.2,3.3,3.3,2.6,1.7,1.2,1.2,1.2,1.2,2.6,1.7,1.2,1.2,2.6,1.7,1.2,1.2,1.2,1.2,2.6,1.7,1.2,1.2,3.3,3.3,1.2,1.2,41.9,39.5,3.3,3.3,1.2,1.2,3.3,2,1.2,1.2,1.2,1.2,3.3,2,3.3,3.3,1.9,1.5,1.2,1.2,1.9,1.5,1.2,1.2,3.3,3.3,1.9,1.5,1.2,1.2,1.9,1.5,1.2,1.2,1.2,1.2,1.2,1.2,2.6,1.7,1.2,1.2,1.2,1.2,1.2,1.2,1.2,1.2,1.2,1.2,1.2,1.2,1.2,1.2,1.2,1.2,3.3,1.7,1.9,1.5,1.2,1.2,3.3,1.7,1.9,1.5,1.2,1.2,1.9,1.5,1.2,1.2,1.9,1.5,1.2,1.2,1.9,1.5,1.2,1.2,1.2,1.2,1.2,1.2,1.2,1.2,1.2,1.2,1.2,1.2,1.2,1.2,1.2,1.2,1.2,1.2,1.2,1.2,1.2,1.2,1.2,1.2,1.9,1.5,1.2,1.2,1.2,1.2,1.9,1.5,1.2,1.2,1.2,1.2,1.2,1.2,1.2,1.2,1.2,1.2,1.2,1.2,1.2,1.2,1.2,1.2,1.2,1.2,1.2,1.2,1.2,1.2,1.2,1.2,1.2,1.2,1.2,1.2,1.2,1.2,1.2,1.2,1.2,1.2,1.2,1.2,1.2,1.2,1.2,1.2,1.2,1.2,1.2,1.2,1.2,1.2,1.2,1.2
0.7650,0.8603,4898.9,93.5,1.7,1052.2,1756.7,2834.9,3770.5,0.659,0.194,3.3,3.3,3.3,3.3,1.9,1.5,1.2,1.2,25.2,22.8,2.6,1.7,1.2,1.2,1.9,1.5,1.2,1.2,3.3,3.3,2.6,1.7,1.2,1.2,3.3,2,2.6,1.7,1.2,1.2,53.4,51,3.3,1.7,2.6,1.7,1.2,1.2,33.7,31.3,3.3,3.3,2.6,1.7,1.2,1.2,2.6,1.7,1.2,1.2,3.3,3.3,2.6,1.7,1.2,1.2,3.3,3.3,2.6,1.7,1.2,1.2,1.2,1.2,2.6,1.7,1.2,1.2,2.6,1.7,1.2,1.2,1.2,1.2,2.6,1.7,1.2,1.2,3.3,3.3,1.2,1.2,42.1,39.7,3.3,3.3,1.2,1.2,3.3,2,1.2,1.2,1.2,1.2,3.3,2,3.3,3.3,1.9,1.5,1.2,1.2,1.9,1.5,1.2,1.2,3.3,3.3,1.9,1.5,1.2,1.2,1.9,1.5,1.2,1.2,1.2,1.2,1.2,1.2,2.6,1.7,1.2,1.2,1.2,1.2,1.2,1.2,1.2,1.2,1.2,1.2,1.2,1.2,1.2,1.2,1.2,1.2,3.3,1.7,1.9,1.5,1.2,1.2,3.3,1.7,1.9,1.5,1.2,1.2,1.9,1.5,1.2,1.2,1.9,1.5,1.2,1.2,1.9,1.5,1.2,1.2,1.2,1.2,1.2,1.2,1.2,1.2,1.2,1.2,1.2,1.2,1.2,1.2,1.2,1.2,1.2,1.2,1.2,1.2,1.2,1.2,1.2,1.2,1.9,1.5,1.2,1.2,1.2,1.2,1.9,1.5,1.2,1.2,1.2,1.2,1.2,1.2,1.2,1.2,1.2,1.2,1.2,1.2,1.2,1.2,1.2,1.2,1.2,1.2,1.2,1.2,1.2,1.2,1.2,1.2,1.2,1.2,1.2,1.2,1.2,1.2,1.2,1.2,1.2,1.2,1.2,1.2,1.2,1.2,1.2,1.2,1.2,1.2,1.2,1.2,1.2,1.2,1.2,1.2
0.7680,0.8635,4915.4,93.5,1.7,1052.2,1756.7,2835.5,3774.1,0.656,0.191,3.3,3.3,3.3,3.3,1.9,1.5,1.2,1.2,25.4,22.9,2.6,1.7,1.2,1.2,1.9,1.5,1.2,1.2,3.3,3.3,2.6,1.7,1.2,1.2,3.3,2,2.6,1.7,1.2,1.2,53.8,51.3,3.3,1.7,2.6,1.7,1.2,1.2,33.9,31.5,3.3,3.3,2.6,1.7,1.2,1.2,2.6,1.7,1.2,1.2,3.3,3.3,2.6,1.7,1.2,1.2,3.3,3.3,2.6,1.7,1.2,1.2,1.2,1.2,2.6,1.7,1.2,1.2,2.6,1.7,1.2,1.2,1.2,1.2,2.6,1.7,1.2,1.2,3.3,3.3,1.2,1.2,42.4,40,3.3,3.3,1.2,1.2,3.3,2,1.2,1.2,1.2,1.2,3.3,2,3.3,3.3,1.9,1.5,1.2,1.2,1.9,1.5,1.2,1.2,3.3,3.3,1.9,1.5,1.2,1.2,1.9,1.5,1.2,1.2,1.2,1.2,1.2,1.2,2.6,1.7,1.2,1.2,1.2,1.2,1.2,1.2,1.2,1.2,1.2,1.2,1.2,1.2,1.2,1.2,1.2,1.2,3.3,1.7,1.9,1.5,1.2,1.2,3.3,1.7,1.9,1.5,1.2,1.2,1.9,1.5,1.2,1.2,1.9,1.5,1.2,1.2,1.9,1.5,1.2,1.2,1.2,1.2,1.2,1.2,1.2,1.2,1.2,1.2,1.2,1.2,1.2,1.2,1.2,1.2,1.2,1.2,1.2,1.2,1.2,1.2,1.2,1.2,1.9,1.5,1.2,1.2,1.2,1.2,1.9,1.5,1.2,1.2,1.2,1.2,1.2,1.2,1.2,1.2,1.2,1.2,1.2,1.2,1.2,1.2,1.2,1.2,1.2,1.2,1.2,1.2,1.2,1.2,1.2,1.2,1.2,1.2,1.2,1.2,1.2,1.2,1.2,1.2,1.2,1.2,1.2,1.2,1.2,1.2,1.2,1.2,1.2,1.2,1.2,1.2,1.2,1.2,1.2,1.2
0.7710,0.8667,4932.1,93.5,1.7,1052.2,1756.7,2836.2,3777.8,0.653,0.188,3.3,3.3,3.3,3.3,1.9,1.5,1.2,1.2,25.5,23.1,2.6,1.7,1.2,1.2,1.9,1.5,1.2,1.2,3.3,3.3,2.6,1.7,1.2,1.2,3.3,2,2.6,1.7,1.2,1.2,54.1,51.6,3.3,1.7,2.6,1.7,1.2,1.2,34.1,31.7,3.3,3.3,2.6,1.7,1.2,1.2,2.6,1.7,1.2,1.2,3.3,3.3,2.6,1.7,1.2,1.2,3.3,3.3,2.6,1.7,1.2,1.2,1.2,1.2,2.6,1.7,1.2,1.2,2.6,1.7,1.2,1.2,1.2,1.2,2.6,1.7,1.2,1.2,3.3,3.3,1.2,1.2,42.7,40.3,3.3,3.3,1.2,1.2,3.3,2,1.2,1.2,1.2,1.2,3.3,2,3.3,3.3,1.9,1.5,1.2,1.2,1.9,1.5,1.2,1.2,3.3,3.3,1.9,1.5,1.2,1.2,1.9,1.5,1.2,1.2,1.2,1.2,1.2,1.2,2.6,1.7,1.2,1.2,1.2,1.2,1.2,1.2,1.2,1.2,1.2,1.2,1.2,1.2,1.2,1.2,1.2,1.2,3.3,1.7,1.9,1.5,1.2,1.2,3.3,1.7,1.9,1.5,1.2,1.2,1.9,1.5,1.2,1.2,1.9,1.5,1.2,1.2,1.9,1.5,1.2,1.2,1.2,1.2,1.2,1.2,1.2,1.2,1.2,1.2,1.2,1.2,1.2,1.2,1.2,1.2,1.2,1.2,1.2,1.2,1.2,1.2,1.2,1.2,1.9,1.5,1.2,1.2,1.2,1.2,1.9,1.5,1.2,1.2,1.2,1.2,1.2,1.2,1.2,1.2,1.2,1.2,1.2,1.2,1.2,1.2,1.2,1.2,1.2,1.2,1.2,1.2,1.2,1.2,1.2,1.2,1.2,1.2,1.2,1.2,1.2,1.2,1.2,1.2,1.2,1.2,1.2,1.2,1.2,1.2,1.2,1.2,1.2,1.2,1.2,1.2,1.2,1.2,1.2,1.2
0.7730,0.8688,4948.7,93.5,1.7,1052.2,1756.7,2836.9,3781.4,0.649,0.185,3.3,3.3,3.3,3.3,1.9,1.5,1.2,1.2,25.7,23.3,2.6,1.7,1.2,1.2,1.9,1.5,1.2,1.2,3.3,3.3,2.6,1.7,1.2,1.2,3.3,2,2.6,1.7,1.2,1.2,54.4,51.7,3.3,1.7,2.6,1.7,1.2,1.2,34.3,32,3.3,3.3,2.6,1.7,1.2,1.2,2.6,1.7,1.2,1.2,3.3,3.3,2.6,1.7,1.2,1.2,3.3,3.3,2.6,1.7,1.2,1.2,1.2,1.2,2.6,1.7,1.2,1.2,2.6,1.7,1.2,1.2,1.2,1.2,2.6,1.7,1.2,1.2,3.3,3.3,1.2,1.2,42.9,40.5,3.3,3.3,1.2,1.2,3.3,2,1.2,1.2,1.2,1.2,3.3,2,3.3,3.3,1.9,1.5,1.2,1.2,1.9,1.5,1.2,1.2,3.3,3.3,1.9,1.5,1.2,1.2,1.9,1.5,1.2,1.2,1.2,1.2,1.2,1.2,2.6,1.7,1.2,1.2,1.2,1.2,1.2,1.2,1.2,1.2,1.2,1.2,1.2,1.2,1.2,1.2,1.2,1.2,3.3,1.7,1.9,1.5,1.2,1.2,3.3,1.7,1.9,1.5,1.2,1.2,1.9,1.5,1.2,1.2,1.9,1.5,1.2,1.2,1.9,1.5,1.2,1.2,1.2,1.2,1.2,1.2,1.2,1.2,1.2,1.2,1.2,1.2,1.2,1.2,1.2,1.2,1.2,1.2,1.2,1.2,1.2,1.2,1.2,1.2,1.9,1.5,1.2,1.2,1.2,1.2,1.9,1.5,1.2,1.2,1.2,1.2,1.2,1.2,1.2,1.2,1.2,1.2,1.2,1.2,1.2,1.2,1.2,1.2,1.2,1.2,1.2,1.2,1.2,1.2,1.2,1.2,1.2,1.2,1.2,1.2,1.2,1.2,1.2,1.2,1.2,1.2,1.2,1.2,1.2,1.2,1.2,1.2,1.2,1.2,1.2,1.2,1.2,1.2,1.2,1.2
0.7760,0.8720,4965.7,93.5,1.7,1052.2,1756.7,2837.5,3785.1,0.646,0.182,3.3,3.3,3.3,3.3,1.9,1.5,1.2,1.2,25.9,23.4,2.6,1.7,1.2,1.2,1.9,1.5,1.2,1.2,3.3,3.3,2.6,1.7,1.2,1.2,3.3,2,2.6,1.7,1.2,1.2,54.8,52.1,3.3,1.7,2.6,1.7,1.2,1.2,34.5,32.2,3.3,3.3,2.6,1.7,1.2,1.2,2.6,1.7,1.2,1.2,3.3,3.3,2.6,1.7,1.2,1.2,3.3,3.3,2.6,1.7,1.2,1.2,1.2,1.2,2.6,1.7,1.2,1.2,2.6,1.7,1.2,1.2,1.2,1.2,2.6,1.7,1.2,1.2,3.3,3.3,1.2,1.2,43.2,40.8,3.3,3.3,1.2,1.2,3.3,2,1.2,1.2,1.2,1.2,3.3,2,3.3,3.3,1.9,1.5,1.2,1.2,1.9,1.5,1.2,1.2,3.3,3.3,1.9,1.5,1.2,1.2,1.9,1.5,1.2,1.2,1.2,1.2,1.2,1.2,2.6,1.7,1.2,1.2,1.2,1.2,1.2,1.2,1.2,1.2,1.2,1.2,1.2,1.2,1.2,1.2,1.2,1.2,3.3,1.7,1.9,1.5,1.2,1.2,3.3,1.7,1.9,1.5,1.2,1.2,1.9,1.5,1.2,1.2,1.9,1.5,1.2,1.2,1.9,1.5,1.2,1.2,1.2,1.2,1.2,1.2,1.2,1.2,1.2,1.2,1.2,1.2,1.2,1.2,1.2,1.2,1.2,1.2,1.2,1.2,1.2,1.2,1.2,1.2,1.9,1.5,1.2,1.2,1.2,1.2,1.9,1.5,1.2,1.2,1.2,1.2,1.2,1.2,1.2,1.2,1.2,1.2,1.2,1.2,1.2,1.2,1.2,1.2,1.2,1.2,1.2,1.2,1.2,1.2,1.2,1.2,1.2,1.2,1.2,1.2,1.2,1.2,1.2,1.2,1.2,1.2,1.2,1.2,1.2,1.2,1.2,1.2,1.2,1.2,1.2,1.2,1.2,1.2,1.2,1.2
0.7780,0.8740,4982.2,93.5,1.7,1052.2,1756.7,2838.2,3788.7,0.642,0.179,3.3,3.3,3.3,3.3,1.9,1.5,1.2,1.2,26,23.6,2.6,1.7,1.2,1.2,1.9,1.5,1.2,1.2,3.3,3.3,2.6,1.7,1.2,1.2,3.3,2,2.6,1.7,1.2,1.2,55.1,52.7,3.3,1.7,2.6,1.7,1.2,1.2,34.8,32.4,3.3,3.3,2.6,1.7,1.2,1.2,2.6,1.7,1.2,1.2,3.3,3.3,2.6,1.7,1.2,1.2,3.3,3.3,2.6,1.7,1.2,1.2,1.2,1.2,2.6,1.7,1.2,1.2,2.6,1.7,1.2,1.2,1.2,1.2,2.6,1.7,1.2,1.2,3.3,3.3,1.2,1.2,43.5,41.1,3.3,3.3,1.2,1.2,3.3,2,1.2,1.2,1.2,1.2,3.3,2,3.3,3.3,1.9,1.5,1.2,1.2,1.9,1.5,1.2,1.2,3.3,3.3,1.9,1.5,1.2,1.2,1.9,1.5,1.2,1.2,1.2,1.2,1.2,1.2,2.6,1.7,1.2,1.2,1.2,1.2,1.2,1.2,1.2,1.2,1.2,1.2,1.2,1.2,1.2,1.2,1.2,1.2,3.3,1.7,1.9,1.5,1.2,1.2,3.3,1.7,1.9,1.5,1.2,1.2,1.9,1.5,1.2,1.2,1.9,1.5,1.2,1.2,1.9,1.5,1.2,1.2,1.2,1.2,1.2,1.2,1.2,1.2,1.2,1.2,1.2,1.2,1.2,1.2,1.2,1.2,1.2,1.2,1.2,1.2,1.2,1.2,1.2,1.2,1.9,1.5,1.2,1.2,1.2,1.2,1.9,1.5,1.2,1.2,1.2,1.2,1.2,1.2,1.2,1.2,1.2,1.2,1.2,1.2,1.2,1.2,1.2,1.2,1.2,1.2,1.2,1.2,1.2,1.2,1.2,1.2,1.2,1.2,1.2,1.2,1.2,1.2,1.2,1.2,1.2,1.2,1.2,1.2,1.2,1.2,1.2,1.2,1.2,1.2,1.2,1.2,1.2,1.2,1.2,1.2
0.7810,0.8771,4998.8,93.5,1.7,1052.2,1756.7,2801.5,3755,0.639,0.176,3.3,3.3,3.3,3.3,1.9,1.5,1.2,1.2,26.2,23.8,2.6,1.7,1.2,1.2,1.9,1.5,1.2,1.2,3.3,3.3,2.6,1.7,1.2,1.2,3.3,2,2.6,1.7,1.2,1.2,55.5,53,3.3,1.7,2.6,1.7,1.2,1.2,35,32.6,3.3,3.3,2.6,1.7,1.2,1.2,2.6,1.7,1.2,1.2,3.3,3.3,2.6,1.7,1.2,1.2,3.3,3.3,2.6,1.7,1.2,1.2,1.2,1.2,2.6,1.7,1.2,1.2,2.6,1.7,1.2,1.2,1.2,1.2,2.6,1.7,1.2,1.2,3.3,3.3,1.2,1.2,43.8,41.4,3.3,3.3,1.2,1.2,3.3,2,1.2,1.2,1.2,1.2,3.3,2,3.3,3.3,1.9,1.5,1.2,1.2,1.9,1.5,1.2,1.2,3.3,3.3,1.9,1.5,1.2,1.2,1.9,1.5,1.2,1.2,1.2,1.2,1.2,1.2,2.6,1.7,1.2,1.2,1.2,1.2,1.2,1.2,1.2,1.2,1.2,1.2,1.2,1.2,1.2,1.2,1.2,1.2,3.3,1.7,1.9,1.5,1.2,1.2,3.3,1.7,1.9,1.5,1.2,1.2,1.9,1.5,1.2,1.2,1.9,1.5,1.2,1.2,1.9,1.5,1.2,1.2,1.2,1.2,1.2,1.2,1.2,1.2,1.2,1.2,1.2,1.2,1.2,1.2,1.2,1.2,1.2,1.2,1.2,1.2,1.2,1.2,1.2,1.2,1.9,1.5,1.2,1.2,1.2,1.2,1.9,1.5,1.2,1.2,1.2,1.2,1.2,1.2,1.2,1.2,1.2,1.2,1.2,1.2,1.2,1.2,1.2,1.2,1.2,1.2,1.2,1.2,1.2,1.2,1.2,1.2,1.2,1.2,1.2,1.2,1.2,1.2,1.2,1.2,1.2,1.2,1.2,1.2,1.2,1.2,1.2,1.2,1.2,1.2,1.2,1.2,1.2,1.2,1.2,1.2
0.7840,0.8802,5015.5,93.5,1.69,1052.2,1756.7,2773.9,3730.3,0.635,0.173,3.3,3.3,3.3,3.3,1.9,1.5,1.2,1.2,26.4,24,2.6,1.7,1.2,1.2,1.9,1.5,1.2,1.2,3.3,3.3,2.6,1.7,1.2,1.2,3.3,2,2.6,1.7,1.2,1.2,55.8,53.4,3.3,1.7,2.6,1.7,1.2,1.2,35.2,32.9,3.3,3.3,2.6,1.7,1.2,1.2,2.6,1.7,1.2,1.2,3.3,3.3,2.6,1.7,1.2,1.2,3.3,3.3,2.6,1.7,1.2,1.2,1.2,1.2,2.6,1.7,1.2,1.2,2.6,1.7,1.2,1.2,1.2,1.2,2.6,1.7,1.2,1.2,3.3,3.3,1.2,1.2,44,41.7,3.3,3.3,1.2,1.2,3.3,2,1.2,1.2,1.2,1.2,3.3,2,3.3,3.3,1.9,1.5,1.2,1.2,1.9,1.5,1.2,1.2,3.3,3.3,1.9,1.5,1.2,1.2,1.9,1.5,1.2,1.2,1.2,1.2,1.2,1.2,2.6,1.7,1.2,1.2,1.2,1.2,1.2,1.2,1.2,1.2,1.2,1.2,1.2,1.2,1.2,1.2,1.2,1.2,3.3,1.7,1.9,1.5,1.2,1.2,3.3,1.7,1.9,1.5,1.2,1.2,1.9,1.5,1.2,1.2,1.9,1.5,1.2,1.2,1.9,1.5,1.2,1.2,1.2,1.2,1.2,1.2,1.2,1.2,1.2,1.2,1.2,1.2,1.2,1.2,1.2,1.2,1.2,1.2,1.2,1.2,1.2,1.2,1.2,1.2,1.9,1.5,1.2,1.2,1.2,1.2,1.9,1.5,1.2,1.2,1.2,1.2,1.2,1.2,1.2,1.2,1.2,1.2,1.2,1.2,1.2,1.2,1.2,1.2,1.2,1.2,1.2,1.2,1.2,1.2,1.2,1.2,1.2,1.2,1.2,1.2,1.2,1.2,1.2,1.2,1.2,1.2,1.2,1.2,1.2,1.2,1.2,1.2,1.2,1.2,1.2,1.2,1.2,1.2,1.2,1.2
0.7860,0.8822,5032.1,93.5,1.69,1052.2,1756.7,2753.3,3712.6,0.632,0.17,3.3,3.3,3.3,3.3,1.9,1.5,1.2,1.2,26.5,24.2,2.6,1.7,1.2,1.2,1.9,1.5,1.2,1.2,3.3,3.3,2.6,1.7,1.2,1.2,3.3,2,2.6,1.7,1.2,1.2,56.2,53.8,3.3,1.7,2.6,1.7,1.2,1.2,35.4,33.1,3.3,3.3,2.6,1.7,1.2,1.2,2.6,1.7,1.2,1.2,3.3,3.3,2.6,1.7,1.2,1.2,3.3,3.3,2.6,1.7,1.2,1.2,1.2,1.2,2.6,1.7,1.2,1.2,2.6,1.7,1.2,1.2,1.2,1.2,2.6,1.7,1.2,1.2,3.3,3.3,1.2,1.2,44.3,42,3.3,3.3,1.2,1.2,3.3,2,1.2,1.2,1.2,1.2,3.3,2,3.3,3.3,1.9,1.5,1.2,1.2,1.9,1.5,1.2,1.2,3.3,3.3,1.9,1.5,1.2,1.2,1.9,1.5,1.2,1.2,1.2,1.2,1.2,1.2,2.6,1.7,1.2,1.2,1.2,1.2,1.2,1.2,1.2,1.2,1.2,1.2,1.2,1.2,1.2,1.2,1.2,1.2,3.3,1.7,1.9,1.5,1.2,1.2,3.3,1.7,1.9,1.5,1.2,1.2,1.9,1.5,1.2,1.2,1.9,1.5,1.2,1.2,1.9,1.5,1.2,1.2,1.2,1.2,1.2,1.2,1.2,1.2,1.2,1.2,1.2,1.2,1.2,1.2,1.2,1.2,1.2,1.2,1.2,1.2,1.2,1.2,1.2,1.2,1.9,1.5,1.2,1.2,1.2,1.2,1.9,1.5,1.2,1.2,1.2,1.2,1.2,1.2,1.2,1.2,1.2,1.2,1.2,1.2,1.2,1.2,1.2,1.2,1.2,1.2,1.2,1.2,1.2,1.2,1.2,1.2,1.2,1.2,1.2,1.2,1.2,1.2,1.2,1.2,1.2,1.2,1.2,1.2,1.2,1.2,1.2,1.2,1.2,1.2,1.2,1.2,1.2,1.2,1.2,1.2
0.7890,0.8852,5048.9,93.5,1.69,1052.2,1756.7,2738.5,3700.8,0.628,0.167,3.3,3.3,3.3,3.3,1.9,1.5,1.2,1.2,26.7,24.3,2.6,1.7,1.2,1.2,1.9,1.5,1.2,1.2,3.3,3.3,2.6,1.7,1.2,1.2,3.3,2,2.6,1.7,1.2,1.2,56.6,54.2,3.3,1.7,2.6,1.7,1.2,1.2,35.7,33.4,3.3,3.3,2.6,1.7,1.2,1.2,2.6,1.7,1.2,1.2,3.3,3.3,2.6,1.7,1.2,1.2,3.3,3.3,2.6,1.7,1.2,1.2,1.2,1.2,2.6,1.7,1.2,1.2,2.6,1.7,1.2,1.2,1.2,1.2,2.6,1.7,1.2,1.2,3.3,3.3,1.2,1.2,44.6,42.3,3.3,3.3,1.2,1.2,3.3,2,1.2,1.2,1.2,1.2,3.3,2,3.3,3.3,1.9,1.5,1.2,1.2,1.9,1.5,1.2,1.2,3.3,3.3,1.9,1.5,1.2,1.2,1.9,1.5,1.2,1.2,1.2,1.2,1.2,1.2,2.6,1.7,1.2,1.2,1.2,1.2,1.2,1.2,1.2,1.2,1.2,1.2,1.2,1.2,1.2,1.2,1.2,1.2,3.3,1.7,1.9,1.5,1.2,1.2,3.3,1.7,1.9,1.5,1.2,1.2,1.9,1.5,1.2,1.2,1.9,1.5,1.2,1.2,1.9,1.5,1.2,1.2,1.2,1.2,1.2,1.2,1.2,1.2,1.2,1.2,1.2,1.2,1.2,1.2,1.2,1.2,1.2,1.2,1.2,1.2,1.2,1.2,1.2,1.2,1.9,1.5,1.2,1.2,1.2,1.2,1.9,1.5,1.2,1.2,1.2,1.2,1.2,1.2,1.2,1.2,1.2,1.2,1.2,1.2,1.2,1.2,1.2,1.2,1.2,1.2,1.2,1.2,1.2,1.2,1.2,1.2,1.2,1.2,1.2,1.2,1.2,1.2,1.2,1.2,1.2,1.2,1.2,1.2,1.2,1.2,1.2,1.2,1.2,1.2,1.2,1.2,1.2,1.2,1.2,1.2
0.7910,0.8872,5065.8,93.5,1.69,1052.2,1756.7,2728.3,3693.6,0.625,0.164,3.3,3.3,3.3,3.3,1.9,1.5,1.2,1.2,26.9,24.5,2.6,1.7,1.2,1.2,1.9,1.5,1.2,1.2,3.3,3.3,2.6,1.7,1.2,1.2,3.3,2,2.6,1.7,1.2,1.2,57,54.6,3.3,1.7,2.6,1.7,1.2,1.2,35.9,33.6,3.3,3.3,2.6,1.7,1.2,1.2,2.6,1.7,1.2,1.2,3.3,3.3,2.6,1.7,1.2,1.2,3.3,3.3,2.6,1.7,1.2,1.2,1.2,1.2,2.6,1.7,1.2,1.2,2.6,1.7,1.2,1.2,1.2,1.2,2.6,1.7,1.2,1.2,3.3,3.3,1.2,1.2,44.9,42.6,3.3,3.3,1.2,1.2,3.3,2,1.2,1.2,1.2,1.2,3.3,2,3.3,3.3,1.9,1.5,1.2,1.2,1.9,1.5,1.2,1.2,3.3,3.3,1.9,1.5,1.2,1.2,1.9,1.5,1.2,1.2,1.2,1.2,1.2,1.2,2.6,1.7,1.2,1.2,1.2,1.2,1.2,1.2,1.2,1.2,1.2,1.2,1.2,1.2,1.2,1.2,1.2,1.2,3.3,1.7,1.9,1.5,1.2,1.2,3.3,1.7,1.9,1.5,1.2,1.2,1.9,1.5,1.2,1.2,1.9,1.5,1.2,1.2,1.9,1.5,1.2,1.2,1.2,1.2,1.2,1.2,1.2,1.2,1.2,1.2,1.2,1.2,1.2,1.2,1.2,1.2,1.2,1.2,1.2,1.2,1.2,1.2,1.2,1.2,1.9,1.5,1.2,1.2,1.2,1.2,1.9,1.5,1.2,1.2,1.2,1.2,1.2,1.2,1.2,1.2,1.2,1.2,1.2,1.2,1.2,1.2,1.2,1.2,1.2,1.2,1.2,1.2,1.2,1.2,1.2,1.2,1.2,1.2,1.2,1.2,1.2,1.2,1.2,1.2,1.2,1.2,1.2,1.2,1.2,1.2,1.2,1.2,1.2,1.2,1.2,1.2,1.2,1.2,1.2,1.2
0.7940,0.8902,5082.2,93.5,1.69,1052.2,1756.7,2721.5,3689.8,0.621,0.161,3.3,3.3,3.3,3.3,1.9,1.5,1.2,1.2,27.1,24.7,2.6,1.7,1.2,1.2,1.9,1.5,1.2,1.2,3.3,3.3,2.6,1.7,1.2,1.2,3.3,2,2.6,1.7,1.2,1.2,57.3,55,3.3,1.7,2.6,1.7,1.2,1.2,36.1,33.9,3.3,3.3,2.6,1.7,1.2,1.2,2.6,1.7,1.2,1.2,3.3,3.3,2.6,1.7,1.2,1.2,3.3,3.3,2.6,1.7,1.2,1.2,1.2,1.2,2.6,1.7,1.2,1.2,2.6,1.7,1.2,1.2,1.2,1.2,2.6,1.7,1.2,1.2,3.3,3.3,1.2,1.2,45.2,42.9,3.3,3.3,1.2,1.2,3.3,2,1.2,1.2,1.2,1.2,3.3,2,3.3,3.3,1.9,1.5,1.2,1.2,1.9,1.5,1.2,1.2,3.3,3.3,1.9,1.5,1.2,1.2,1.9,1.5,1.2,1.2,1.2,1.2,1.2,1.2,2.6,1.7,1.2,1.2,1.2,1.2,1.2,1.2,1.2,1.2,1.2,1.2,1.2,1.2,1.2,1.2,1.2,1.2,3.3,1.7,1.9,1.5,1.2,1.2,3.3,1.7,1.9,1.5,1.2,1.2,1.9,1.5,1.2,1.2,1.9,1.5,1.2,1.2,1.9,1.5,1.2,1.2,1.2,1.2,1.2,1.2,1.2,1.2,1.2,1.2,1.2,1.2,1.2,1.2,1.2,1.2,1.2,1.2,1.2,1.2,1.2,1.2,1.2,1.2,1.9,1.5,1.2,1.2,1.2,1.2,1.9,1.5,1.2,1.2,1.2,1.2,1.2,1.2,1.2,1.2,1.2,1.2,1.2,1.2,1.2,1.2,1.2,1.2,1.2,1.2,1.2,1.2,1.2,1.2,1.2,1.2,1.2,1.2,1.2,1.2,1.2,1.2,1.2,1.2,1.2,1.2,1.2,1.2,1.2,1.2,1.2,1.2,1.2,1.2,1.2,1.2,1.2,1.2,1.2,1.2
0.7970,0.8931,5103.9,93.5,1.69,1052.2,1756.7,2717.4,3688.5,0.617,0.158,3.3,3.3,3.3,3.3,1.9,1.5,1.2,1.2,27.2,24.9,2.6,1.7,1.2,1.2,1.9,1.5,1.2,1.2,3.3,3.3,2.6,1.7,1.2,1.2,3.3,2,2.6,1.7,1.2,1.2,57.7,55.1,3.3,1.7,2.6,1.7,1.2,1.2,36.4,33.7,3.3,3.3,2.6,1.7,1.2,1.2,2.6,1.7,1.2,1.2,3.3,3.3,2.6,1.7,1.2,1.2,3.3,3.3,2.6,1.7,1.2,1.2,1.2,1.2,2.6,1.7,1.2,1.2,2.6,1.7,1.2,1.2,1.2,1.2,2.6,1.7,1.2,1.2,3.3,3.3,1.2,1.2,45.5,43.2,3.3,3.3,1.2,1.2,3.3,2,1.2,1.2,1.2,1.2,3.3,2,3.3,3.3,1.9,1.5,1.2,1.2,1.9,1.5,1.2,1.2,3.3,3.3,1.9,1.5,1.2,1.2,1.9,1.5,1.2,1.2,1.2,1.2,1.2,1.2,2.6,1.7,1.2,1.2,1.2,1.2,1.2,1.2,1.2,1.2,1.2,1.2,1.2,1.2,1.2,1.2,1.2,1.2,3.3,1.7,1.9,1.5,1.2,1.2,3.3,1.7,1.9,1.5,1.2,1.2,1.9,1.5,1.2,1.2,1.9,1.5,1.2,1.2,1.9,1.5,1.2,1.2,1.2,1.2,1.2,1.2,1.2,1.2,1.2,1.2,1.2,1.2,1.2,1.2,1.2,1.2,1.2,1.2,1.2,1.2,1.2,1.2,1.2,1.2,1.9,1.5,1.2,1.2,1.2,1.2,1.9,1.5,1.2,1.2,1.2,1.2,1.2,1.2,1.2,1.2,1.2,1.2,1.2,1.2,1.2,1.2,1.2,1.2,1.2,1.2,1.2,1.2,1.2,1.2,1.2,1.2,1.2,1.2,1.2,1.2,1.2,1.2,1.2,1.2,1.2,1.2,1.2,1.2,1.2,1.2,1.2,1.2,1.2,1.2,1.2,1.2,1.2,1.2,1.2,1.2
0.8000,0.8960,5118.8,93.5,1.69,1052.2,1756.7,2715.4,3689.7,0.612,0.154,3.3,3.3,3.3,3.3,1.9,1.5,1.2,1.2,27.5,25.1,2.6,1.7,1.2,1.2,1.9,1.5,1.2,1.2,3.3,3.3,2.6,1.7,1.2,1.2,3.3,2,2.6,1.7,1.2,1.2,58.2,55.6,3.3,1.7,2.6,1.7,1.2,1.2,36.7,34.2,3.3,3.3,2.6,1.7,1.2,1.2,2.6,1.7,1.2,1.2,3.3,3.3,2.6,1.7,1.2,1.2,3.3,3.3,2.6,1.7,1.2,1.2,1.2,1.2,2.6,1.7,1.2,1.2,2.6,1.7,1.2,1.2,1.2,1.2,2.6,1.7,1.2,1.2,3.3,3.3,1.2,1.2,45.9,43.6,3.3,3.3,1.2,1.2,3.3,2,1.2,1.2,1.2,1.2,3.3,2,3.3,3.3,1.9,1.5,1.2,1.2,1.9,1.5,1.2,1.2,3.3,3.3,1.9,1.5,1.2,1.2,1.9,1.5,1.2,1.2,1.2,1.2,1.2,1.2,2.6,1.7,1.2,1.2,1.2,1.2,1.2,1.2,1.2,1.2,1.2,1.2,1.2,1.2,1.2,1.2,1.2,1.2,3.3,1.7,1.9,1.5,1.2,1.2,3.3,1.7,1.9,1.5,1.2,1.2,1.9,1.5,1.2,1.2,1.9,1.5,1.2,1.2,1.9,1.5,1.2,1.2,1.2,1.2,1.2,1.2,1.2,1.2,1.2,1.2,1.2,1.2,1.2,1.2,1.2,1.2,1.2,1.2,1.2,1.2,1.2,1.2,1.2,1.2,1.9,1.5,1.2,1.2,1.2,1.2,1.9,1.5,1.2,1.2,1.2,1.2,1.2,1.2,1.2,1.2,1.2,1.2,1.2,1.2,1.2,1.2,1.2,1.2,1.2,1.2,1.2,1.2,1.2,1.2,1.2,1.2,1.2,1.2,1.2,1.2,1.2,1.2,1.2,1.2,1.2,1.2,1.2,1.2,1.2,1.2,1.2,1.2,1.2,1.2,1.2,1.2,1.2,1.2,1.2,1.2
0.8020,0.8979,5133.1,93.5,1.69,1052.2,1756.7,2714.7,3692,0.609,0.152,3.3,3.3,3.3,3.3,1.9,1.5,1.2,1.2,27.6,25.1,2.6,1.7,1.2,1.2,1.9,1.5,1.2,1.2,3.3,3.3,2.6,1.7,1.2,1.2,3.3,2,2.6,1.7,1.2,1.2,58.6,56.2,3.3,1.7,2.6,1.7,1.2,1.2,36.9,34.6,3.3,3.3,2.6,1.7,1.2,1.2,2.6,1.7,1.2,1.2,3.3,3.3,2.6,1.7,1.2,1.2,3.3,3.3,2.6,1.7,1.2,1.2,1.2,1.2,2.6,1.7,1.2,1.2,2.6,1.7,1.2,1.2,1.2,1.2,2.6,1.7,1.2,1.2,3.3,3.3,1.2,1.2,46.2,43.9,3.3,3.3,1.2,1.2,3.3,2,1.2,1.2,1.2,1.2,3.3,2,3.3,3.3,1.9,1.5,1.2,1.2,1.9,1.5,1.2,1.2,3.3,3.3,1.9,1.5,1.2,1.2,1.9,1.5,1.2,1.2,1.2,1.2,1.2,1.2,2.6,1.7,1.2,1.2,1.2,1.2,1.2,1.2,1.2,1.2,1.2,1.2,1.2,1.2,1.2,1.2,1.2,1.2,3.3,1.7,1.9,1.5,1.2,1.2,3.3,1.7,1.9,1.5,1.2,1.2,1.9,1.5,1.2,1.2,1.9,1.5,1.2,1.2,1.9,1.5,1.2,1.2,1.2,1.2,1.2,1.2,1.2,1.2,1.2,1.2,1.2,1.2,1.2,1.2,1.2,1.2,1.2,1.2,1.2,1.2,1.2,1.2,1.2,1.2,1.9,1.5,1.2,1.2,1.2,1.2,1.9,1.5,1.2,1.2,1.2,1.2,1.2,1.2,1.2,1.2,1.2,1.2,1.2,1.2,1.2,1.2,1.2,1.2,1.2,1.2,1.2,1.2,1.2,1.2,1.2,1.2,1.2,1.2,1.2,1.2,1.2,1.2,1.2,1.2,1.2,1.2,1.2,1.2,1.2,1.2,1.2,1.2,1.2,1.2,1.2,1.2,1.2,1.2,1.2,1.2
0.8050,0.9008,5162.7,93.5,1.69,1052.2,1756.7,2715,3695.1,0.605,0.149,3.3,3.3,3.3,3.3,1.9,1.5,1.2,1.2,27.8,25.3,2.6,1.7,1.2,1.2,1.9,1.5,1.2,1.2,3.3,3.3,2.6,1.7,1.2,1.2,3.3,2,2.6,1.7,1.2,1.2,58.9,56.5,3.3,1.7,2.6,1.7,1.2,1.2,37.1,34.9,3.3,3.3,2.6,1.7,1.2,1.2,2.6,1.7,1.2,1.2,3.3,3.3,2.6,1.7,1.2,1.2,3.3,3.3,2.6,1.7,1.2,1.2,1.2,1.2,2.6,1.7,1.2,1.2,2.6,1.7,1.2,1.2,1.2,1.2,2.6,1.7,1.2,1.2,3.3,3.3,1.2,1.2,46.5,44.2,3.3,3.3,1.2,1.2,3.3,2,1.2,1.2,1.2,1.2,3.3,2,3.3,3.3,1.9,1.5,1.2,1.2,1.9,1.5,1.2,1.2,3.3,3.3,1.9,1.5,1.2,1.2,1.9,1.5,1.2,1.2,1.2,1.2,1.2,1.2,2.6,1.7,1.2,1.2,1.2,1.2,1.2,1.2,1.2,1.2,1.2,1.2,1.2,1.2,1.2,1.2,1.2,1.2,3.3,1.7,1.9,1.5,1.2,1.2,3.3,1.7,1.9,1.5,1.2,1.2,1.9,1.5,1.2,1.2,1.9,1.5,1.2,1.2,1.9,1.5,1.2,1.2,1.2,1.2,1.2,1.2,1.2,1.2,1.2,1.2,1.2,1.2,1.2,1.2,1.2,1.2,1.2,1.2,1.2,1.2,1.2,1.2,1.2,1.2,1.9,1.5,1.2,1.2,1.2,1.2,1.9,1.5,1.2,1.2,1.2,1.2,1.2,1.2,1.2,1.2,1.2,1.2,1.2,1.2,1.2,1.2,1.2,1.2,1.2,1.2,1.2,1.2,1.2,1.2,1.2,1.2,1.2,1.2,1.2,1.2,1.2,1.2,1.2,1.2,1.2,1.2,1.2,1.2,1.2,1.2,1.2,1.2,1.2,1.2,1.2,1.2,1.2,1.2,1.2,1.2
0.8090,0.9045,5177.9,93.5,1.68,1052.2,1756.7,2716.7,3700.3,0.598,0.144,3.3,3.3,3.3,3.3,1.9,1.5,1.2,1.2,28.2,25.8,2.6,1.7,1.2,1.2,1.9,1.5,1.2,1.2,3.3,3.3,2.6,1.7,1.2,1.2,3.3,2,2.6,1.7,1.2,1.2,59.7,57.3,3.3,1.7,2.6,1.7,1.2,1.2,37.6,35.3,3.3,3.3,2.6,1.7,1.2,1.2,2.6,1.7,1.2,1.2,3.3,3.3,2.6,1.7,1.2,1.2,3.3,3.3,2.6,1.7,1.2,1.2,1.2,1.2,2.6,1.7,1.2,1.2,2.6,1.7,1.2,1.2,1.2,1.2,2.6,1.7,1.2,1.2,3.3,3.3,1.2,1.2,47.1,44.7,3.3,3.3,1.2,1.2,3.3,2,1.2,1.2,1.2,1.2,3.3,2,3.3,3.3,1.9,1.5,1.2,1.2,1.9,1.5,1.2,1.2,3.3,3.3,1.9,1.5,1.2,1.2,1.9,1.5,1.2,1.2,1.2,1.2,1.2,1.2,2.6,1.7,1.2,1.2,1.2,1.2,1.2,1.2,1.2,1.2,1.2,1.2,1.2,1.2,1.2,1.2,1.2,1.2,3.3,1.7,1.9,1.5,1.2,1.2,3.3,1.7,1.9,1.5,1.2,1.2,1.9,1.5,1.2,1.2,1.9,1.5,1.2,1.2,1.9,1.5,1.2,1.2,1.2,1.2,1.2,1.2,1.2,1.2,1.2,1.2,1.2,1.2,1.2,1.2,1.2,1.2,1.2,1.2,1.2,1.2,1.2,1.2,1.2,1.2,1.9,1.5,1.2,1.2,1.2,1.2,1.9,1.5,1.2,1.2,1.2,1.2,1.2,1.2,1.2,1.2,1.2,1.2,1.2,1.2,1.2,1.2,1.2,1.2,1.2,1.2,1.2,1.2,1.2,1.2,1.2,1.2,1.2,1.2,1.2,1.2,1.2,1.2,1.2,1.2,1.2,1.2,1.2,1.2,1.2,1.2,1.2,1.2,1.2,1.2,1.2,1.2,1.2,1.2,1.2,1.2
0.8120,0.9073,5191.8,93.5,1.68,1052.2,1756.7,2718.8,3705.6,0.595,0.141,3.3,3.3,3.3,3.3,1.9,1.5,1.2,1.2,28.3,26,2.6,1.7,1.2,1.2,1.9,1.5,1.2,1.2,3.3,3.3,2.6,1.7,1.2,1.2,3.3,2,2.6,1.7,1.2,1.2,60,57.6,3.3,1.7,2.6,1.7,1.2,1.2,37.8,35.6,3.3,3.3,2.6,1.7,1.2,1.2,2.6,1.7,1.2,1.2,3.3,3.3,2.6,1.7,1.2,1.2,3.3,3.3,2.6,1.7,1.2,1.2,1.2,1.2,2.6,1.7,1.2,1.2,2.6,1.7,1.2,1.2,1.2,1.2,2.6,1.7,1.2,1.2,3.3,3.3,1.2,1.2,47.4,45,3.3,3.3,1.2,1.2,3.3,2,1.2,1.2,1.2,1.2,3.3,2,3.3,3.3,1.9,1.5,1.2,1.2,1.9,1.5,1.2,1.2,3.3,3.3,1.9,1.5,1.2,1.2,1.9,1.5,1.2,1.2,1.2,1.2,1.2,1.2,2.6,1.7,1.2,1.2,1.2,1.2,1.2,1.2,1.2,1.2,1.2,1.2,1.2,1.2,1.2,1.2,1.2,1.2,3.3,1.7,1.9,1.5,1.2,1.2,3.3,1.7,1.9,1.5,1.2,1.2,1.9,1.5,1.2,1.2,1.9,1.5,1.2,1.2,1.9,1.5,1.2,1.2,1.2,1.2,1.2,1.2,1.2,1.2,1.2,1.2,1.2,1.2,1.2,1.2,1.2,1.2,1.2,1.2,1.2,1.2,1.2,1.2,1.2,1.2,1.9,1.5,1.2,1.2,1.2,1.2,1.9,1.5,1.2,1.2,1.2,1.2,1.2,1.2,1.2,1.2,1.2,1.2,1.2,1.2,1.2,1.2,1.2,1.2,1.2,1.2,1.2,1.2,1.2,1.2,1.2,1.2,1.2,1.2,1.2,1.2,1.2,1.2,1.2,1.2,1.2,1.2,1.2,1.2,1.2,1.2,1.2,1.2,1.2,1.2,1.2,1.2,1.2,1.2,1.2,1.2
0.8140,0.9091,5205.3,93.5,1.68,1052.2,1756.7,2721.1,3710.9,0.591,0.139,3.3,3.3,3.3,3.3,1.9,1.5,1.2,1.2,28.5,26.1,2.6,1.7,1.2,1.2,1.9,1.5,1.2,1.2,3.3,3.3,2.6,1.7,1.2,1.2,3.3,2,2.6,1.7,1.2,1.2,60.4,58,3.3,1.7,2.6,1.7,1.2,1.2,38.1,35.8,3.3,3.3,2.6,1.7,1.2,1.2,2.6,1.7,1.2,1.2,3.3,3.3,2.6,1.7,1.2,1.2,3.3,3.3,2.6,1.7,1.2,1.2,1.2,1.2,2.6,1.7,1.2,1.2,2.6,1.7,1.2,1.2,1.2,1.2,2.6,1.7,1.2,1.2,3.3,3.3,1.2,1.2,47.6,45.3,3.3,3.3,1.2,1.2,3.3,2,1.2,1.2,1.2,1.2,3.3,2,3.3,3.3,1.9,1.5,1.2,1.2,1.9,1.5,1.2,1.2,3.3,3.3,1.9,1.5,1.2,1.2,1.9,1.5,1.2,1.2,1.2,1.2,1.2,1.2,2.6,1.7,1.2,1.2,1.2,1.2,1.2,1.2,1.2,1.2,1.2,1.2,1.2,1.2,1.2,1.2,1.2,1.2,3.3,1.7,1.9,1.5,1.2,1.2,3.3,1.7,1.9,1.5,1.2,1.2,1.9,1.5,1.2,1.2,1.9,1.5,1.2,1.2,1.9,1.5,1.2,1.2,1.2,1.2,1.2,1.2,1.2,1.2,1.2,1.2,1.2,1.2,1.2,1.2,1.2,1.2,1.2,1.2,1.2,1.2,1.2,1.2,1.2,1.2,1.9,1.5,1.2,1.2,1.2,1.2,1.9,1.5,1.2,1.2,1.2,1.2,1.2,1.2,1.2,1.2,1.2,1.2,1.2,1.2,1.2,1.2,1.2,1.2,1.2,1.2,1.2,1.2,1.2,1.2,1.2,1.2,1.2,1.2,1.2,1.2,1.2,1.2,1.2,1.2,1.2,1.2,1.2,1.2,1.2,1.2,1.2,1.2,1.2,1.2,1.2,1.2,1.2,1.2,1.2,1.2
0.8160,0.9109,5221.1,93.5,1.68,1052.2,1756.7,2723.6,3716.1,0.588,0.136,3.3,3.3,3.3,3.3,1.9,1.5,1.2,1.2,28.7,26.3,2.6,1.7,1.2,1.2,1.9,1.5,1.2,1.2,3.3,3.3,2.6,1.7,1.2,1.2,3.3,2,2.6,1.7,1.2,1.2,60.7,58.3,3.3,1.7,2.6,1.7,1.2,1.2,38.3,36,3.3,3.3,2.6,1.7,1.2,1.2,2.6,1.7,1.2,1.2,3.3,3.3,2.6,1.7,1.2,1.2,3.3,3.3,2.6,1.7,1.2,1.2,1.2,1.2,2.6,1.7,1.2,1.2,2.6,1.7,1.2,1.2,1.2,1.2,2.6,1.7,1.2,1.2,3.3,3.3,1.2,1.2,47.9,45.6,3.3,3.3,1.2,1.2,3.3,2,1.2,1.2,1.2,1.2,3.3,2,3.3,3.3,1.9,1.5,1.2,1.2,1.9,1.5,1.2,1.2,3.3,3.3,1.9,1.5,1.2,1.2,1.9,1.5,1.2,1.2,1.2,1.2,1.2,1.2,2.6,1.7,1.2,1.2,1.2,1.2,1.2,1.2,1.2,1.2,1.2,1.2,1.2,1.2,1.2,1.2,1.2,1.2,3.3,1.7,1.9,1.5,1.2,1.2,3.3,1.7,1.9,1.5,1.2,1.2,1.9,1.5,1.2,1.2,1.9,1.5,1.2,1.2,1.9,1.5,1.2,1.2,1.2,1.2,1.2,1.2,1.2,1.2,1.2,1.2,1.2,1.2,1.2,1.2,1.2,1.2,1.2,1.2,1.2,1.2,1.2,1.2,1.2,1.2,1.9,1.5,1.2,1.2,1.2,1.2,1.9,1.5,1.2,1.2,1.2,1.2,1.2,1.2,1.2,1.2,1.2,1.2,1.2,1.2,1.2,1.2,1.2,1.2,1.2,1.2,1.2,1.2,1.2,1.2,1.2,1.2,1.2,1.2,1.2,1.2,1.2,1.2,1.2,1.2,1.2,1.2,1.2,1.2,1.2,1.2,1.2,1.2,1.2,1.2,1.2,1.2,1.2,1.2,1.2,1.2
0.8180,0.9127,5233.8,93.5,1.68,1052.2,1756.7,2726.2,3721.5,0.584,0.133,3.3,3.3,3.3,3.3,1.9,1.5,1.2,1.2,28.9,26.5,2.6,1.7,1.2,1.2,1.9,1.5,1.2,1.2,3.3,3.3,2.6,1.7,1.2,1.2,3.3,2,2.6,1.7,1.2,1.2,61.1,58.7,3.3,1.7,2.6,1.7,1.2,1.2,38.5,36.2,3.3,3.3,2.6,1.7,1.2,1.2,2.6,1.7,1.2,1.2,3.3,3.3,2.6,1.7,1.2,1.2,3.3,3.3,2.6,1.7,1.2,1.2,1.2,1.2,2.6,1.7,1.2,1.2,2.6,1.7,1.2,1.2,1.2,1.2,2.6,1.7,1.2,1.2,3.3,3.3,1.2,1.2,48.2,45.9,3.3,3.3,1.2,1.2,3.3,2,1.2,1.2,1.2,1.2,3.3,2,3.3,3.3,1.9,1.5,1.2,1.2,1.9,1.5,1.2,1.2,3.3,3.3,1.9,1.5,1.2,1.2,1.9,1.5,1.2,1.2,1.2,1.2,1.2,1.2,2.6,1.7,1.2,1.2,1.2,1.2,1.2,1.2,1.2,1.2,1.2,1.2,1.2,1.2,1.2,1.2,1.2,1.2,3.3,1.7,1.9,1.5,1.2,1.2,3.3,1.7,1.9,1.5,1.2,1.2,1.9,1.5,1.2,1.2,1.9,1.5,1.2,1.2,1.9,1.5,1.2,1.2,1.2,1.2,1.2,1.2,1.2,1.2,1.2,1.2,1.2,1.2,1.2,1.2,1.2,1.2,1.2,1.2,1.2,1.2,1.2,1.2,1.2,1.2,1.9,1.5,1.2,1.2,1.2,1.2,1.9,1.5,1.2,1.2,1.2,1.2,1.2,1.2,1.2,1.2,1.2,1.2,1.2,1.2,1.2,1.2,1.2,1.2,1.2,1.2,1.2,1.2,1.2,1.2,1.2,1.2,1.2,1.2,1.2,1.2,1.2,1.2,1.2,1.2,1.2,1.2,1.2,1.2,1.2,1.2,1.2,1.2,1.2,1.2,1.2,1.2,1.2,1.2,1.2,1.2
0.8200,0.9145,5250.3,93.5,1.68,1052.2,1756.7,2728.8,3726.7,0.581,0.131,3.3,3.3,3.3,3.3,1.9,1.5,1.2,1.2,29,26.6,2.6,1.7,1.2,1.2,1.9,1.5,1.2,1.2,3.3,3.3,2.6,1.7,1.2,1.2,3.3,2,2.6,1.7,1.2,1.2,61.5,58.8,3.3,1.7,2.6,1.7,1.2,1.2,38.7,36.4,3.3,3.3,2.6,1.7,1.2,1.2,2.6,1.7,1.2,1.2,3.3,3.3,2.6,1.7,1.2,1.2,3.3,3.3,2.6,1.7,1.2,1.2,1.2,1.2,2.6,1.7,1.2,1.2,2.6,1.7,1.2,1.2,1.2,1.2,2.6,1.7,1.2,1.2,3.3,3.3,1.2,1.2,48.5,46.1,3.3,3.3,1.2,1.2,3.3,2,1.2,1.2,1.2,1.2,3.3,2,3.3,3.3,1.9,1.5,1.2,1.2,1.9,1.5,1.2,1.2,3.3,3.3,1.9,1.5,1.2,1.2,1.9,1.5,1.2,1.2,1.2,1.2,1.2,1.2,2.6,1.7,1.2,1.2,1.2,1.2,1.2,1.2,1.2,1.2,1.2,1.2,1.2,1.2,1.2,1.2,1.2,1.2,3.3,1.7,1.9,1.5,1.2,1.2,3.3,1.7,1.9,1.5,1.2,1.2,1.9,1.5,1.2,1.2,1.9,1.5,1.2,1.2,1.9,1.5,1.2,1.2,1.2,1.2,1.2,1.2,1.2,1.2,1.2,1.2,1.2,1.2,1.2,1.2,1.2,1.2,1.2,1.2,1.2,1.2,1.2,1.2,1.2,1.2,1.9,1.5,1.2,1.2,1.2,1.2,1.9,1.5,1.2,1.2,1.2,1.2,1.2,1.2,1.2,1.2,1.2,1.2,1.2,1.2,1.2,1.2,1.2,1.2,1.2,1.2,1.2,1.2,1.2,1.2,1.2,1.2,1.2,1.2,1.2,1.2,1.2,1.2,1.2,1.2,1.2,1.2,1.2,1.2,1.2,1.2,1.2,1.2,1.2,1.2,1.2,1.2,1.2,1.2,1.2,1.2
0.8230,0.9171,5266.8,93.5,1.68,1052.2,1756.7,2731.7,3732.2,0.576,0.128,3.3,3.3,3.3,3.3,1.9,1.5,1.2,1.2,29.2,26.8,2.6,1.7,1.2,1.2,1.9,1.5,1.2,1.2,3.3,3.3,2.6,1.7,1.2,1.2,3.3,2,2.6,1.7,1.2,1.2,61.9,59.2,3.3,1.7,2.6,1.7,1.2,1.2,39,36.7,3.3,3.3,2.6,1.7,1.2,1.2,2.6,1.7,1.2,1.2,3.3,3.3,2.6,1.7,1.2,1.2,3.3,3.3,2.6,1.7,1.2,1.2,1.2,1.2,2.6,1.7,1.2,1.2,2.6,1.7,1.2,1.2,1.2,1.2,2.6,1.7,1.2,1.2,3.3,3.3,1.2,1.2,48.8,46.4,3.3,3.3,1.2,1.2,3.3,2,1.2,1.2,1.2,1.2,3.3,2,3.3,3.3,1.9,1.5,1.2,1.2,1.9,1.5,1.2,1.2,3.3,3.3,1.9,1.5,1.2,1.2,1.9,1.5,1.2,1.2,1.2,1.2,1.2,1.2,2.6,1.7,1.2,1.2,1.2,1.2,1.2,1.2,1.2,1.2,1.2,1.2,1.2,1.2,1.2,1.2,1.2,1.2,3.3,1.7,1.9,1.5,1.2,1.2,3.3,1.7,1.9,1.5,1.2,1.2,1.9,1.5,1.2,1.2,1.9,1.5,1.2,1.2,1.9,1.5,1.2,1.2,1.2,1.2,1.2,1.2,1.2,1.2,1.2,1.2,1.2,1.2,1.2,1.2,1.2,1.2,1.2,1.2,1.2,1.2,1.2,1.2,1.2,1.2,1.9,1.5,1.2,1.2,1.2,1.2,1.9,1.5,1.2,1.2,1.2,1.2,1.2,1.2,1.2,1.2,1.2,1.2,1.2,1.2,1.2,1.2,1.2,1.2,1.2,1.2,1.2,1.2,1.2,1.2,1.2,1.2,1.2,1.2,1.2,1.2,1.2,1.2,1.2,1.2,1.2,1.2,1.2,1.2,1.2,1.2,1.2,1.2,1.2,1.2,1.2,1.2,1.2,1.2,1.2,1.2
0.8260,0.9197,5283.4,93.5,1.68,1052.2,1756.7,2734.6,3737.8,0.572,0.125,3.3,3.3,3.3,3.3,1.9,1.5,1.2,1.2,29.4,27,2.6,1.7,1.2,1.2,1.9,1.5,1.2,1.2,3.3,3.3,2.6,1.7,1.2,1.2,3.3,2,2.6,1.7,1.2,1.2,62.4,59.9,3.3,1.7,2.6,1.7,1.2,1.2,39.3,37,3.3,3.3,2.6,1.7,1.2,1.2,2.6,1.7,1.2,1.2,3.3,3.3,2.6,1.7,1.2,1.2,3.3,3.3,2.6,1.7,1.2,1.2,1.2,1.2,2.6,1.7,1.2,1.2,2.6,1.7,1.2,1.2,1.2,1.2,2.6,1.7,1.2,1.2,3.3,3.3,1.2,1.2,49.2,46.8,3.3,3.3,1.2,1.2,3.3,2,1.2,1.2,1.2,1.2,3.3,2,3.3,3.3,1.9,1.5,1.2,1.2,1.9,1.5,1.2,1.2,3.3,3.3,1.9,1.5,1.2,1.2,1.9,1.5,1.2,1.2,1.2,1.2,1.2,1.2,2.6,1.7,1.2,1.2,1.2,1.2,1.2,1.2,1.2,1.2,1.2,1.2,1.2,1.2,1.2,1.2,1.2,1.2,3.3,1.7,1.9,1.5,1.2,1.2,3.3,1.7,1.9,1.5,1.2,1.2,1.9,1.5,1.2,1.2,1.9,1.5,1.2,1.2,1.9,1.5,1.2,1.2,1.2,1.2,1.2,1.2,1.2,1.2,1.2,1.2,1.2,1.2,1.2,1.2,1.2,1.2,1.2,1.2,1.2,1.2,1.2,1.2,1.2,1.2,1.9,1.5,1.2,1.2,1.2,1.2,1.9,1.5,1.2,1.2,1.2,1.2,1.2,1.2,1.2,1.2,1.2,1.2,1.2,1.2,1.2,1.2,1.2,1.2,1.2,1.2,1.2,1.2,1.2,1.2,1.2,1.2,1.2,1.2,1.2,1.2,1.2,1.2,1.2,1.2,1.2,1.2,1.2,1.2,1.2,1.2,1.2,1.2,1.2,1.2,1.2,1.2,1.2,1.2,1.2,1.2
0.8280,0.9214,5302.6,93.5,1.68,1052.2,1756.7,2737.7,3743.6,0.568,0.122,3.3,3.3,3.3,3.3,1.9,1.5,1.2,1.2,29.6,27.3,2.6,1.7,1.2,1.2,1.9,1.5,1.2,1.2,3.3,3.3,2.6,1.7,1.2,1.2,3.3,2,2.6,1.7,1.2,1.2,62.8,60.4,3.3,1.7,2.6,1.7,1.2,1.2,39.6,37.3,3.3,3.3,2.6,1.7,1.2,1.2,2.6,1.7,1.2,1.2,3.3,3.3,2.6,1.7,1.2,1.2,3.3,3.3,2.6,1.7,1.2,1.2,1.2,1.2,2.6,1.7,1.2,1.2,2.6,1.7,1.2,1.2,1.2,1.2,2.6,1.7,1.2,1.2,3.3,3.3,1.2,1.2,49.5,47.1,3.3,3.3,1.2,1.2,3.3,2,1.2,1.2,1.2,1.2,3.3,2,3.3,3.3,1.9,1.5,1.2,1.2,1.9,1.5,1.2,1.2,3.3,3.3,1.9,1.5,1.2,1.2,1.9,1.5,1.2,1.2,1.2,1.2,1.2,1.2,2.6,1.7,1.2,1.2,1.2,1.2,1.2,1.2,1.2,1.2,1.2,1.2,1.2,1.2,1.2,1.2,1.2,1.2,3.3,1.7,1.9,1.5,1.2,1.2,3.3,1.7,1.9,1.5,1.2,1.2,1.9,1.5,1.2,1.2,1.9,1.5,1.2,1.2,1.9,1.5,1.2,1.2,1.2,1.2,1.2,1.2,1.2,1.2,1.2,1.2,1.2,1.2,1.2,1.2,1.2,1.2,1.2,1.2,1.2,1.2,1.2,1.2,1.2,1.2,1.9,1.5,1.2,1.2,1.2,1.2,1.9,1.5,1.2,1.2,1.2,1.2,1.2,1.2,1.2,1.2,1.2,1.2,1.2,1.2,1.2,1.2,1.2,1.2,1.2,1.2,1.2,1.2,1.2,1.2,1.2,1.2,1.2,1.2,1.2,1.2,1.2,1.2,1.2,1.2,1.2,1.2,1.2,1.2,1.2,1.2,1.2,1.2,1.2,1.2,1.2,1.2,1.2,1.2,1.2,1.2
0.8310,0.9240,5320.4,93.5,1.68,1052.2,1756.7,2740.9,3749.6,0.562,0.119,3.3,3.3,3.3,3.3,1.9,1.5,1.2,1.2,29.9,27.5,2.6,1.7,1.2,1.2,1.9,1.5,1.2,1.2,3.3,3.3,2.6,1.7,1.2,1.2,3.3,2,2.6,1.7,1.2,1.2,63.3,60.9,3.3,1.7,2.6,1.7,1.2,1.2,39.9,37.6,3.3,3.3,2.6,1.7,1.2,1.2,2.6,1.7,1.2,1.2,3.3,3.3,2.6,1.7,1.2,1.2,3.3,3.3,2.6,1.7,1.2,1.2,1.2,1.2,2.6,1.7,1.2,1.2,2.6,1.7,1.2,1.2,1.2,1.2,2.6,1.7,1.2,1.2,3.3,3.3,1.2,1.2,50,47.5,3.3,3.3,1.2,1.2,3.3,2,1.2,1.2,1.2,1.2,3.3,2,3.3,3.3,1.9,1.5,1.2,1.2,1.9,1.5,1.2,1.2,3.3,3.3,1.9,1.5,1.2,1.2,1.9,1.5,1.2,1.2,1.2,1.2,1.2,1.2,2.6,1.7,1.2,1.2,1.2,1.2,1.2,1.2,1.2,1.2,1.2,1.2,1.2,1.2,1.2,1.2,1.2,1.2,3.3,1.7,1.9,1.5,1.2,1.2,3.3,1.7,1.9,1.5,1.2,1.2,1.9,1.5,1.2,1.2,1.9,1.5,1.2,1.2,1.9,1.5,1.2,1.2,1.2,1.2,1.2,1.2,1.2,1.2,1.2,1.2,1.2,1.2,1.2,1.2,1.2,1.2,1.2,1.2,1.2,1.2,1.2,1.2,1.2,1.2,1.9,1.5,1.2,1.2,1.2,1.2,1.9,1.5,1.2,1.2,1.2,1.2,1.2,1.2,1.2,1.2,1.2,1.2,1.2,1.2,1.2,1.2,1.2,1.2,1.2,1.2,1.2,1.2,1.2,1.2,1.2,1.2,1.2,1.2,1.2,1.2,1.2,1.2,1.2,1.2,1.2,1.2,1.2,1.2,1.2,1.2,1.2,1.2,1.2,1.2,1.2,1.2,1.2,1.2,1.2,1.2
0.8340,0.9265,5333.6,93.5,1.67,1052.2,1756.7,2744.3,3755.7,0.557,0.115,3.3,3.3,3.3,3.3,1.9,1.5,1.2,1.2,30.1,27.7,2.6,1.7,1.2,1.2,1.9,1.5,1.2,1.2,3.3,3.3,2.6,1.7,1.2,1.2,3.3,2,2.6,1.7,1.2,1.2,63.8,61.4,3.3,1.7,2.6,1.7,1.2,1.2,40.2,37.4,3.3,3.3,2.6,1.7,1.2,1.2,2.6,1.7,1.2,1.2,3.3,3.3,2.6,1.7,1.2,1.2,3.3,3.3,2.6,1.7,1.2,1.2,1.2,1.2,2.6,1.7,1.2,1.2,2.6,1.7,1.2,1.2,1.2,1.2,2.6,1.7,1.2,1.2,3.3,3.3,1.2,1.2,50.4,47.9,3.3,3.3,1.2,1.2,3.3,2,1.2,1.2,1.2,1.2,3.3,2,3.3,3.3,1.9,1.5,1.2,1.2,1.9,1.5,1.2,1.2,3.3,3.3,1.9,1.5,1.2,1.2,1.9,1.5,1.2,1.2,1.2,1.2,1.2,1.2,2.6,1.7,1.2,1.2,1.2,1.2,1.2,1.2,1.2,1.2,1.2,1.2,1.2,1.2,1.2,1.2,1.2,1.2,3.3,1.7,1.9,1.5,1.2,1.2,3.3,1.7,1.9,1.5,1.2,1.2,1.9,1.5,1.2,1.2,1.9,1.5,1.2,1.2,1.9,1.5,1.2,1.2,1.2,1.2,1.2,1.2,1.2,1.2,1.2,1.2,1.2,1.2,1.2,1.2,1.2,1.2,1.2,1.2,1.2,1.2,1.2,1.2,1.2,1.2,1.9,1.5,1.2,1.2,1.2,1.2,1.9,1.5,1.2,1.2,1.2,1.2,1.2,1.2,1.2,1.2,1.2,1.2,1.2,1.2,1.2,1.2,1.2,1.2,1.2,1.2,1.2,1.2,1.2,1.2,1.2,1.2,1.2,1.2,1.2,1.2,1.2,1.2,1.2,1.2,1.2,1.2,1.2,1.2,1.2,1.2,1.2,1.2,1.2,1.2,1.2,1.2,1.2,1.2,1.2,1.2
0.8360,0.9281,5349.2,93.5,1.67,1052.2,1756.7,2747.4,3761.5,0.554,0.113,3.3,3.3,3.3,3.3,1.9,1.5,1.2,1.2,30.3,27.9,2.6,1.7,1.2,1.2,1.9,1.5,1.2,1.2,3.3,3.3,2.6,1.7,1.2,1.2,3.3,2,2.6,1.7,1.2,1.2,64.2,61.8,3.3,1.7,2.6,1.7,1.2,1.2,40.5,37.9,3.3,3.3,2.6,1.7,1.2,1.2,2.6,1.7,1.2,1.2,3.3,3.3,2.6,1.7,1.2,1.2,3.3,3.3,2.6,1.7,1.2,1.2,1.2,1.2,2.6,1.7,1.2,1.2,2.6,1.7,1.2,1.2,1.2,1.2,2.6,1.7,1.2,1.2,3.3,3.3,1.2,1.2,50.7,48.2,3.3,3.3,1.2,1.2,3.3,2,1.2,1.2,1.2,1.2,3.3,2,3.3,3.3,1.9,1.5,1.2,1.2,1.9,1.5,1.2,1.2,3.3,3.3,1.9,1.5,1.2,1.2,1.9,1.5,1.2,1.2,1.2,1.2,1.2,1.2,2.6,1.7,1.2,1.2,1.2,1.2,1.2,1.2,1.2,1.2,1.2,1.2,1.2,1.2,1.2,1.2,1.2,1.2,3.3,1.7,1.9,1.5,1.2,1.2,3.3,1.7,1.9,1.5,1.2,1.2,1.9,1.5,1.2,1.2,1.9,1.5,1.2,1.2,1.9,1.5,1.2,1.2,1.2,1.2,1.2,1.2,1.2,1.2,1.2,1.2,1.2,1.2,1.2,1.2,1.2,1.2,1.2,1.2,1.2,1.2,1.2,1.2,1.2,1.2,1.9,1.5,1.2,1.2,1.2,1.2,1.9,1.5,1.2,1.2,1.2,1.2,1.2,1.2,1.2,1.2,1.2,1.2,1.2,1.2,1.2,1.2,1.2,1.2,1.2,1.2,1.2,1.2,1.2,1.2,1.2,1.2,1.2,1.2,1.2,1.2,1.2,1.2,1.2,1.2,1.2,1.2,1.2,1.2,1.2,1.2,1.2,1.2,1.2,1.2,1.2,1.2,1.2,1.2,1.2,1.2
0.8380,0.9298,5365.9,93.5,1.67,1052.2,1756.7,2750.6,3767.3,0.549,0.11,3.3,3.3,3.3,3.3,1.9,1.5,1.2,1.2,30.5,28.1,2.6,1.7,1.2,1.2,1.9,1.5,1.2,1.2,3.3,3.3,2.6,1.7,1.2,1.2,3.3,2,2.6,1.7,1.2,1.2,64.7,62.2,3.3,1.7,2.6,1.7,1.2,1.2,40.8,38.4,3.3,3.3,2.6,1.7,1.2,1.2,2.6,1.7,1.2,1.2,3.3,3.3,2.6,1.7,1.2,1.2,3.3,3.3,2.6,1.7,1.2,1.2,1.2,1.2,2.6,1.7,1.2,1.2,2.6,1.7,1.2,1.2,1.2,1.2,2.6,1.7,1.2,1.2,3.3,3.3,1.2,1.2,51,48.6,3.3,3.3,1.2,1.2,3.3,2,1.2,1.2,1.2,1.2,3.3,2,3.3,3.3,1.9,1.5,1.2,1.2,1.9,1.5,1.2,1.2,3.3,3.3,1.9,1.5,1.2,1.2,1.9,1.5,1.2,1.2,1.2,1.2,1.2,1.2,2.6,1.7,1.2,1.2,1.2,1.2,1.2,1.2,1.2,1.2,1.2,1.2,1.2,1.2,1.2,1.2,1.2,1.2,3.3,1.7,1.9,1.5,1.2,1.2,3.3,1.7,1.9,1.5,1.2,1.2,1.9,1.5,1.2,1.2,1.9,1.5,1.2,1.2,1.9,1.5,1.2,1.2,1.2,1.2,1.2,1.2,1.2,1.2,1.2,1.2,1.2,1.2,1.2,1.2,1.2,1.2,1.2,1.2,1.2,1.2,1.2,1.2,1.2,1.2,1.9,1.5,1.2,1.2,1.2,1.2,1.9,1.5,1.2,1.2,1.2,1.2,1.2,1.2,1.2,1.2,1.2,1.2,1.2,1.2,1.2,1.2,1.2,1.2,1.2,1.2,1.2,1.2,1.2,1.2,1.2,1.2,1.2,1.2,1.2,1.2,1.2,1.2,1.2,1.2,1.2,1.2,1.2,1.2,1.2,1.2,1.2,1.2,1.2,1.2,1.2,1.2,1.2,1.2,1.2,1.2
0.8410,0.9322,5383.6,93.5,1.67,1052.2,1756.7,2753.7,3773.1,0.545,0.107,3.3,3.3,3.3,3.3,1.9,1.5,1.2,1.2,30.8,28.3,2.6,1.7,1.2,1.2,1.9,1.5,1.2,1.2,3.3,3.3,2.6,1.7,1.2,1.2,3.3,2,2.6,1.7,1.2,1.2,65.2,62.7,3.3,1.7,2.6,1.7,1.2,1.2,41.1,38.7,3.3,3.3,2.6,1.7,1.2,1.2,2.6,1.7,1.2,1.2,3.3,3.3,2.6,1.7,1.2,1.2,3.3,3.3,2.6,1.7,1.2,1.2,1.2,1.2,2.6,1.7,1.2,1.2,2.6,1.7,1.2,1.2,1.2,1.2,2.6,1.7,1.2,1.2,3.3,3.3,1.2,1.2,51.4,49,3.3,3.3,1.2,1.2,3.3,2,1.2,1.2,1.2,1.2,3.3,2,3.3,3.3,1.9,1.5,1.2,1.2,1.9,1.5,1.2,1.2,3.3,3.3,1.9,1.5,1.2,1.2,1.9,1.5,1.2,1.2,1.2,1.2,1.2,1.2,2.6,1.7,1.2,1.2,1.2,1.2,1.2,1.2,1.2,1.2,1.2,1.2,1.2,1.2,1.2,1.2,1.2,1.2,3.3,1.7,1.9,1.5,1.2,1.2,3.3,1.7,1.9,1.5,1.2,1.2,1.9,1.5,1.2,1.2,1.9,1.5,1.2,1.2,1.9,1.5,1.2,1.2,1.2,1.2,1.2,1.2,1.2,1.2,1.2,1.2,1.2,1.2,1.2,1.2,1.2,1.2,1.2,1.2,1.2,1.2,1.2,1.2,1.2,1.2,1.9,1.5,1.2,1.2,1.2,1.2,1.9,1.5,1.2,1.2,1.2,1.2,1.2,1.2,1.2,1.2,1.2,1.2,1.2,1.2,1.2,1.2,1.2,1.2,1.2,1.2,1.2,1.2,1.2,1.2,1.2,1.2,1.2,1.2,1.2,1.2,1.2,1.2,1.2,1.2,1.2,1.2,1.2,1.2,1.2,1.2,1.2,1.2,1.2,1.2,1.2,1.2,1.2,1.2,1.2,1.2
0.8440,0.9346,5399.2,93.5,1.67,1052.2,1756.7,2757,3778.9,0.539,0.104,3.3,3.3,3.3,3.3,1.9,1.5,1.2,1.2,31,28.6,2.6,1.7,1.2,1.2,1.9,1.5,1.2,1.2,3.3,3.3,2.6,1.7,1.2,1.2,3.3,2,2.6,1.7,1.2,1.2,65.7,63.2,3.3,1.7,2.6,1.7,1.2,1.2,41.4,39.1,3.3,3.3,2.6,1.7,1.2,1.2,2.6,1.7,1.2,1.2,3.3,3.3,2.6,1.7,1.2,1.2,3.3,3.3,2.6,1.7,1.2,1.2,1.2,1.2,2.6,1.7,1.2,1.2,2.6,1.7,1.2,1.2,1.2,1.2,2.6,1.7,1.2,1.2,3.3,3.3,1.2,1.2,51.8,49.4,3.3,3.3,1.2,1.2,3.3,2,1.2,1.2,1.2,1.2,3.3,2,3.3,3.3,1.9,1.5,1.2,1.2,1.9,1.5,1.2,1.2,3.3,3.3,1.9,1.5,1.2,1.2,1.9,1.5,1.2,1.2,1.2,1.2,1.2,1.2,2.6,1.7,1.2,1.2,1.2,1.2,1.2,1.2,1.2,1.2,1.2,1.2,1.2,1.2,1.2,1.2,1.2,1.2,3.3,1.7,1.9,1.5,1.2,1.2,3.3,1.7,1.9,1.5,1.2,1.2,1.9,1.5,1.2,1.2,1.9,1.5,1.2,1.2,1.9,1.5,1.2,1.2,1.2,1.2,1.2,1.2,1.2,1.2,1.2,1.2,1.2,1.2,1.2,1.2,1.2,1.2,1.2,1.2,1.2,1.2,1.2,1.2,1.2,1.2,1.9,1.5,1.2,1.2,1.2,1.2,1.9,1.5,1.2,1.2,1.2,1.2,1.2,1.2,1.2,1.2,1.2,1.2,1.2,1.2,1.2,1.2,1.2,1.2,1.2,1.2,1.2,1.2,1.2,1.2,1.2,1.2,1.2,1.2,1.2,1.2,1.2,1.2,1.2,1.2,1.2,1.2,1.2,1.2,1.2,1.2,1.2,1.2,1.2,1.2,1.2,1.2,1.2,1.2,1.2,1.2
0.8460,0.9362,5415.9,93.5,1.67,1052.2,1756.7,2760.2,3784.7,0.535,0.101,3.3,3.3,3.3,3.3,1.9,1.5,1.2,1.2,31.2,28.8,2.6,1.7,1.2,1.2,1.9,1.5,1.2,1.2,3.3,3.3,2.6,1.7,1.2,1.2,3.3,2,2.6,1.7,1.2,1.2,66.2,63.4,3.3,1.7,2.6,1.7,1.2,1.2,41.7,39.4,3.3,3.3,2.6,1.7,1.2,1.2,2.6,1.7,1.2,1.2,3.3,3.3,2.6,1.7,1.2,1.2,3.3,3.3,2.6,1.7,1.2,1.2,1.2,1.2,2.6,1.7,1.2,1.2,2.6,1.7,1.2,1.2,1.2,1.2,2.6,1.7,1.2,1.2,3.3,3.3,1.2,1.2,52.2,49.7,3.3,3.3,1.2,1.2,3.3,2,1.2,1.2,1.2,1.2,3.3,2,3.3,3.3,1.9,1.5,1.2,1.2,1.9,1.5,1.2,1.2,3.3,3.3,1.9,1.5,1.2,1.2,1.9,1.5,1.2,1.2,1.2,1.2,1.2,1.2,2.6,1.7,1.2,1.2,1.2,1.2,1.2,1.2,1.2,1.2,1.2,1.2,1.2,1.2,1.2,1.2,1.2,1.2,3.3,1.7,1.9,1.5,1.2,1.2,3.3,1.7,1.9,1.5,1.2,1.2,1.9,1.5,1.2,1.2,1.9,1.5,1.2,1.2,1.9,1.5,1.2,1.2,1.2,1.2,1.2,1.2,1.2,1.2,1.2,1.2,1.2,1.2,1.2,1.2,1.2,1.2,1.2,1.2,1.2,1.2,1.2,1.2,1.2,1.2,1.9,1.5,1.2,1.2,1.2,1.2,1.9,1.5,1.2,1.2,1.2,1.2,1.2,1.2,1.2,1.2,1.2,1.2,1.2,1.2,1.2,1.2,1.2,1.2,1.2,1.2,1.2,1.2,1.2,1.2,1.2,1.2,1.2,1.2,1.2,1.2,1.2,1.2,1.2,1.2,1.2,1.2,1.2,1.2,1.2,1.2,1.2,1.2,1.2,1.2,1.2,1.2,1.2,1.2,1.2,1.2
0.8490,0.9385,5432.6,93.5,1.67,1052.2,1756.7,2763.4,3790.5,0.53,0.098,3.3,3.3,3.3,3.3,1.9,1.5,1.2,1.2,31.5,29,2.6,1.7,1.2,1.2,1.9,1.5,1.2,1.2,3.3,3.3,2.6,1.7,1.2,1.2,3.3,2,2.6,1.7,1.2,1.2,66.7,64,3.3,1.7,2.6,1.7,1.2,1.2,42,39.7,3.3,3.3,2.6,1.7,1.2,1.2,2.6,1.7,1.2,1.2,3.3,3.3,2.6,1.7,1.2,1.2,3.3,3.3,2.6,1.7,1.2,1.2,1.2,1.2,2.6,1.7,1.2,1.2,2.6,1.7,1.2,1.2,1.2,1.2,2.6,1.7,1.2,1.2,3.3,3.3,1.2,1.2,52.6,50.1,3.3,3.3,1.2,1.2,3.3,2,1.2,1.2,1.2,1.2,3.3,2,3.3,3.3,1.9,1.5,1.2,1.2,1.9,1.5,1.2,1.2,3.3,3.3,1.9,1.5,1.2,1.2,1.9,1.5,1.2,1.2,1.2,1.2,1.2,1.2,2.6,1.7,1.2,1.2,1.2,1.2,1.2,1.2,1.2,1.2,1.2,1.2,1.2,1.2,1.2,1.2,1.2,1.2,3.3,1.7,1.9,1.5,1.2,1.2,3.3,1.7,1.9,1.5,1.2,1.2,1.9,1.5,1.2,1.2,1.9,1.5,1.2,1.2,1.9,1.5,1.2,1.2,1.2,1.2,1.2,1.2,1.2,1.2,1.2,1.2,1.2,1.2,1.2,1.2,1.2,1.2,1.2,1.2,1.2,1.2,1.2,1.2,1.2,1.2,1.9,1.5,1.2,1.2,1.2,1.2,1.9,1.5,1.2,1.2,1.2,1.2,1.2,1.2,1.2,1.2,1.2,1.2,1.2,1.2,1.2,1.2,1.2,1.2,1.2,1.2,1.2,1.2,1.2,1.2,1.2,1.2,1.2,1.2,1.2,1.2,1.2,1.2,1.2,1.2,1.2,1.2,1.2,1.2,1.2,1.2,1.2,1.2,1.2,1.2,1.2,1.2,1.2,1.2,1.2,1.2
0.8510,0.9400,5449.3,93.5,1.67,1052.2,1756.7,2766.5,3796.3,0.525,0.095,3.3,3.3,3.3,3.3,1.9,1.5,1.2,1.2,31.7,29.3,2.6,1.7,1.2,1.2,1.9,1.5,1.2,1.2,3.3,3.3,2.6,1.7,1.2,1.2,3.3,2,2.6,1.7,1.2,1.2,67.2,64.7,3.3,1.7,2.6,1.7,1.2,1.2,42.4,40,3.3,3.3,2.6,1.7,1.2,1.2,2.6,1.7,1.2,1.2,3.3,3.3,2.6,1.7,1.2,1.2,3.3,3.3,2.6,1.7,1.2,1.2,1.2,1.2,2.6,1.7,1.2,1.2,2.6,1.7,1.2,1.2,1.2,1.2,2.6,1.7,1.2,1.2,3.3,3.3,1.2,1.2,53,50.5,3.3,3.3,1.2,1.2,3.3,2,1.2,1.2,1.2,1.2,3.3,2,3.3,3.3,1.9,1.5,1.2,1.2,1.9,1.5,1.2,1.2,3.3,3.3,1.9,1.5,1.2,1.2,1.9,1.5,1.2,1.2,1.2,1.2,1.2,1.2,2.6,1.7,1.2,1.2,1.2,1.2,1.2,1.2,1.2,1.2,1.2,1.2,1.2,1.2,1.2,1.2,1.2,1.2,3.3,1.7,1.9,1.5,1.2,1.2,3.3,1.7,1.9,1.5,1.2,1.2,1.9,1.5,1.2,1.2,1.9,1.5,1.2,1.2,1.9,1.5,1.2,1.2,1.2,1.2,1.2,1.2,1.2,1.2,1.2,1.2,1.2,1.2,1.2,1.2,1.2,1.2,1.2,1.2,1.2,1.2,1.2,1.2,1.2,1.2,1.9,1.5,1.2,1.2,1.2,1.2,1.9,1.5,1.2,1.2,1.2,1.2,1.2,1.2,1.2,1.2,1.2,1.2,1.2,1.2,1.2,1.2,1.2,1.2,1.2,1.2,1.2,1.2,1.2,1.2,1.2,1.2,1.2,1.2,1.2,1.2,1.2,1.2,1.2,1.2,1.2,1.2,1.2,1.2,1.2,1.2,1.2,1.2,1.2,1.2,1.2,1.2,1.2,1.2,1.2,1.2
0.8540,0.9423,5466.1,93.5,1.67,1052.2,1756.7,2769.7,3802,0.52,0.092,3.3,3.3,3.3,3.3,1.9,1.5,1.2,1.2,32,29,2.6,1.7,1.2,1.2,1.9,1.5,1.2,1.2,3.3,3.3,2.6,1.7,1.2,1.2,3.3,2,2.6,1.7,1.2,1.2,67.7,65.2,3.3,1.7,2.6,1.7,1.2,1.2,42.7,40.3,3.3,3.3,2.6,1.7,1.2,1.2,2.6,1.7,1.2,1.2,3.3,3.3,2.6,1.7,1.2,1.2,3.3,3.3,2.6,1.7,1.2,1.2,1.2,1.2,2.6,1.7,1.2,1.2,2.6,1.7,1.2,1.2,1.2,1.2,2.6,1.7,1.2,1.2,3.3,3.3,1.2,1.2,53.4,50.9,3.3,3.3,1.2,1.2,3.3,2,1.2,1.2,1.2,1.2,3.3,2,3.3,3.3,1.9,1.5,1.2,1.2,1.9,1.5,1.2,1.2,3.3,3.3,1.9,1.5,1.2,1.2,1.9,1.5,1.2,1.2,1.2,1.2,1.2,1.2,2.6,1.7,1.2,1.2,1.2,1.2,1.2,1.2,1.2,1.2,1.2,1.2,1.2,1.2,1.2,1.2,1.2,1.2,3.3,1.7,1.9,1.5,1.2,1.2,3.3,1.7,1.9,1.5,1.2,1.2,1.9,1.5,1.2,1.2,1.9,1.5,1.2,1.2,1.9,1.5,1.2,1.2,1.2,1.2,1.2,1.2,1.2,1.2,1.2,1.2,1.2,1.2,1.2,1.2,1.2,1.2,1.2,1.2,1.2,1.2,1.2,1.2,1.2,1.2,1.9,1.5,1.2,1.2,1.2,1.2,1.9,1.5,1.2,1.2,1.2,1.2,1.2,1.2,1.2,1.2,1.2,1.2,1.2,1.2,1.2,1.2,1.2,1.2,1.2,1.2,1.2,1.2,1.2,1.2,1.2,1.2,1.2,1.2,1.2,1.2,1.2,1.2,1.2,1.2,1.2,1.2,1.2,1.2,1.2,1.2,1.2,1.2,1.2,1.2,1.2,1.2,1.2,1.2,1.2,1.2
0.8570,0.9445,5482.6,93.5,1.67,1052.2,1756.7,2772.9,3807.7,0.514,0.089,3.3,3.3,3.3,3.3,1.9,1.5,1.2,1.2,32.2,29.3,2.6,1.7,1.2,1.2,1.9,1.5,1.2,1.2,3.3,3.3,2.6,1.7,1.2,1.2,3.3,2,2.6,1.7,1.2,1.2,68.3,65.8,3.3,1.7,2.6,1.7,1.2,1.2,43,40.7,3.3,3.3,2.6,1.7,1.2,1.2,2.6,1.7,1.2,1.2,3.3,3.3,2.6,1.7,1.2,1.2,3.3,3.3,2.6,1.7,1.2,1.2,1.2,1.2,2.6,1.7,1.2,1.2,2.6,1.7,1.2,1.2,1.2,1.2,2.6,1.7,1.2,1.2,3.3,3.3,1.2,1.2,53.9,51.4,3.3,3.3,1.2,1.2,3.3,2,1.2,1.2,1.2,1.2,3.3,2,3.3,3.3,1.9,1.5,1.2,1.2,1.9,1.5,1.2,1.2,3.3,3.3,1.9,1.5,1.2,1.2,1.9,1.5,1.2,1.2,1.2,1.2,1.2,1.2,2.6,1.7,1.2,1.2,1.2,1.2,1.2,1.2,1.2,1.2,1.2,1.2,1.2,1.2,1.2,1.2,1.2,1.2,3.3,1.7,1.9,1.5,1.2,1.2,3.3,1.7,1.9,1.5,1.2,1.2,1.9,1.5,1.2,1.2,1.9,1.5,1.2,1.2,1.9,1.5,1.2,1.2,1.2,1.2,1.2,1.2,1.2,1.2,1.2,1.2,1.2,1.2,1.2,1.2,1.2,1.2,1.2,1.2,1.2,1.2,1.2,1.2,1.2,1.2,1.9,1.5,1.2,1.2,1.2,1.2,1.9,1.5,1.2,1.2,1.2,1.2,1.2,1.2,1.2,1.2,1.2,1.2,1.2,1.2,1.2,1.2,1.2,1.2,1.2,1.2,1.2,1.2,1.2,1.2,1.2,1.2,1.2,1.2,1.2,1.2,1.2,1.2,1.2,1.2,1.2,1.2,1.2,1.2,1.2,1.2,1.2,1.2,1.2,1.2,1.2,1.2,1.2,1.2,1.2,1.2
0.8590,0.9460,5499.6,93.5,1.66,1052.2,1756.7,2776,3813.4,0.509,0.086,3.3,3.3,3.3,3.3,1.9,1.5,1.2,1.2,32.5,29.6,2.6,1.7,1.2,1.2,1.9,1.5,1.2,1.2,3.3,3.3,2.6,1.7,1.2,1.2,3.3,2,2.6,1.7,1.2,1.2,68.8,66.3,3.3,1.7,2.6,1.7,1.2,1.2,43.4,41,3.3,3.3,2.6,1.7,1.2,1.2,2.6,1.7,1.2,1.2,3.3,3.3,2.6,1.7,1.2,1.2,3.3,3.3,2.6,1.7,1.2,1.2,1.2,1.2,2.6,1.7,1.2,1.2,2.6,1.7,1.2,1.2,1.2,1.2,2.6,1.7,1.2,1.2,3.3,3.3,1.2,1.2,54.3,51.8,3.3,3.3,1.2,1.2,3.3,2,1.2,1.2,1.2,1.2,3.3,2,3.3,3.3,1.9,1.5,1.2,1.2,1.9,1.5,1.2,1.2,3.3,3.3,1.9,1.5,1.2,1.2,1.9,1.5,1.2,1.2,1.2,1.2,1.2,1.2,2.6,1.7,1.2,1.2,1.2,1.2,1.2,1.2,1.2,1.2,1.2,1.2,1.2,1.2,1.2,1.2,1.2,1.2,3.3,1.7,1.9,1.5,1.2,1.2,3.3,1.7,1.9,1.5,1.2,1.2,1.9,1.5,1.2,1.2,1.9,1.5,1.2,1.2,1.9,1.5,1.2,1.2,1.2,1.2,1.2,1.2,1.2,1.2,1.2,1.2,1.2,1.2,1.2,1.2,1.2,1.2,1.2,1.2,1.2,1.2,1.2,1.2,1.2,1.2,1.9,1.5,1.2,1.2,1.2,1.2,1.9,1.5,1.2,1.2,1.2,1.2,1.2,1.2,1.2,1.2,1.2,1.2,1.2,1.2,1.2,1.2,1.2,1.2,1.2,1.2,1.2,1.2,1.2,1.2,1.2,1.2,1.2,1.2,1.2,1.2,1.2,1.2,1.2,1.2,1.2,1.2,1.2,1.2,1.2,1.2,1.2,1.2,1.2,1.2,1.2,1.2,1.2,1.2,1.2,1.2
0.8620,0.9481,5516.1,93.5,1.66,1052.2,1756.7,2779.1,3819,0.504,0.083,3.3,3.3,3.3,3.3,1.9,1.5,1.2,1.2,32.8,29.8,2.6,1.7,1.2,1.2,1.9,1.5,1.2,1.2,3.3,3.3,2.6,1.7,1.2,1.2,3.3,2,2.6,1.7,1.2,1.2,69.4,66.9,3.3,1.7,2.6,1.7,1.2,1.2,43.7,41.4,3.3,3.3,2.6,1.7,1.2,1.2,2.6,1.7,1.2,1.2,3.3,3.3,2.6,1.7,1.2,1.2,3.3,3.3,2.6,1.7,1.2,1.2,1.2,1.2,2.6,1.7,1.2,1.2,2.6,1.7,1.2,1.2,1.2,1.2,2.6,1.7,1.2,1.2,3.3,3.3,1.2,1.2,54.7,52.2,3.3,3.3,1.2,1.2,3.3,2,1.2,1.2,1.2,1.2,3.3,2,3.3,3.3,1.9,1.5,1.2,1.2,1.9,1.5,1.2,1.2,3.3,3.3,1.9,1.5,1.2,1.2,1.9,1.5,1.2,1.2,1.2,1.2,1.2,1.2,2.6,1.7,1.2,1.2,1.2,1.2,1.2,1.2,1.2,1.2,1.2,1.2,1.2,1.2,1.2,1.2,1.2,1.2,3.3,1.7,1.9,1.5,1.2,1.2,3.3,1.7,1.9,1.5,1.2,1.2,1.9,1.5,1.2,1.2,1.9,1.5,1.2,1.2,1.9,1.5,1.2,1.2,1.2,1.2,1.2,1.2,1.2,1.2,1.2,1.2,1.2,1.2,1.2,1.2,1.2,1.2,1.2,1.2,1.2,1.2,1.2,1.2,1.2,1.2,1.9,1.5,1.2,1.2,1.2,1.2,1.9,1.5,1.2,1.2,1.2,1.2,1.2,1.2,1.2,1.2,1.2,1.2,1.2,1.2,1.2,1.2,1.2,1.2,1.2,1.2,1.2,1.2,1.2,1.2,1.2,1.2,1.2,1.2,1.2,1.2,1.2,1.2,1.2,1.2,1.2,1.2,1.2,1.2,1.2,1.2,1.2,1.2,1.2,1.2,1.2,1.2,1.2,1.2,1.2,1.2
0.8640,0.9495,5532.7,93.5,1.66,1052.2,1756.7,2782.2,3824.6,0.498,0.08,3.3,3.3,3.3,3.3,1.9,1.5,1.2,1.2,33,29.6,2.6,1.7,1.2,1.2,1.9,1.5,1.2,1.2,3.3,3.3,2.6,1.7,1.2,1.2,3.3,2,2.6,1.7,1.2,1.2,69.9,67.4,3.3,1.7,2.6,1.7,1.2,1.2,44.1,41.7,3.3,3.3,2.6,1.7,1.2,1.2,2.6,1.7,1.2,1.2,3.3,3.3,2.6,1.7,1.2,1.2,3.3,3.3,2.6,1.7,1.2,1.2,1.2,1.2,2.6,1.7,1.2,1.2,2.6,1.7,1.2,1.2,1.2,1.2,2.6,1.7,1.2,1.2,3.3,3.3,1.2,1.2,55.2,52.7,3.3,3.3,1.2,1.2,3.3,2,1.2,1.2,1.2,1.2,3.3,2,3.3,3.3,1.9,1.5,1.2,1.2,1.9,1.5,1.2,1.2,3.3,3.3,1.9,1.5,1.2,1.2,1.9,1.5,1.2,1.2,1.2,1.2,1.2,1.2,2.6,1.7,1.2,1.2,1.2,1.2,1.2,1.2,1.2,1.2,1.2,1.2,1.2,1.2,1.2,1.2,1.2,1.2,3.3,1.7,1.9,1.5,1.2,1.2,3.3,1.7,1.9,1.5,1.2,1.2,1.9,1.5,1.2,1.2,1.9,1.5,1.2,1.2,1.9,1.5,1.2,1.2,1.2,1.2,1.2,1.2,1.2,1.2,1.2,1.2,1.2,1.2,1.2,1.2,1.2,1.2,1.2,1.2,1.2,1.2,1.2,1.2,1.2,1.2,1.9,1.5,1.2,1.2,1.2,1.2,1.9,1.5,1.2,1.2,1.2,1.2,1.2,1.2,1.2,1.2,1.2,1.2,1.2,1.2,1.2,1.2,1.2,1.2,1.2,1.2,1.2,1.2,1.2,1.2,1.2,1.2,1.2,1.2,1.2,1.2,1.2,1.2,1.2,1.2,1.2,1.2,1.2,1.2,1.2,1.2,1.2,1.2,1.2,1.2,1.2,1.2,1.2,1.2,1.2,1.2
0.8670,0.9516,5549.3,93.5,1.66,1052.2,1756.7,2785.3,3830.1,0.493,0.077,3.3,3.3,3.3,3.3,1.9,1.5,1.2,1.2,33.3,30.3,2.6,1.7,1.2,1.2,1.9,1.5,1.2,1.2,3.3,3.3,2.6,1.7,1.2,1.2,3.3,2,2.6,1.7,1.2,1.2,70.5,68,3.3,1.7,2.6,1.7,1.2,1.2,44.5,42.1,3.3,3.3,2.6,1.7,1.2,1.2,2.6,1.7,1.2,1.2,3.3,3.3,2.6,1.7,1.2,1.2,3.3,3.3,2.6,1.7,1.2,1.2,1.2,1.2,2.6,1.7,1.2,1.2,2.6,1.7,1.2,1.2,1.2,1.2,2.6,1.7,1.2,1.2,3.3,3.3,1.2,1.2,55.6,53.1,3.3,3.3,1.2,1.2,3.3,2,1.2,1.2,1.2,1.2,3.3,2,3.3,3.3,1.9,1.5,1.2,1.2,1.9,1.5,1.2,1.2,3.3,3.3,1.9,1.5,1.2,1.2,1.9,1.5,1.2,1.2,1.2,1.2,1.2,1.2,2.6,1.7,1.2,1.2,1.2,1.2,1.2,1.2,1.2,1.2,1.2,1.2,1.2,1.2,1.2,1.2,1.2,1.2,3.3,1.7,1.9,1.5,1.2,1.2,3.3,1.7,1.9,1.5,1.2,1.2,1.9,1.5,1.2,1.2,1.9,1.5,1.2,1.2,1.9,1.5,1.2,1.2,1.2,1.2,1.2,1.2,1.2,1.2,1.2,1.2,1.2,1.2,1.2,1.2,1.2,1.2,1.2,1.2,1.2,1.2,1.2,1.2,1.2,1.2,1.9,1.5,1.2,1.2,1.2,1.2,1.9,1.5,1.2,1.2,1.2,1.2,1.2,1.2,1.2,1.2,1.2,1.2,1.2,1.2,1.2,1.2,1.2,1.2,1.2,1.2,1.2,1.2,1.2,1.2,1.2,1.2,1.2,1.2,1.2,1.2,1.2,1.2,1.2,1.2,1.2,1.2,1.2,1.2,1.2,1.2,1.2,1.2,1.2,1.2,1.2,1.2,1.2,1.2,1.2,1.2
0.8700,0.9537,5566.1,93.5,1.66,1052.2,1756.7,2788.3,3835.6,0.487,0.074,3.3,3.3,3.3,3.3,1.9,1.5,1.2,1.2,33.6,30.7,2.6,1.7,1.2,1.2,1.9,1.5,1.2,1.2,3.3,3.3,2.6,1.7,1.2,1.2,3.3,2,2.6,1.7,1.2,1.2,71.1,68.6,3.3,1.7,2.6,1.7,1.2,1.2,44.8,42.4,3.3,3.3,2.6,1.7,1.2,1.2,2.6,1.7,1.2,1.2,3.3,3.3,2.6,1.7,1.2,1.2,3.3,3.3,2.6,1.7,1.2,1.2,1.2,1.2,2.6,1.7,1.2,1.2,2.6,1.7,1.2,1.2,1.2,1.2,2.6,1.7,1.2,1.2,3.3,3.3,1.2,1.2,56.1,53.6,3.3,3.3,1.2,1.2,3.3,2,1.2,1.2,1.2,1.2,3.3,2,3.3,3.3,1.9,1.5,1.2,1.2,1.9,1.5,1.2,1.2,3.3,3.3,1.9,1.5,1.2,1.2,1.9,1.5,1.2,1.2,1.2,1.2,1.2,1.2,2.6,1.7,1.2,1.2,1.2,1.2,1.2,1.2,1.2,1.2,1.2,1.2,1.2,1.2,1.2,1.2,1.2,1.2,3.3,1.7,1.9,1.5,1.2,1.2,3.3,1.7,1.9,1.5,1.2,1.2,1.9,1.5,1.2,1.2,1.9,1.5,1.2,1.2,1.9,1.5,1.2,1.2,1.2,1.2,1.2,1.2,1.2,1.2,1.2,1.2,1.2,1.2,1.2,1.2,1.2,1.2,1.2,1.2,1.2,1.2,1.2,1.2,1.2,1.2,1.9,1.5,1.2,1.2,1.2,1.2,1.9,1.5,1.2,1.2,1.2,1.2,1.2,1.2,1.2,1.2,1.2,1.2,1.2,1.2,1.2,1.2,1.2,1.2,1.2,1.2,1.2,1.2,1.2,1.2,1.2,1.2,1.2,1.2,1.2,1.2,1.2,1.2,1.2,1.2,1.2,1.2,1.2,1.2,1.2,1.2,1.2,1.2,1.2,1.2,1.2,1.2,1.2,1.2,1.2,1.2
0.8720,0.9550,5583,93.5,1.66,1052.2,1756.7,2791.3,3841,0.481,0.071,3.3,3.3,3.3,3.3,1.9,1.5,1.2,1.2,33.9,31,2.6,1.7,1.2,1.2,1.9,1.5,1.2,1.2,3.3,3.3,2.6,1.7,1.2,1.2,3.3,2,2.6,1.7,1.2,1.2,71.7,68.5,3.3,1.7,2.6,1.7,1.2,1.2,45.2,42.8,3.3,3.3,2.6,1.7,1.2,1.2,2.6,1.7,1.2,1.2,3.3,3.3,2.6,1.7,1.2,1.2,3.3,3.3,2.6,1.7,1.2,1.2,1.2,1.2,2.6,1.7,1.2,1.2,2.6,1.7,1.2,1.2,1.2,1.2,2.6,1.7,1.2,1.2,3.3,3.3,1.2,1.2,56.6,54.1,3.3,3.3,1.2,1.2,3.3,2,1.2,1.2,1.2,1.2,3.3,2,3.3,3.3,1.9,1.5,1.2,1.2,1.9,1.5,1.2,1.2,3.3,3.3,1.9,1.5,1.2,1.2,1.9,1.5,1.2,1.2,1.2,1.2,1.2,1.2,2.6,1.7,1.2,1.2,1.2,1.2,1.2,1.2,1.2,1.2,1.2,1.2,1.2,1.2,1.2,1.2,1.2,1.2,3.3,1.7,1.9,1.5,1.2,1.2,3.3,1.7,1.9,1.5,1.2,1.2,1.9,1.5,1.2,1.2,1.9,1.5,1.2,1.2,1.9,1.5,1.2,1.2,1.2,1.2,1.2,1.2,1.2,1.2,1.2,1.2,1.2,1.2,1.2,1.2,1.2,1.2,1.2,1.2,1.2,1.2,1.2,1.2,1.2,1.2,1.9,1.5,1.2,1.2,1.2,1.2,1.9,1.5,1.2,1.2,1.2,1.2,1.2,1.2,1.2,1.2,1.2,1.2,1.2,1.2,1.2,1.2,1.2,1.2,1.2,1.2,1.2,1.2,1.2,1.2,1.2,1.2,1.2,1.2,1.2,1.2,1.2,1.2,1.2,1.2,1.2,1.2,1.2,1.2,1.2,1.2,1.2,1.2,1.2,1.2,1.2,1.2,1.2,1.2,1.2,1.2
0.8750,0.9570,5599.3,93.5,1.66,1052.2,1756.7,2794.3,3846.3,0.475,0.068,3.3,3.3,3.3,3.3,1.9,1.5,1.2,1.2,34.1,31.3,2.6,1.7,1.2,1.2,1.9,1.5,1.2,1.2,3.3,3.3,2.6,1.7,1.2,1.2,3.3,2,2.6,1.7,1.2,1.2,72.3,69.6,3.3,1.7,2.6,1.7,1.2,1.2,45.6,43.2,3.3,3.3,2.6,1.7,1.2,1.2,2.6,1.7,1.2,1.2,3.3,3.3,2.6,1.7,1.2,1.2,3.3,3.3,2.6,1.7,1.2,1.2,1.2,1.2,2.6,1.7,1.2,1.2,2.6,1.7,1.2,1.2,1.2,1.2,2.6,1.7,1.2,1.2,3.3,3.3,1.2,1.2,57.1,54.5,3.3,3.3,1.2,1.2,3.3,2,1.2,1.2,1.2,1.2,3.3,2,3.3,3.3,1.9,1.5,1.2,1.2,1.9,1.5,1.2,1.2,3.3,3.3,1.9,1.5,1.2,1.2,1.9,1.5,1.2,1.2,1.2,1.2,1.2,1.2,2.6,1.7,1.2,1.2,1.2,1.2,1.2,1.2,1.2,1.2,1.2,1.2,1.2,1.2,1.2,1.2,1.2,1.2,3.3,1.7,1.9,1.5,1.2,1.2,3.3,1.7,1.9,1.5,1.2,1.2,1.9,1.5,1.2,1.2,1.9,1.5,1.2,1.2,1.9,1.5,1.2,1.2,1.2,1.2,1.2,1.2,1.2,1.2,1.2,1.2,1.2,1.2,1.2,1.2,1.2,1.2,1.2,1.2,1.2,1.2,1.2,1.2,1.2,1.2,1.9,1.5,1.2,1.2,1.2,1.2,1.9,1.5,1.2,1.2,1.2,1.2,1.2,1.2,1.2,1.2,1.2,1.2,1.2,1.2,1.2,1.2,1.2,1.2,1.2,1.2,1.2,1.2,1.2,1.2,1.2,1.2,1.2,1.2,1.2,1.2,1.2,1.2,1.2,1.2,1.2,1.2,1.2,1.2,1.2,1.2,1.2,1.2,1.2,1.2,1.2,1.2,1.2,1.2,1.2,1.2
0.8770,0.9583,5616.2,93.5,1.66,1052.2,1756.7,2797.2,3851.6,0.469,0.065,3.3,3.3,3.3,3.3,1.9,1.5,1.2,1.2,34.4,31.6,2.6,1.7,1.2,1.2,1.9,1.5,1.2,1.2,3.3,3.3,2.6,1.7,1.2,1.2,3.3,2,2.6,1.7,1.2,1.2,72.9,70.3,3.3,1.7,2.6,1.7,1.2,1.2,46,43.1,3.3,3.3,2.6,1.7,1.2,1.2,2.6,1.7,1.2,1.2,3.3,3.3,2.6,1.7,1.2,1.2,3.3,3.3,2.6,1.7,1.2,1.2,1.2,1.2,2.6,1.7,1.2,1.2,2.6,1.7,1.2,1.2,1.2,1.2,2.6,1.7,1.2,1.2,3.3,3.3,1.2,1.2,57.5,55,3.3,3.3,1.2,1.2,3.3,2,1.2,1.2,1.2,1.2,3.3,2,3.3,3.3,1.9,1.5,1.2,1.2,1.9,1.5,1.2,1.2,3.3,3.3,1.9,1.5,1.2,1.2,1.9,1.5,1.2,1.2,1.2,1.2,1.2,1.2,2.6,1.7,1.2,1.2,1.2,1.2,1.2,1.2,1.2,1.2,1.2,1.2,1.2,1.2,1.2,1.2,1.2,1.2,3.3,1.7,1.9,1.5,1.2,1.2,3.3,1.7,1.9,1.5,1.2,1.2,1.9,1.5,1.2,1.2,1.9,1.5,1.2,1.2,1.9,1.5,1.2,1.2,1.2,1.2,1.2,1.2,1.2,1.2,1.2,1.2,1.2,1.2,1.2,1.2,1.2,1.2,1.2,1.2,1.2,1.2,1.2,1.2,1.2,1.2,1.9,1.5,1.2,1.2,1.2,1.2,1.9,1.5,1.2,1.2,1.2,1.2,1.2,1.2,1.2,1.2,1.2,1.2,1.2,1.2,1.2,1.2,1.2,1.2,1.2,1.2,1.2,1.2,1.2,1.2,1.2,1.2,1.2,1.2,1.2,1.2,1.2,1.2,1.2,1.2,1.2,1.2,1.2,1.2,1.2,1.2,1.2,1.2,1.2,1.2,1.2,1.2,1.2,1.2,1.2,1.2
0.8800,0.9603,5632.7,93.5,1.66,1052.2,1756.7,2800.1,3856.9,0.463,0.062,3.3,3.3,3.3,3.3,1.9,1.5,1.2,1.2,34.7,31.9,2.6,1.7,1.2,1.2,1.9,1.5,1.2,1.2,3.3,3.3,2.6,1.7,1.2,1.2,3.3,2,2.6,1.7,1.2,1.2,73.5,71,3.3,1.7,2.6,1.7,1.2,1.2,46.4,43.5,3.3,3.3,2.6,1.7,1.2,1.2,2.6,1.7,1.2,1.2,3.3,3.3,2.6,1.7,1.2,1.2,3.3,3.3,2.6,1.7,1.2,1.2,1.2,1.2,2.6,1.7,1.2,1.2,2.6,1.7,1.2,1.2,1.2,1.2,2.6,1.7,1.2,1.2,3.3,3.3,1.2,1.2,58,55.5,3.3,3.3,1.2,1.2,3.3,2,1.2,1.2,1.2,1.2,3.3,2,3.3,3.3,1.9,1.5,1.2,1.2,1.9,1.5,1.2,1.2,3.3,3.3,1.9,1.5,1.2,1.2,1.9,1.5,1.2,1.2,1.2,1.2,1.2,1.2,2.6,1.7,1.2,1.2,1.2,1.2,1.2,1.2,1.2,1.2,1.2,1.2,1.2,1.2,1.2,1.2,1.2,1.2,3.3,1.7,1.9,1.5,1.2,1.2,3.3,1.7,1.9,1.5,1.2,1.2,1.9,1.5,1.2,1.2,1.9,1.5,1.2,1.2,1.9,1.5,1.2,1.2,1.2,1.2,1.2,1.2,1.2,1.2,1.2,1.2,1.2,1.2,1.2,1.2,1.2,1.2,1.2,1.2,1.2,1.2,1.2,1.2,1.2,1.2,1.9,1.5,1.2,1.2,1.2,1.2,1.9,1.5,1.2,1.2,1.2,1.2,1.2,1.2,1.2,1.2,1.2,1.2,1.2,1.2,1.2,1.2,1.2,1.2,1.2,1.2,1.2,1.2,1.2,1.2,1.2,1.2,1.2,1.2,1.2,1.2,1.2,1.2,1.2,1.2,1.2,1.2,1.2,1.2,1.2,1.2,1.2,1.2,1.2,1.2,1.2,1.2,1.2,1.2,1.2,1.2
0.8830,0.9621,5649.4,93.5,1.66,1052.2,1756.7,2803,3862,0.457,0.059,3.3,3.3,3.3,3.3,1.9,1.5,1.2,1.2,35,32.1,2.6,1.7,1.2,1.2,1.9,1.5,1.2,1.2,3.3,3.3,2.6,1.7,1.2,1.2,3.3,2,2.6,1.7,1.2,1.2,74.2,71.6,3.3,1.7,2.6,1.7,1.2,1.2,46.8,43.9,3.3,3.3,2.6,1.7,1.2,1.2,2.6,1.7,1.2,1.2,3.3,3.3,2.6,1.7,1.2,1.2,3.3,3.3,2.6,1.7,1.2,1.2,1.2,1.2,2.6,1.7,1.2,1.2,2.6,1.7,1.2,1.2,1.2,1.2,2.6,1.7,1.2,1.2,3.3,3.3,1.2,1.2,58.5,56,3.3,3.3,1.2,1.2,3.3,2,1.2,1.2,1.2,1.2,3.3,2,3.3,3.3,1.9,1.5,1.2,1.2,1.9,1.5,1.2,1.2,3.3,3.3,1.9,1.5,1.2,1.2,1.9,1.5,1.2,1.2,1.2,1.2,1.2,1.2,2.6,1.7,1.2,1.2,1.2,1.2,1.2,1.2,1.2,1.2,1.2,1.2,1.2,1.2,1.2,1.2,1.2,1.2,3.3,1.7,1.9,1.5,1.2,1.2,3.3,1.7,1.9,1.5,1.2,1.2,1.9,1.5,1.2,1.2,1.9,1.5,1.2,1.2,1.9,1.5,1.2,1.2,1.2,1.2,1.2,1.2,1.2,1.2,1.2,1.2,1.2,1.2,1.2,1.2,1.2,1.2,1.2,1.2,1.2,1.2,1.2,1.2,1.2,1.2,1.9,1.5,1.2,1.2,1.2,1.2,1.9,1.5,1.2,1.2,1.2,1.2,1.2,1.2,1.2,1.2,1.2,1.2,1.2,1.2,1.2,1.2,1.2,1.2,1.2,1.2,1.2,1.2,1.2,1.2,1.2,1.2,1.2,1.2,1.2,1.2,1.2,1.2,1.2,1.2,1.2,1.2,1.2,1.2,1.2,1.2,1.2,1.2,1.2,1.2,1.2,1.2,1.2,1.2,1.2,1.2
0.8850,0.9634,5666.1,93.5,1.65,1052.2,1756.7,2805.8,3867.1,0.451,0.057,3.3,3.3,3.3,3.3,1.9,1.5,1.2,1.2,35.3,32.5,2.6,1.7,1.2,1.2,1.9,1.5,1.2,1.2,3.3,3.3,2.6,1.7,1.2,1.2,3.3,2,2.6,1.7,1.2,1.2,74.8,72.2,3.3,1.7,2.6,1.7,1.2,1.2,47.2,44.3,3.3,3.3,2.6,1.7,1.2,1.2,2.6,1.7,1.2,1.2,3.3,3.3,2.6,1.7,1.2,1.2,3.3,3.3,2.6,1.7,1.2,1.2,1.2,1.2,2.6,1.7,1.2,1.2,2.6,1.7,1.2,1.2,1.2,1.2,2.6,1.7,1.2,1.2,3.3,3.3,1.2,1.2,59,56.5,3.3,3.3,1.2,1.2,3.3,2,1.2,1.2,1.2,1.2,3.3,2,3.3,3.3,1.9,1.5,1.2,1.2,1.9,1.5,1.2,1.2,3.3,3.3,1.9,1.5,1.2,1.2,1.9,1.5,1.2,1.2,1.2,1.2,1.2,1.2,2.6,1.7,1.2,1.2,1.2,1.2,1.2,1.2,1.2,1.2,1.2,1.2,1.2,1.2,1.2,1.2,1.2,1.2,3.3,1.7,1.9,1.5,1.2,1.2,3.3,1.7,1.9,1.5,1.2,1.2,1.9,1.5,1.2,1.2,1.9,1.5,1.2,1.2,1.9,1.5,1.2,1.2,1.2,1.2,1.2,1.2,1.2,1.2,1.2,1.2,1.2,1.2,1.2,1.2,1.2,1.2,1.2,1.2,1.2,1.2,1.2,1.2,1.2,1.2,1.9,1.5,1.2,1.2,1.2,1.2,1.9,1.5,1.2,1.2,1.2,1.2,1.2,1.2,1.2,1.2,1.2,1.2,1.2,1.2,1.2,1.2,1.2,1.2,1.2,1.2,1.2,1.2,1.2,1.2,1.2,1.2,1.2,1.2,1.2,1.2,1.2,1.2,1.2,1.2,1.2,1.2,1.2,1.2,1.2,1.2,1.2,1.2,1.2,1.2,1.2,1.2,1.2,1.2,1.2,1.2
0.8880,0.9652,5682.8,93.5,1.65,1052.2,1756.7,2808.6,3872.1,0.445,0.054,3.3,3.3,3.3,3.3,1.9,1.5,1.2,1.2,35.6,32.8,2.6,1.7,1.2,1.2,1.9,1.5,1.2,1.2,3.3,3.3,2.6,1.7,1.2,1.2,3.3,2,2.6,1.7,1.2,1.2,75.5,72.9,3.3,1.7,2.6,1.7,1.2,1.2,47.6,44.8,3.3,3.3,2.6,1.7,1.2,1.2,2.6,1.7,1.2,1.2,3.3,3.3,2.6,1.7,1.2,1.2,3.3,3.3,2.6,1.7,1.2,1.2,1.2,1.2,2.6,1.7,1.2,1.2,2.6,1.7,1.2,1.2,1.2,1.2,2.6,1.7,1.2,1.2,3.3,3.3,1.2,1.2,59.6,57,3.3,3.3,1.2,1.2,3.3,2,1.2,1.2,1.2,1.2,3.3,2,3.3,3.3,1.9,1.5,1.2,1.2,1.9,1.5,1.2,1.2,3.3,3.3,1.9,1.5,1.2,1.2,1.9,1.5,1.2,1.2,1.2,1.2,1.2,1.2,2.6,1.7,1.2,1.2,1.2,1.2,1.2,1.2,1.2,1.2,1.2,1.2,1.2,1.2,1.2,1.2,1.2,1.2,3.3,1.7,1.9,1.5,1.2,1.2,3.3,1.7,1.9,1.5,1.2,1.2,1.9,1.5,1.2,1.2,1.9,1.5,1.2,1.2,1.9,1.5,1.2,1.2,1.2,1.2,1.2,1.2,1.2,1.2,1.2,1.2,1.2,1.2,1.2,1.2,1.2,1.2,1.2,1.2,1.2,1.2,1.2,1.2,1.2,1.2,1.9,1.5,1.2,1.2,1.2,1.2,1.9,1.5,1.2,1.2,1.2,1.2,1.2,1.2,1.2,1.2,1.2,1.2,1.2,1.2,1.2,1.2,1.2,1.2,1.2,1.2,1.2,1.2,1.2,1.2,1.2,1.2,1.2,1.2,1.2,1.2,1.2,1.2,1.2,1.2,1.2,1.2,1.2,1.2,1.2,1.2,1.2,1.2,1.2,1.2,1.2,1.2,1.2,1.2,1.2,1.2
0.8900,0.9664,5699.5,93.5,1.65,1052.2,1756.7,2811.3,3877.1,0.438,0.051,3.3,3.3,3.3,3.3,1.9,1.5,1.2,1.2,36,33.1,2.6,1.7,1.2,1.2,1.9,1.5,1.2,1.2,3.3,3.3,2.6,1.7,1.2,1.2,3.3,2,2.6,1.7,1.2,1.2,76.2,73.6,3.3,1.7,2.6,1.7,1.2,1.2,48,45.2,3.3,3.3,2.6,1.7,1.2,1.2,2.6,1.7,1.2,1.2,3.3,3.3,2.6,1.7,1.2,1.2,3.3,3.3,2.6,1.7,1.2,1.2,1.2,1.2,2.6,1.7,1.2,1.2,2.6,1.7,1.2,1.2,1.2,1.2,2.6,1.7,1.2,1.2,3.3,3.3,1.2,1.2,60.1,57.1,3.3,3.3,1.2,1.2,3.3,2,1.2,1.2,1.2,1.2,3.3,2,3.3,3.3,1.9,1.5,1.2,1.2,1.9,1.5,1.2,1.2,3.3,3.3,1.9,1.5,1.2,1.2,1.9,1.5,1.2,1.2,1.2,1.2,1.2,1.2,2.6,1.7,1.2,1.2,1.2,1.2,1.2,1.2,1.2,1.2,1.2,1.2,1.2,1.2,1.2,1.2,1.2,1.2,3.3,1.7,1.9,1.5,1.2,1.2,3.3,1.7,1.9,1.5,1.2,1.2,1.9,1.5,1.2,1.2,1.9,1.5,1.2,1.2,1.9,1.5,1.2,1.2,1.2,1.2,1.2,1.2,1.2,1.2,1.2,1.2,1.2,1.2,1.2,1.2,1.2,1.2,1.2,1.2,1.2,1.2,1.2,1.2,1.2,1.2,1.9,1.5,1.2,1.2,1.2,1.2,1.9,1.5,1.2,1.2,1.2,1.2,1.2,1.2,1.2,1.2,1.2,1.2,1.2,1.2,1.2,1.2,1.2,1.2,1.2,1.2,1.2,1.2,1.2,1.2,1.2,1.2,1.2,1.2,1.2,1.2,1.2,1.2,1.2,1.2,1.2,1.2,1.2,1.2,1.2,1.2,1.2,1.2,1.2,1.2,1.2,1.2,1.2,1.2,1.2,1.2
0.8930,0.9681,5716.1,93.5,1.65,1052.2,1756.7,2814,3881.9,0.431,0.048,3.3,3.3,3.3,3.3,1.9,1.5,1.2,1.2,36.3,33.4,2.6,1.7,1.2,1.2,1.9,1.5,1.2,1.2,3.3,3.3,2.6,1.7,1.2,1.2,3.3,2,2.6,1.7,1.2,1.2,76.8,74.2,3.3,1.7,2.6,1.7,1.2,1.2,48.5,45.6,3.3,3.3,2.6,1.7,1.2,1.2,2.6,1.7,1.2,1.2,3.3,3.3,2.6,1.7,1.2,1.2,3.3,3.3,2.6,1.7,1.2,1.2,1.2,1.2,2.6,1.7,1.2,1.2,2.6,1.7,1.2,1.2,1.2,1.2,2.6,1.7,1.2,1.2,3.3,3.3,1.2,1.2,60.6,57.7,3.3,3.3,1.2,1.2,3.3,2,1.2,1.2,1.2,1.2,3.3,2,3.3,3.3,1.9,1.5,1.2,1.2,1.9,1.5,1.2,1.2,3.3,3.3,1.9,1.5,1.2,1.2,1.9,1.5,1.2,1.2,1.2,1.2,1.2,1.2,2.6,1.7,1.2,1.2,1.2,1.2,1.2,1.2,1.2,1.2,1.2,1.2,1.2,1.2,1.2,1.2,1.2,1.2,3.3,1.7,1.9,1.5,1.2,1.2,3.3,1.7,1.9,1.5,1.2,1.2,1.9,1.5,1.2,1.2,1.9,1.5,1.2,1.2,1.9,1.5,1.2,1.2,1.2,1.2,1.2,1.2,1.2,1.2,1.2,1.2,1.2,1.2,1.2,1.2,1.2,1.2,1.2,1.2,1.2,1.2,1.2,1.2,1.2,1.2,1.9,1.5,1.2,1.2,1.2,1.2,1.9,1.5,1.2,1.2,1.2,1.2,1.2,1.2,1.2,1.2,1.2,1.2,1.2,1.2,1.2,1.2,1.2,1.2,1.2,1.2,1.2,1.2,1.2,1.2,1.2,1.2,1.2,1.2,1.2,1.2,1.2,1.2,1.2,1.2,1.2,1.2,1.2,1.2,1.2,1.2,1.2,1.2,1.2,1.2,1.2,1.2,1.2,1.2,1.2,1.2
0.8960,0.9698,5732.9,93.5,1.65,1052.2,1756.7,2816.7,3886.7,0.425,0.045,3.3,3.3,3.3,3.3,1.9,1.5,1.2,1.2,36.6,33.7,2.6,1.7,1.2,1.2,1.9,1.5,1.2,1.2,3.3,3.3,2.6,1.7,1.2,1.2,3.3,2,2.6,1.7,1.2,1.2,77.5,74.9,3.3,1.7,2.6,1.7,1.2,1.2,48.9,46.1,3.3,3.3,2.6,1.7,1.2,1.2,2.6,1.7,1.2,1.2,3.3,3.3,2.6,1.7,1.2,1.2,3.3,3.3,2.6,1.7,1.2,1.2,1.2,1.2,2.6,1.7,1.2,1.2,2.6,1.7,1.2,1.2,1.2,1.2,2.6,1.7,1.2,1.2,3.3,3.3,1.2,1.2,61.2,58.2,3.3,3.3,1.2,1.2,3.3,2,1.2,1.2,1.2,1.2,3.3,2,3.3,3.3,1.9,1.5,1.2,1.2,1.9,1.5,1.2,1.2,3.3,3.3,1.9,1.5,1.2,1.2,1.9,1.5,1.2,1.2,1.2,1.2,1.2,1.2,2.6,1.7,1.2,1.2,1.2,1.2,1.2,1.2,1.2,1.2,1.2,1.2,1.2,1.2,1.2,1.2,1.2,1.2,3.3,1.7,1.9,1.5,1.2,1.2,3.3,1.7,1.9,1.5,1.2,1.2,1.9,1.5,1.2,1.2,1.9,1.5,1.2,1.2,1.9,1.5,1.2,1.2,1.2,1.2,1.2,1.2,1.2,1.2,1.2,1.2,1.2,1.2,1.2,1.2,1.2,1.2,1.2,1.2,1.2,1.2,1.2,1.2,1.2,1.2,1.9,1.5,1.2,1.2,1.2,1.2,1.9,1.5,1.2,1.2,1.2,1.2,1.2,1.2,1.2,1.2,1.2,1.2,1.2,1.2,1.2,1.2,1.2,1.2,1.2,1.2,1.2,1.2,1.2,1.2,1.2,1.2,1.2,1.2,1.2,1.2,1.2,1.2,1.2,1.2,1.2,1.2,1.2,1.2,1.2,1.2,1.2,1.2,1.2,1.2,1.2,1.2,1.2,1.2,1.2,1.2
0.8980,0.9709,5749.7,93.5,1.65,1052.2,1756.7,2819.3,3891.5,0.418,0.043,3.3,3.3,3.3,3.3,1.9,1.5,1.2,1.2,37,34.1,2.6,1.7,1.2,1.2,1.9,1.5,1.2,1.2,3.3,3.3,2.6,1.7,1.2,1.2,3.3,2,2.6,1.7,1.2,1.2,78.3,75.6,3.3,1.7,2.6,1.7,1.2,1.2,49.3,46.5,3.3,3.3,2.6,1.7,1.2,1.2,2.6,1.7,1.2,1.2,3.3,3.3,2.6,1.7,1.2,1.2,3.3,3.3,2.6,1.7,1.2,1.2,1.2,1.2,2.6,1.7,1.2,1.2,2.6,1.7,1.2,1.2,1.2,1.2,2.6,1.7,1.2,1.2,3.3,3.3,1.2,1.2,61.7,58.7,3.3,3.3,1.2,1.2,3.3,2,1.2,1.2,1.2,1.2,3.3,2,3.3,3.3,1.9,1.5,1.2,1.2,1.9,1.5,1.2,1.2,3.3,3.3,1.9,1.5,1.2,1.2,1.9,1.5,1.2,1.2,1.2,1.2,1.2,1.2,2.6,1.7,1.2,1.2,1.2,1.2,1.2,1.2,1.2,1.2,1.2,1.2,1.2,1.2,1.2,1.2,1.2,1.2,3.3,1.7,1.9,1.5,1.2,1.2,3.3,1.7,1.9,1.5,1.2,1.2,1.9,1.5,1.2,1.2,1.9,1.5,1.2,1.2,1.9,1.5,1.2,1.2,1.2,1.2,1.2,1.2,1.2,1.2,1.2,1.2,1.2,1.2,1.2,1.2,1.2,1.2,1.2,1.2,1.2,1.2,1.2,1.2,1.2,1.2,1.9,1.5,1.2,1.2,1.2,1.2,1.9,1.5,1.2,1.2,1.2,1.2,1.2,1.2,1.2,1.2,1.2,1.2,1.2,1.2,1.2,1.2,1.2,1.2,1.2,1.2,1.2,1.2,1.2,1.2,1.2,1.2,1.2,1.2,1.2,1.2,1.2,1.2,1.2,1.2,1.2,1.2,1.2,1.2,1.2,1.2,1.2,1.2,1.2,1.2,1.2,1.2,1.2,1.2,1.2,1.2
0.9010,0.9725,5766.3,93.5,1.65,1052.2,1756.7,2821.9,3896.1,0.411,0.04,3.3,3.3,3.3,3.3,1.9,1.5,1.2,1.2,37.3,34.4,2.6,1.7,1.2,1.2,1.9,1.5,1.2,1.2,3.3,3.3,2.6,1.7,1.2,1.2,3.3,2,2.6,1.7,1.2,1.2,79,76.4,3.3,1.7,2.6,1.7,1.2,1.2,49.8,47,3.3,3.3,2.6,1.7,1.2,1.2,2.6,1.7,1.2,1.2,3.3,3.3,2.6,1.7,1.2,1.2,3.3,3.3,2.6,1.7,1.2,1.2,1.2,1.2,2.6,1.7,1.2,1.2,2.6,1.7,1.2,1.2,1.2,1.2,2.6,1.7,1.2,1.2,3.3,3.3,1.2,1.2,62.3,59.3,3.3,3.3,1.2,1.2,3.3,2,1.2,1.2,1.2,1.2,3.3,2,3.3,3.3,1.9,1.5,1.2,1.2,1.9,1.5,1.2,1.2,3.3,3.3,1.9,1.5,1.2,1.2,1.9,1.5,1.2,1.2,1.2,1.2,1.2,1.2,2.6,1.7,1.2,1.2,1.2,1.2,1.2,1.2,1.2,1.2,1.2,1.2,1.2,1.2,1.2,1.2,1.2,1.2,3.3,1.7,1.9,1.5,1.2,1.2,3.3,1.7,1.9,1.5,1.2,1.2,1.9,1.5,1.2,1.2,1.9,1.5,1.2,1.2,1.9,1.5,1.2,1.2,1.2,1.2,1.2,1.2,1.2,1.2,1.2,1.2,1.2,1.2,1.2,1.2,1.2,1.2,1.2,1.2,1.2,1.2,1.2,1.2,1.2,1.2,1.9,1.5,1.2,1.2,1.2,1.2,1.9,1.5,1.2,1.2,1.2,1.2,1.2,1.2,1.2,1.2,1.2,1.2,1.2,1.2,1.2,1.2,1.2,1.2,1.2,1.2,1.2,1.2,1.2,1.2,1.2,1.2,1.2,1.2,1.2,1.2,1.2,1.2,1.2,1.2,1.2,1.2,1.2,1.2,1.2,1.2,1.2,1.2,1.2,1.2,1.2,1.2,1.2,1.2,1.2,1.2
0.9040,0.9741,5783.2,93.5,1.65,1052.2,1756.7,2824.4,3900.7,0.404,0.038,3.3,3.3,3.3,3.3,1.9,1.5,1.2,1.2,37.6,34.7,2.6,1.7,1.2,1.2,1.9,1.5,1.2,1.2,3.3,3.3,2.6,1.7,1.2,1.2,3.3,2,2.6,1.7,1.2,1.2,79.7,76.6,3.3,1.7,2.6,1.7,1.2,1.2,50.3,46.8,3.3,3.3,2.6,1.7,1.2,1.2,2.6,1.7,1.2,1.2,3.3,3.3,2.6,1.7,1.2,1.2,3.3,3.3,2.6,1.7,1.2,1.2,1.2,1.2,2.6,1.7,1.2,1.2,2.6,1.7,1.2,1.2,1.2,1.2,2.6,1.7,1.2,1.2,3.3,3.3,1.2,1.2,62.9,59.9,3.3,3.3,1.2,1.2,3.3,2,1.2,1.2,1.2,1.2,3.3,2,3.3,3.3,1.9,1.5,1.2,1.2,1.9,1.5,1.2,1.2,3.3,3.3,1.9,1.5,1.2,1.2,1.9,1.5,1.2,1.2,1.2,1.2,1.2,1.2,2.6,1.7,1.2,1.2,1.2,1.2,1.2,1.2,1.2,1.2,1.2,1.2,1.2,1.2,1.2,1.2,1.2,1.2,3.3,1.7,1.9,1.5,1.2,1.2,3.3,1.7,1.9,1.5,1.2,1.2,1.9,1.5,1.2,1.2,1.9,1.5,1.2,1.2,1.9,1.5,1.2,1.2,1.2,1.2,1.2,1.2,1.2,1.2,1.2,1.2,1.2,1.2,1.2,1.2,1.2,1.2,1.2,1.2,1.2,1.2,1.2,1.2,1.2,1.2,1.9,1.5,1.2,1.2,1.2,1.2,1.9,1.5,1.2,1.2,1.2,1.2,1.2,1.2,1.2,1.2,1.2,1.2,1.2,1.2,1.2,1.2,1.2,1.2,1.2,1.2,1.2,1.2,1.2,1.2,1.2,1.2,1.2,1.2,1.2,1.2,1.2,1.2,1.2,1.2,1.2,1.2,1.2,1.2,1.2,1.2,1.2,1.2,1.2,1.2,1.2,1.2,1.2,1.2,1.2,1.2
0.9060,0.9752,5799.5,93.5,1.65,1052.2,1756.7,2826.9,3905.2,0.396,0.035,3.3,3.3,3.3,3.3,1.9,1.5,1.2,1.2,38,35.1,2.6,1.7,1.2,1.2,1.9,1.5,1.2,1.2,3.3,3.3,2.6,1.7,1.2,1.2,3.3,2,2.6,1.7,1.2,1.2,80.5,77.4,3.3,1.7,2.6,1.7,1.2,1.2,50.7,47.8,3.3,3.3,2.6,1.7,1.2,1.2,2.6,1.7,1.2,1.2,3.3,3.3,2.6,1.7,1.2,1.2,3.3,3.3,2.6,1.7,1.2,1.2,1.2,1.2,2.6,1.7,1.2,1.2,2.6,1.7,1.2,1.2,1.2,1.2,2.6,1.7,1.2,1.2,3.3,3.3,1.2,1.2,63.5,60.5,3.3,3.3,1.2,1.2,3.3,2,1.2,1.2,1.2,1.2,3.3,2,3.3,3.3,1.9,1.5,1.2,1.2,1.9,1.5,1.2,1.2,3.3,3.3,1.9,1.5,1.2,1.2,1.9,1.5,1.2,1.2,1.2,1.2,1.2,1.2,2.6,1.7,1.2,1.2,1.2,1.2,1.2,1.2,1.2,1.2,1.2,1.2,1.2,1.2,1.2,1.2,1.2,1.2,3.3,1.7,1.9,1.5,1.2,1.2,3.3,1.7,1.9,1.5,1.2,1.2,1.9,1.5,1.2,1.2,1.9,1.5,1.2,1.2,1.9,1.5,1.2,1.2,1.2,1.2,1.2,1.2,1.2,1.2,1.2,1.2,1.2,1.2,1.2,1.2,1.2,1.2,1.2,1.2,1.2,1.2,1.2,1.2,1.2,1.2,1.9,1.5,1.2,1.2,1.2,1.2,1.9,1.5,1.2,1.2,1.2,1.2,1.2,1.2,1.2,1.2,1.2,1.2,1.2,1.2,1.2,1.2,1.2,1.2,1.2,1.2,1.2,1.2,1.2,1.2,1.2,1.2,1.2,1.2,1.2,1.2,1.2,1.2,1.2,1.2,1.2,1.2,1.2,1.2,1.2,1.2,1.2,1.2,1.2,1.2,1.2,1.2,1.2,1.2,1.2,1.2
0.9090,0.9767,5816.3,93.5,1.64,1052.2,1756.7,2829.4,3909.6,0.389,0.033,3.3,3.3,3.3,3.3,1.9,1.5,1.2,1.2,38.4,35.4,2.6,1.7,1.2,1.2,1.9,1.5,1.2,1.2,3.3,3.3,2.6,1.7,1.2,1.2,3.3,2,2.6,1.7,1.2,1.2,81.2,78.2,3.3,1.7,2.6,1.7,1.2,1.2,51.2,48.4,3.3,3.3,2.6,1.7,1.2,1.2,2.6,1.7,1.2,1.2,3.3,3.3,2.6,1.7,1.2,1.2,3.3,3.3,2.6,1.7,1.2,1.2,1.2,1.2,2.6,1.7,1.2,1.2,2.6,1.7,1.2,1.2,1.2,1.2,2.6,1.7,1.2,1.2,3.3,3.3,1.2,1.2,64.1,61.1,3.3,3.3,1.2,1.2,3.3,2,1.2,1.2,1.2,1.2,3.3,2,3.3,3.3,1.9,1.5,1.2,1.2,1.9,1.5,1.2,1.2,3.3,3.3,1.9,1.5,1.2,1.2,1.9,1.5,1.2,1.2,1.2,1.2,1.2,1.2,2.6,1.7,1.2,1.2,1.2,1.2,1.2,1.2,1.2,1.2,1.2,1.2,1.2,1.2,1.2,1.2,1.2,1.2,3.3,1.7,1.9,1.5,1.2,1.2,3.3,1.7,1.9,1.5,1.2,1.2,1.9,1.5,1.2,1.2,1.9,1.5,1.2,1.2,1.9,1.5,1.2,1.2,1.2,1.2,1.2,1.2,1.2,1.2,1.2,1.2,1.2,1.2,1.2,1.2,1.2,1.2,1.2,1.2,1.2,1.2,1.2,1.2,1.2,1.2,1.9,1.5,1.2,1.2,1.2,1.2,1.9,1.5,1.2,1.2,1.2,1.2,1.2,1.2,1.2,1.2,1.2,1.2,1.2,1.2,1.2,1.2,1.2,1.2,1.2,1.2,1.2,1.2,1.2,1.2,1.2,1.2,1.2,1.2,1.2,1.2,1.2,1.2,1.2,1.2,1.2,1.2,1.2,1.2,1.2,1.2,1.2,1.2,1.2,1.2,1.2,1.2,1.2,1.2,1.2,1.2
0.9110,0.9776,5833.1,93.5,1.64,1052.2,1756.7,2831.8,3913.9,0.382,0.031,3.3,3.3,3.3,3.3,1.9,1.5,1.2,1.2,38.7,35.8,2.6,1.7,1.2,1.2,1.9,1.5,1.2,1.2,3.3,3.3,2.6,1.7,1.2,1.2,3.3,2,2.6,1.7,1.2,1.2,82,79,3.3,1.7,2.6,1.7,1.2,1.2,51.7,48.9,3.3,3.3,2.6,1.7,1.2,1.2,2.6,1.7,1.2,1.2,3.3,3.3,2.6,1.7,1.2,1.2,3.3,3.3,2.6,1.7,1.2,1.2,1.2,1.2,2.6,1.7,1.2,1.2,2.6,1.7,1.2,1.2,1.2,1.2,2.6,1.7,1.2,1.2,3.3,3.3,1.2,1.2,64.7,61.7,3.3,3.3,1.2,1.2,3.3,2,1.2,1.2,1.2,1.2,3.3,2,3.3,3.3,1.9,1.5,1.2,1.2,1.9,1.5,1.2,1.2,3.3,3.3,1.9,1.5,1.2,1.2,1.9,1.5,1.2,1.2,1.2,1.2,1.2,1.2,2.6,1.7,1.2,1.2,1.2,1.2,1.2,1.2,1.2,1.2,1.2,1.2,1.2,1.2,1.2,1.2,1.2,1.2,3.3,1.7,1.9,1.5,1.2,1.2,3.3,1.7,1.9,1.5,1.2,1.2,1.9,1.5,1.2,1.2,1.9,1.5,1.2,1.2,1.9,1.5,1.2,1.2,1.2,1.2,1.2,1.2,1.2,1.2,1.2,1.2,1.2,1.2,1.2,1.2,1.2,1.2,1.2,1.2,1.2,1.2,1.2,1.2,1.2,1.2,1.9,1.5,1.2,1.2,1.2,1.2,1.9,1.5,1.2,1.2,1.2,1.2,1.2,1.2,1.2,1.2,1.2,1.2,1.2,1.2,1.2,1.2,1.2,1.2,1.2,1.2,1.2,1.2,1.2,1.2,1.2,1.2,1.2,1.2,1.2,1.2,1.2,1.2,1.2,1.2,1.2,1.2,1.2,1.2,1.2,1.2,1.2,1.2,1.2,1.2,1.2,1.2,1.2,1.2,1.2,1.2
0.9140,0.9791,5849.7,93.5,1.64,1052.2,1756.7,2834.1,3918.1,0.374,0.029,3.3,3.3,3.3,3.3,1.9,1.5,1.2,1.2,39.1,36.2,2.6,1.7,1.2,1.2,1.9,1.5,1.2,1.2,3.3,3.3,2.6,1.7,1.2,1.2,3.3,2,2.6,1.7,1.2,1.2,82.8,79.8,3.3,1.7,2.6,1.7,1.2,1.2,52.2,49.4,3.3,3.3,2.6,1.7,1.2,1.2,2.6,1.7,1.2,1.2,3.3,3.3,2.6,1.7,1.2,1.2,3.3,3.3,2.6,1.7,1.2,1.2,1.2,1.2,2.6,1.7,1.2,1.2,2.6,1.7,1.2,1.2,1.2,1.2,2.6,1.7,1.2,1.2,3.3,3.3,1.2,1.2,65.3,62.4,3.3,3.3,1.2,1.2,3.3,2,1.2,1.2,1.2,1.2,3.3,2,3.3,3.3,1.9,1.5,1.2,1.2,1.9,1.5,1.2,1.2,3.3,3.3,1.9,1.5,1.2,1.2,1.9,1.5,1.2,1.2,1.2,1.2,1.2,1.2,2.6,1.7,1.2,1.2,1.2,1.2,1.2,1.2,1.2,1.2,1.2,1.2,1.2,1.2,1.2,1.2,1.2,1.2,3.3,1.7,1.9,1.5,1.2,1.2,3.3,1.7,1.9,1.5,1.2,1.2,1.9,1.5,1.2,1.2,1.9,1.5,1.2,1.2,1.9,1.5,1.2,1.2,1.2,1.2,1.2,1.2,1.2,1.2,1.2,1.2,1.2,1.2,1.2,1.2,1.2,1.2,1.2,1.2,1.2,1.2,1.2,1.2,1.2,1.2,1.9,1.5,1.2,1.2,1.2,1.2,1.9,1.5,1.2,1.2,1.2,1.2,1.2,1.2,1.2,1.2,1.2,1.2,1.2,1.2,1.2,1.2,1.2,1.2,1.2,1.2,1.2,1.2,1.2,1.2,1.2,1.2,1.2,1.2,1.2,1.2,1.2,1.2,1.2,1.2,1.2,1.2,1.2,1.2,1.2,1.2,1.2,1.2,1.2,1.2,1.2,1.2,1.2,1.2,1.2,1.2
0.9170,0.9805,5866.4,93.5,1.64,1052.2,1756.7,2836.4,3922.2,0.366,0.026,3.3,3.3,3.3,3.3,1.9,1.5,1.2,1.2,39.5,36.6,2.6,1.7,1.2,1.2,1.9,1.5,1.2,1.2,3.3,3.3,2.6,1.7,1.2,1.2,3.3,2,2.6,1.7,1.2,1.2,83.6,80.6,3.3,1.7,2.6,1.7,1.2,1.2,52.7,49.9,3.3,3.3,2.6,1.7,1.2,1.2,2.6,1.7,1.2,1.2,3.3,3.3,2.6,1.7,1.2,1.2,3.3,3.3,2.6,1.7,1.2,1.2,1.2,1.2,2.6,1.7,1.2,1.2,2.6,1.7,1.2,1.2,1.2,1.2,2.6,1.7,1.2,1.2,3.3,3.3,1.2,1.2,66,63,3.3,3.3,1.2,1.2,3.3,2,1.2,1.2,1.2,1.2,3.3,2,3.3,3.3,1.9,1.5,1.2,1.2,1.9,1.5,1.2,1.2,3.3,3.3,1.9,1.5,1.2,1.2,1.9,1.5,1.2,1.2,1.2,1.2,1.2,1.2,2.6,1.7,1.2,1.2,1.2,1.2,1.2,1.2,1.2,1.2,1.2,1.2,1.2,1.2,1.2,1.2,1.2,1.2,3.3,1.7,1.9,1.5,1.2,1.2,3.3,1.7,1.9,1.5,1.2,1.2,1.9,1.5,1.2,1.2,1.9,1.5,1.2,1.2,1.9,1.5,1.2,1.2,1.2,1.2,1.2,1.2,1.2,1.2,1.2,1.2,1.2,1.2,1.2,1.2,1.2,1.2,1.2,1.2,1.2,1.2,1.2,1.2,1.2,1.2,1.9,1.5,1.2,1.2,1.2,1.2,1.9,1.5,1.2,1.2,1.2,1.2,1.2,1.2,1.2,1.2,1.2,1.2,1.2,1.2,1.2,1.2,1.2,1.2,1.2,1.2,1.2,1.2,1.2,1.2,1.2,1.2,1.2,1.2,1.2,1.2,1.2,1.2,1.2,1.2,1.2,1.2,1.2,1.2,1.2,1.2,1.2,1.2,1.2,1.2,1.2,1.2,1.2,1.2,1.2,1.2
0.9190,0.9814,5883.1,93.5,1.64,1052.2,1756.7,2838.7,3926.3,0.358,0.024,3.3,3.3,3.3,3.3,1.9,1.5,1.2,1.2,39.9,36.9,2.6,1.7,1.2,1.2,1.9,1.5,1.2,1.2,3.3,3.3,2.6,1.7,1.2,1.2,3.3,2,2.6,1.7,1.2,1.2,84.4,81.4,3.3,1.7,2.6,1.7,1.2,1.2,53.2,50.4,3.3,3.3,2.6,1.7,1.2,1.2,2.6,1.7,1.2,1.2,3.3,3.3,2.6,1.7,1.2,1.2,3.3,3.3,2.6,1.7,1.2,1.2,1.2,1.2,2.6,1.7,1.2,1.2,2.6,1.7,1.2,1.2,1.2,1.2,2.6,1.7,1.2,1.2,3.3,3.3,1.2,1.2,66.6,63.6,3.3,3.3,1.2,1.2,3.3,2,1.2,1.2,1.2,1.2,3.3,2,3.3,3.3,1.9,1.5,1.2,1.2,1.9,1.5,1.2,1.2,3.3,3.3,1.9,1.5,1.2,1.2,1.9,1.5,1.2,1.2,1.2,1.2,1.2,1.2,2.6,1.7,1.2,1.2,1.2,1.2,1.2,1.2,1.2,1.2,1.2,1.2,1.2,1.2,1.2,1.2,1.2,1.2,3.3,1.7,1.9,1.5,1.2,1.2,3.3,1.7,1.9,1.5,1.2,1.2,1.9,1.5,1.2,1.2,1.9,1.5,1.2,1.2,1.9,1.5,1.2,1.2,1.2,1.2,1.2,1.2,1.2,1.2,1.2,1.2,1.2,1.2,1.2,1.2,1.2,1.2,1.2,1.2,1.2,1.2,1.2,1.2,1.2,1.2,1.9,1.5,1.2,1.2,1.2,1.2,1.9,1.5,1.2,1.2,1.2,1.2,1.2,1.2,1.2,1.2,1.2,1.2,1.2,1.2,1.2,1.2,1.2,1.2,1.2,1.2,1.2,1.2,1.2,1.2,1.2,1.2,1.2,1.2,1.2,1.2,1.2,1.2,1.2,1.2,1.2,1.2,1.2,1.2,1.2,1.2,1.2,1.2,1.2,1.2,1.2,1.2,1.2,1.2,1.2,1.2
0.9220,0.9827,5899.6,93.5,1.64,1052.2,1756.7,2840.9,3930.2,0.35,0.022,3.3,3.3,3.3,3.3,1.9,1.5,1.2,1.2,40.3,37.2,2.6,1.7,1.2,1.2,1.9,1.5,1.2,1.2,3.3,3.3,2.6,1.7,1.2,1.2,3.3,2,2.6,1.7,1.2,1.2,85.3,82.3,3.3,1.7,2.6,1.7,1.2,1.2,53.8,50.9,3.3,3.3,2.6,1.7,1.2,1.2,2.6,1.7,1.2,1.2,3.3,3.3,2.6,1.7,1.2,1.2,3.3,3.3,2.6,1.7,1.2,1.2,1.2,1.2,2.6,1.7,1.2,1.2,2.6,1.7,1.2,1.2,1.2,1.2,2.6,1.7,1.2,1.2,3.3,3.3,1.2,1.2,67.3,64.3,3.3,3.3,1.2,1.2,3.3,2,1.2,1.2,1.2,1.2,3.3,2,3.3,3.3,1.9,1.5,1.2,1.2,1.9,1.5,1.2,1.2,3.3,3.3,1.9,1.5,1.2,1.2,1.9,1.5,1.2,1.2,1.2,1.2,1.2,1.2,2.6,1.7,1.2,1.2,1.2,1.2,1.2,1.2,1.2,1.2,1.2,1.2,1.2,1.2,1.2,1.2,1.2,1.2,3.3,1.7,1.9,1.5,1.2,1.2,3.3,1.7,1.9,1.5,1.2,1.2,1.9,1.5,1.2,1.2,1.9,1.5,1.2,1.2,1.9,1.5,1.2,1.2,1.2,1.2,1.2,1.2,1.2,1.2,1.2,1.2,1.2,1.2,1.2,1.2,1.2,1.2,1.2,1.2,1.2,1.2,1.2,1.2,1.2,1.2,1.9,1.5,1.2,1.2,1.2,1.2,1.9,1.5,1.2,1.2,1.2,1.2,1.2,1.2,1.2,1.2,1.2,1.2,1.2,1.2,1.2,1.2,1.2,1.2,1.2,1.2,1.2,1.2,1.2,1.2,1.2,1.2,1.2,1.2,1.2,1.2,1.2,1.2,1.2,1.2,1.2,1.2,1.2,1.2,1.2,1.2,1.2,1.2,1.2,1.2,1.2,1.2,1.2,1.2,1.2,1.2
0.9240,0.9835,5916.4,93.5,1.64,1052.2,1756.7,2843,3934.1,0.342,0.021,3.3,3.3,3.3,3.3,1.9,1.5,1.2,1.2,40.7,37.6,2.6,1.7,1.2,1.2,1.9,1.5,1.2,1.2,3.3,3.3,2.6,1.7,1.2,1.2,3.3,2,2.6,1.7,1.2,1.2,86.1,83.1,3.3,1.7,2.6,1.7,1.2,1.2,54.3,51.4,3.3,3.3,2.6,1.7,1.2,1.2,2.6,1.7,1.2,1.2,3.3,3.3,2.6,1.7,1.2,1.2,3.3,3.3,2.6,1.7,1.2,1.2,1.2,1.2,2.6,1.7,1.2,1.2,2.6,1.7,1.2,1.2,1.2,1.2,2.6,1.7,1.2,1.2,3.3,3.3,1.2,1.2,67.9,65,3.3,3.3,1.2,1.2,3.3,2,1.2,1.2,1.2,1.2,3.3,2,3.3,3.3,1.9,1.5,1.2,1.2,1.9,1.5,1.2,1.2,3.3,3.3,1.9,1.5,1.2,1.2,1.9,1.5,1.2,1.2,1.2,1.2,1.2,1.2,2.6,1.7,1.2,1.2,1.2,1.2,1.2,1.2,1.2,1.2,1.2,1.2,1.2,1.2,1.2,1.2,1.2,1.2,3.3,1.7,1.9,1.5,1.2,1.2,3.3,1.7,1.9,1.5,1.2,1.2,1.9,1.5,1.2,1.2,1.9,1.5,1.2,1.2,1.9,1.5,1.2,1.2,1.2,1.2,1.2,1.2,1.2,1.2,1.2,1.2,1.2,1.2,1.2,1.2,1.2,1.2,1.2,1.2,1.2,1.2,1.2,1.2,1.2,1.2,1.9,1.5,1.2,1.2,1.2,1.2,1.9,1.5,1.2,1.2,1.2,1.2,1.2,1.2,1.2,1.2,1.2,1.2,1.2,1.2,1.2,1.2,1.2,1.2,1.2,1.2,1.2,1.2,1.2,1.2,1.2,1.2,1.2,1.2,1.2,1.2,1.2,1.2,1.2,1.2,1.2,1.2,1.2,1.2,1.2,1.2,1.2,1.2,1.2,1.2,1.2,1.2,1.2,1.2,1.2,1.2
0.9270,0.9848,5933.2,93.5,1.64,1052.2,1756.7,2845.1,3937.8,0.333,0.019,3.3,3.3,3.3,3.3,1.9,1.5,1.2,1.2,41.1,38.1,2.6,1.7,1.2,1.2,1.9,1.5,1.2,1.2,3.3,3.3,2.6,1.7,1.2,1.2,3.3,2,2.6,1.7,1.2,1.2,87,84,3.3,1.7,2.6,1.7,1.2,1.2,54.9,52,3.3,3.3,2.6,1.7,1.2,1.2,2.6,1.7,1.2,1.2,3.3,3.3,2.6,1.7,1.2,1.2,3.3,3.3,2.6,1.7,1.2,1.2,1.2,1.2,2.6,1.7,1.2,1.2,2.6,1.7,1.2,1.2,1.2,1.2,2.6,1.7,1.2,1.2,3.3,3.3,1.2,1.2,68.6,65.7,3.3,3.3,1.2,1.2,3.3,2,1.2,1.2,1.2,1.2,3.3,2,3.3,3.3,1.9,1.5,1.2,1.2,1.9,1.5,1.2,1.2,3.3,3.3,1.9,1.5,1.2,1.2,1.9,1.5,1.2,1.2,1.2,1.2,1.2,1.2,2.6,1.7,1.2,1.2,1.2,1.2,1.2,1.2,1.2,1.2,1.2,1.2,1.2,1.2,1.2,1.2,1.2,1.2,3.3,1.7,1.9,1.5,1.2,1.2,3.3,1.7,1.9,1.5,1.2,1.2,1.9,1.5,1.2,1.2,1.9,1.5,1.2,1.2,1.9,1.5,1.2,1.2,1.2,1.2,1.2,1.2,1.2,1.2,1.2,1.2,1.2,1.2,1.2,1.2,1.2,1.2,1.2,1.2,1.2,1.2,1.2,1.2,1.2,1.2,1.9,1.5,1.2,1.2,1.2,1.2,1.9,1.5,1.2,1.2,1.2,1.2,1.2,1.2,1.2,1.2,1.2,1.2,1.2,1.2,1.2,1.2,1.2,1.2,1.2,1.2,1.2,1.2,1.2,1.2,1.2,1.2,1.2,1.2,1.2,1.2,1.2,1.2,1.2,1.2,1.2,1.2,1.2,1.2,1.2,1.2,1.2,1.2,1.2,1.2,1.2,1.2,1.2,1.2,1.2,1.2
0.9300,0.9860,5949.8,93.5,1.64,1052.2,1756.7,2847.1,3941.5,0.325,0.017,3.3,3.3,3.3,3.3,1.9,1.5,1.2,1.2,41.5,38.5,2.6,1.7,1.2,1.2,1.9,1.5,1.2,1.2,3.3,3.3,2.6,1.7,1.2,1.2,3.3,2,2.6,1.7,1.2,1.2,87.9,84.9,3.3,1.7,2.6,1.7,1.2,1.2,55.4,52.6,3.3,3.3,2.6,1.7,1.2,1.2,2.6,1.7,1.2,1.2,3.3,3.3,2.6,1.7,1.2,1.2,3.3,3.3,2.6,1.7,1.2,1.2,1.2,1.2,2.6,1.7,1.2,1.2,2.6,1.7,1.2,1.2,1.2,1.2,2.6,1.7,1.2,1.2,3.3,3.3,1.2,1.2,69.3,66.4,3.3,3.3,1.2,1.2,3.3,2,1.2,1.2,1.2,1.2,3.3,2,3.3,3.3,1.9,1.5,1.2,1.2,1.9,1.5,1.2,1.2,3.3,3.3,1.9,1.5,1.2,1.2,1.9,1.5,1.2,1.2,1.2,1.2,1.2,1.2,2.6,1.7,1.2,1.2,1.2,1.2,1.2,1.2,1.2,1.2,1.2,1.2,1.2,1.2,1.2,1.2,1.2,1.2,3.3,1.7,1.9,1.5,1.2,1.2,3.3,1.7,1.9,1.5,1.2,1.2,1.9,1.5,1.2,1.2,1.9,1.5,1.2,1.2,1.9,1.5,1.2,1.2,1.2,1.2,1.2,1.2,1.2,1.2,1.2,1.2,1.2,1.2,1.2,1.2,1.2,1.2,1.2,1.2,1.2,1.2,1.2,1.2,1.2,1.2,1.9,1.5,1.2,1.2,1.2,1.2,1.9,1.5,1.2,1.2,1.2,1.2,1.2,1.2,1.2,1.2,1.2,1.2,1.2,1.2,1.2,1.2,1.2,1.2,1.2,1.2,1.2,1.2,1.2,1.2,1.2,1.2,1.2,1.2,1.2,1.2,1.2,1.2,1.2,1.2,1.2,1.2,1.2,1.2,1.2,1.2,1.2,1.2,1.2,1.2,1.2,1.2,1.2,1.2,1.2,1.2
0.9320,0.9868,5966.4,93.5,1.64,1052.2,1756.7,2849.1,3945.1,0.316,0.015,3.3,3.3,3.3,3.3,1.9,1.5,1.2,1.2,42,39,2.6,1.7,1.2,1.2,1.9,1.5,1.2,1.2,3.3,3.3,2.6,1.7,1.2,1.2,3.3,2,2.6,1.7,1.2,1.2,88.8,85.8,3.3,1.7,2.6,1.7,1.2,1.2,56,53,3.3,3.3,2.6,1.7,1.2,1.2,2.6,1.7,1.2,1.2,3.3,3.3,2.6,1.7,1.2,1.2,3.3,3.3,2.6,1.7,1.2,1.2,1.2,1.2,2.6,1.7,1.2,1.2,2.6,1.7,1.2,1.2,1.2,1.2,2.6,1.7,1.2,1.2,3.3,3.3,1.2,1.2,70.1,67.1,3.3,3.3,1.2,1.2,3.3,2,1.2,1.2,1.2,1.2,3.3,2,3.3,3.3,1.9,1.5,1.2,1.2,1.9,1.5,1.2,1.2,3.3,3.3,1.9,1.5,1.2,1.2,1.9,1.5,1.2,1.2,1.2,1.2,1.2,1.2,2.6,1.7,1.2,1.2,1.2,1.2,1.2,1.2,1.2,1.2,1.2,1.2,1.2,1.2,1.2,1.2,1.2,1.2,3.3,1.7,1.9,1.5,1.2,1.2,3.3,1.7,1.9,1.5,1.2,1.2,1.9,1.5,1.2,1.2,1.9,1.5,1.2,1.2,1.9,1.5,1.2,1.2,1.2,1.2,1.2,1.2,1.2,1.2,1.2,1.2,1.2,1.2,1.2,1.2,1.2,1.2,1.2,1.2,1.2,1.2,1.2,1.2,1.2,1.2,1.9,1.5,1.2,1.2,1.2,1.2,1.9,1.5,1.2,1.2,1.2,1.2,1.2,1.2,1.2,1.2,1.2,1.2,1.2,1.2,1.2,1.2,1.2,1.2,1.2,1.2,1.2,1.2,1.2,1.2,1.2,1.2,1.2,1.2,1.2,1.2,1.2,1.2,1.2,1.2,1.2,1.2,1.2,1.2,1.2,1.2,1.2,1.2,1.2,1.2,1.2,1.2,1.2,1.2,1.2,1.2
0.9350,0.9879,5983.2,93.5,1.63,1052.2,1756.7,2851,3948.5,0.307,0.014,3.3,3.3,3.3,3.3,1.9,1.5,1.2,1.2,42.4,39.4,2.6,1.7,1.2,1.2,1.9,1.5,1.2,1.2,3.3,3.3,2.6,1.7,1.2,1.2,3.3,2,2.6,1.7,1.2,1.2,89.7,86.7,3.3,1.7,2.6,1.7,1.2,1.2,56.6,53.6,3.3,3.3,2.6,1.7,1.2,1.2,2.6,1.7,1.2,1.2,3.3,3.3,2.6,1.7,1.2,1.2,3.3,3.3,2.6,1.7,1.2,1.2,1.2,1.2,2.6,1.7,1.2,1.2,2.6,1.7,1.2,1.2,1.2,1.2,2.6,1.7,1.2,1.2,3.3,3.3,1.2,1.2,70.8,67,3.3,3.3,1.2,1.2,3.3,2,1.2,1.2,1.2,1.2,3.3,2,3.3,3.3,1.9,1.5,1.2,1.2,1.9,1.5,1.2,1.2,3.3,3.3,1.9,1.5,1.2,1.2,1.9,1.5,1.2,1.2,1.2,1.2,1.2,1.2,2.6,1.7,1.2,1.2,1.2,1.2,1.2,1.2,1.2,1.2,1.2,1.2,1.2,1.2,1.2,1.2,1.2,1.2,3.3,1.7,1.9,1.5,1.2,1.2,3.3,1.7,1.9,1.5,1.2,1.2,1.9,1.5,1.2,1.2,1.9,1.5,1.2,1.2,1.9,1.5,1.2,1.2,1.2,1.2,1.2,1.2,1.2,1.2,1.2,1.2,1.2,1.2,1.2,1.2,1.2,1.2,1.2,1.2,1.2,1.2,1.2,1.2,1.2,1.2,1.9,1.5,1.2,1.2,1.2,1.2,1.9,1.5,1.2,1.2,1.2,1.2,1.2,1.2,1.2,1.2,1.2,1.2,1.2,1.2,1.2,1.2,1.2,1.2,1.2,1.2,1.2,1.2,1.2,1.2,1.2,1.2,1.2,1.2,1.2,1.2,1.2,1.2,1.2,1.2,1.2,1.2,1.2,1.2,1.2,1.2,1.2,1.2,1.2,1.2,1.2,1.2,1.2,1.2,1.2,1.2
0.9370,0.9886,5999.9,93.5,1.63,1052.2,1756.7,2852.9,3951.9,0.298,0.013,3.3,3.3,3.3,3.3,1.9,1.5,1.2,1.2,42.8,39.9,2.6,1.7,1.2,1.2,1.9,1.5,1.2,1.2,3.3,3.3,2.6,1.7,1.2,1.2,3.3,2,2.6,1.7,1.2,1.2,90.7,87.7,3.3,1.7,2.6,1.7,1.2,1.2,57.2,54.2,3.3,3.3,2.6,1.7,1.2,1.2,2.6,1.7,1.2,1.2,3.3,3.3,2.6,1.7,1.2,1.2,3.3,3.3,2.6,1.7,1.2,1.2,1.2,1.2,2.6,1.7,1.2,1.2,2.6,1.7,1.2,1.2,1.2,1.2,2.6,1.7,1.2,1.2,3.3,3.3,1.2,1.2,71.6,68.3,3.3,3.3,1.2,1.2,3.3,2,1.2,1.2,1.2,1.2,3.3,2,3.3,3.3,1.9,1.5,1.2,1.2,1.9,1.5,1.2,1.2,3.3,3.3,1.9,1.5,1.2,1.2,1.9,1.5,1.2,1.2,1.2,1.2,1.2,1.2,2.6,1.7,1.2,1.2,1.2,1.2,1.2,1.2,1.2,1.2,1.2,1.2,1.2,1.2,1.2,1.2,1.2,1.2,3.3,1.7,1.9,1.5,1.2,1.2,3.3,1.7,1.9,1.5,1.2,1.2,1.9,1.5,1.2,1.2,1.9,1.5,1.2,1.2,1.9,1.5,1.2,1.2,1.2,1.2,1.2,1.2,1.2,1.2,1.2,1.2,1.2,1.2,1.2,1.2,1.2,1.2,1.2,1.2,1.2,1.2,1.2,1.2,1.2,1.2,1.9,1.5,1.2,1.2,1.2,1.2,1.9,1.5,1.2,1.2,1.2,1.2,1.2,1.2,1.2,1.2,1.2,1.2,1.2,1.2,1.2,1.2,1.2,1.2,1.2,1.2,1.2,1.2,1.2,1.2,1.2,1.2,1.2,1.2,1.2,1.2,1.2,1.2,1.2,1.2,1.2,1.2,1.2,1.2,1.2,1.2,1.2,1.2,1.2,1.2,1.2,1.2,1.2,1.2,1.2,1.2
0.9400,0.9896,6016.5,93.5,1.63,1052.2,1756.7,2854.7,3863.1,0.288,0.011,3.3,3.3,3.3,3.3,1.9,1.5,1.2,1.2,43.3,40.3,2.6,1.7,1.2,1.2,1.9,1.5,1.2,1.2,3.3,3.3,2.6,1.7,1.2,1.2,3.3,2,2.6,1.7,1.2,1.2,91.7,88.1,3.3,1.7,2.6,1.7,1.2,1.2,57.8,54.9,3.3,3.3,2.6,1.7,1.2,1.2,2.6,1.7,1.2,1.2,3.3,3.3,2.6,1.7,1.2,1.2,3.3,3.3,2.6,1.7,1.2,1.2,1.2,1.2,2.6,1.7,1.2,1.2,2.6,1.7,1.2,1.2,1.2,1.2,2.6,1.7,1.2,1.2,3.3,3.3,1.2,1.2,72.3,69.2,3.3,3.3,1.2,1.2,3.3,2,1.2,1.2,1.2,1.2,3.3,2,3.3,3.3,1.9,1.5,1.2,1.2,1.9,1.5,1.2,1.2,3.3,3.3,1.9,1.5,1.2,1.2,1.9,1.5,1.2,1.2,1.2,1.2,1.2,1.2,2.6,1.7,1.2,1.2,1.2,1.2,1.2,1.2,1.2,1.2,1.2,1.2,1.2,1.2,1.2,1.2,1.2,1.2,3.3,1.7,1.9,1.5,1.2,1.2,3.3,1.7,1.9,1.5,1.2,1.2,1.9,1.5,1.2,1.2,1.9,1.5,1.2,1.2,1.9,1.5,1.2,1.2,1.2,1.2,1.2,1.2,1.2,1.2,1.2,1.2,1.2,1.2,1.2,1.2,1.2,1.2,1.2,1.2,1.2,1.2,1.2,1.2,1.2,1.2,1.9,1.5,1.2,1.2,1.2,1.2,1.9,1.5,1.2,1.2,1.2,1.2,1.2,1.2,1.2,1.2,1.2,1.2,1.2,1.2,1.2,1.2,1.2,1.2,1.2,1.2,1.2,1.2,1.2,1.2,1.2,1.2,1.2,1.2,1.2,1.2,1.2,1.2,1.2,1.2,1.2,1.2,1.2,1.2,1.2,1.2,1.2,1.2,1.2,1.2,1.2,1.2,1.2,1.2,1.2,1.2
0.9430,0.9906,6033,93.5,1.63,1052.2,1756.7,2856.5,3797.1,0.279,0.01,3.3,3.3,3.3,3.3,1.9,1.5,1.2,1.2,43.8,40.8,2.6,1.7,1.2,1.2,1.9,1.5,1.2,1.2,3.3,3.3,2.6,1.7,1.2,1.2,3.3,2,2.6,1.7,1.2,1.2,92.7,89.4,3.3,1.7,2.6,1.7,1.2,1.2,58.5,55.5,3.3,3.3,2.6,1.7,1.2,1.2,2.6,1.7,1.2,1.2,3.3,3.3,2.6,1.7,1.2,1.2,3.3,3.3,2.6,1.7,1.2,1.2,1.2,1.2,2.6,1.7,1.2,1.2,2.6,1.7,1.2,1.2,1.2,1.2,2.6,1.7,1.2,1.2,3.3,3.3,1.2,1.2,73.1,70,3.3,3.3,1.2,1.2,3.3,2,1.2,1.2,1.2,1.2,3.3,2,3.3,3.3,1.9,1.5,1.2,1.2,1.9,1.5,1.2,1.2,3.3,3.3,1.9,1.5,1.2,1.2,1.9,1.5,1.2,1.2,1.2,1.2,1.2,1.2,2.6,1.7,1.2,1.2,1.2,1.2,1.2,1.2,1.2,1.2,1.2,1.2,1.2,1.2,1.2,1.2,1.2,1.2,3.3,1.7,1.9,1.5,1.2,1.2,3.3,1.7,1.9,1.5,1.2,1.2,1.9,1.5,1.2,1.2,1.9,1.5,1.2,1.2,1.9,1.5,1.2,1.2,1.2,1.2,1.2,1.2,1.2,1.2,1.2,1.2,1.2,1.2,1.2,1.2,1.2,1.2,1.2,1.2,1.2,1.2,1.2,1.2,1.2,1.2,1.9,1.5,1.2,1.2,1.2,1.2,1.9,1.5,1.2,1.2,1.2,1.2,1.2,1.2,1.2,1.2,1.2,1.2,1.2,1.2,1.2,1.2,1.2,1.2,1.2,1.2,1.2,1.2,1.2,1.2,1.2,1.2,1.2,1.2,1.2,1.2,1.2,1.2,1.2,1.2,1.2,1.2,1.2,1.2,1.2,1.2,1.2,1.2,1.2,1.2,1.2,1.2,1.2,1.2,1.2,1.2
0.9450,0.9913,6049.9,93.5,1.63,1052.2,1756.7,2858.2,3748.1,0.269,0.009,3.3,3.3,3.3,3.3,1.9,1.5,1.2,1.2,44.3,41.3,2.6,1.7,1.2,1.2,1.9,1.5,1.2,1.2,3.3,3.3,2.6,1.7,1.2,1.2,3.3,2,2.6,1.7,1.2,1.2,93.7,90.6,3.3,1.7,2.6,1.7,1.2,1.2,59.1,56.1,3.3,3.3,2.6,1.7,1.2,1.2,2.6,1.7,1.2,1.2,3.3,3.3,2.6,1.7,1.2,1.2,3.3,3.3,2.6,1.7,1.2,1.2,1.2,1.2,2.6,1.7,1.2,1.2,2.6,1.7,1.2,1.2,1.2,1.2,2.6,1.7,1.2,1.2,3.3,3.3,1.2,1.2,73.9,70.8,3.3,3.3,1.2,1.2,3.3,2,1.2,1.2,1.2,1.2,3.3,2,3.3,3.3,1.9,1.5,1.2,1.2,1.9,1.5,1.2,1.2,3.3,3.3,1.9,1.5,1.2,1.2,1.9,1.5,1.2,1.2,1.2,1.2,1.2,1.2,2.6,1.7,1.2,1.2,1.2,1.2,1.2,1.2,1.2,1.2,1.2,1.2,1.2,1.2,1.2,1.2,1.2,1.2,3.3,1.7,1.9,1.5,1.2,1.2,3.3,1.7,1.9,1.5,1.2,1.2,1.9,1.5,1.2,1.2,1.9,1.5,1.2,1.2,1.9,1.5,1.2,1.2,1.2,1.2,1.2,1.2,1.2,1.2,1.2,1.2,1.2,1.2,1.2,1.2,1.2,1.2,1.2,1.2,1.2,1.2,1.2,1.2,1.2,1.2,1.9,1.5,1.2,1.2,1.2,1.2,1.9,1.5,1.2,1.2,1.2,1.2,1.2,1.2,1.2,1.2,1.2,1.2,1.2,1.2,1.2,1.2,1.2,1.2,1.2,1.2,1.2,1.2,1.2,1.2,1.2,1.2,1.2,1.2,1.2,1.2,1.2,1.2,1.2,1.2,1.2,1.2,1.2,1.2,1.2,1.2,1.2,1.2,1.2,1.2,1.2,1.2,1.2,1.2,1.2,1.2
0.9480,0.9922,6066.6,93.5,1.63,1052.2,1756.7,2859.8,3712,0.259,0.008,3.3,3.3,3.3,3.3,1.9,1.5,1.2,1.2,44.8,41.8,2.6,1.7,1.2,1.2,1.9,1.5,1.2,1.2,3.3,3.3,2.6,1.7,1.2,1.2,3.3,2,2.6,1.7,1.2,1.2,94.7,91.5,3.3,1.7,2.6,1.7,1.2,1.2,59.7,56.8,3.3,3.3,2.6,1.7,1.2,1.2,2.6,1.7,1.2,1.2,3.3,3.3,2.6,1.7,1.2,1.2,3.3,3.3,2.6,1.7,1.2,1.2,1.2,1.2,2.6,1.7,1.2,1.2,2.6,1.7,1.2,1.2,1.2,1.2,2.6,1.7,1.2,1.2,3.3,3.3,1.2,1.2,74.7,71.6,3.3,3.3,1.2,1.2,3.3,2,1.2,1.2,1.2,1.2,3.3,2,3.3,3.3,1.9,1.5,1.2,1.2,1.9,1.5,1.2,1.2,3.3,3.3,1.9,1.5,1.2,1.2,1.9,1.5,1.2,1.2,1.2,1.2,1.2,1.2,2.6,1.7,1.2,1.2,1.2,1.2,1.2,1.2,1.2,1.2,1.2,1.2,1.2,1.2,1.2,1.2,1.2,1.2,3.3,1.7,1.9,1.5,1.2,1.2,3.3,1.7,1.9,1.5,1.2,1.2,1.9,1.5,1.2,1.2,1.9,1.5,1.2,1.2,1.9,1.5,1.2,1.2,1.2,1.2,1.2,1.2,1.2,1.2,1.2,1.2,1.2,1.2,1.2,1.2,1.2,1.2,1.2,1.2,1.2,1.2,1.2,1.2,1.2,1.2,1.9,1.5,1.2,1.2,1.2,1.2,1.9,1.5,1.2,1.2,1.2,1.2,1.2,1.2,1.2,1.2,1.2,1.2,1.2,1.2,1.2,1.2,1.2,1.2,1.2,1.2,1.2,1.2,1.2,1.2,1.2,1.2,1.2,1.2,1.2,1.2,1.2,1.2,1.2,1.2,1.2,1.2,1.2,1.2,1.2,1.2,1.2,1.2,1.2,1.2,1.2,1.2,1.2,1.2,1.2,1.2
0.9500,0.9928,6083.3,93.5,1.63,1052.2,1756.7,2861.4,3685.4,0.249,0.007,3.3,3.3,3.3,3.3,1.9,1.5,1.2,1.2,45.3,42.3,2.6,1.7,1.2,1.2,1.9,1.5,1.2,1.2,3.3,3.3,2.6,1.7,1.2,1.2,3.3,2,2.6,1.7,1.2,1.2,95.8,92.6,3.3,1.7,2.6,1.7,1.2,1.2,60.4,57.5,3.3,3.3,2.6,1.7,1.2,1.2,2.6,1.7,1.2,1.2,3.3,3.3,2.6,1.7,1.2,1.2,3.3,3.3,2.6,1.7,1.2,1.2,1.2,1.2,2.6,1.7,1.2,1.2,2.6,1.7,1.2,1.2,1.2,1.2,2.6,1.7,1.2,1.2,3.3,3.3,1.2,1.2,75.6,72.5,3.3,3.3,1.2,1.2,3.3,2,1.2,1.2,1.2,1.2,3.3,2,3.3,3.3,1.9,1.5,1.2,1.2,1.9,1.5,1.2,1.2,3.3,3.3,1.9,1.5,1.2,1.2,1.9,1.5,1.2,1.2,1.2,1.2,1.2,1.2,2.6,1.7,1.2,1.2,1.2,1.2,1.2,1.2,1.2,1.2,1.2,1.2,1.2,1.2,1.2,1.2,1.2,1.2,3.3,1.7,1.9,1.5,1.2,1.2,3.3,1.7,1.9,1.5,1.2,1.2,1.9,1.5,1.2,1.2,1.9,1.5,1.2,1.2,1.9,1.5,1.2,1.2,1.2,1.2,1.2,1.2,1.2,1.2,1.2,1.2,1.2,1.2,1.2,1.2,1.2,1.2,1.2,1.2,1.2,1.2,1.2,1.2,1.2,1.2,1.9,1.5,1.2,1.2,1.2,1.2,1.9,1.5,1.2,1.2,1.2,1.2,1.2,1.2,1.2,1.2,1.2,1.2,1.2,1.2,1.2,1.2,1.2,1.2,1.2,1.2,1.2,1.2,1.2,1.2,1.2,1.2,1.2,1.2,1.2,1.2,1.2,1.2,1.2,1.2,1.2,1.2,1.2,1.2,1.2,1.2,1.2,1.2,1.2,1.2,1.2,1.2,1.2,1.2,1.2,1.2
0.9530,0.9936,6099.8,93.5,1.63,1052.2,1756.7,2862.9,3666,0.238,0.006,3.3,3.3,3.3,3.3,1.9,1.5,1.2,1.2,45.8,42.8,2.6,1.7,1.2,1.2,1.9,1.5,1.2,1.2,3.3,3.3,2.6,1.7,1.2,1.2,3.3,2,2.6,1.7,1.2,1.2,96.9,93.7,3.3,1.7,2.6,1.7,1.2,1.2,61.1,58.2,3.3,3.3,2.6,1.7,1.2,1.2,2.6,1.7,1.2,1.2,3.3,3.3,2.6,1.7,1.2,1.2,3.3,3.3,2.6,1.7,1.2,1.2,1.2,1.2,2.6,1.7,1.2,1.2,2.6,1.7,1.2,1.2,1.2,1.2,2.6,1.7,1.2,1.2,3.3,3.3,1.2,1.2,76.4,73.4,3.3,3.3,1.2,1.2,3.3,2,1.2,1.2,1.2,1.2,3.3,2,3.3,3.3,1.9,1.5,1.2,1.2,1.9,1.5,1.2,1.2,3.3,3.3,1.9,1.5,1.2,1.2,1.9,1.5,1.2,1.2,1.2,1.2,1.2,1.2,2.6,1.7,1.2,1.2,1.2,1.2,1.2,1.2,1.2,1.2,1.2,1.2,1.2,1.2,1.2,1.2,1.2,1.2,3.3,1.7,1.9,1.5,1.2,1.2,3.3,1.7,1.9,1.5,1.2,1.2,1.9,1.5,1.2,1.2,1.9,1.5,1.2,1.2,1.9,1.5,1.2,1.2,1.2,1.2,1.2,1.2,1.2,1.2,1.2,1.2,1.2,1.2,1.2,1.2,1.2,1.2,1.2,1.2,1.2,1.2,1.2,1.2,1.2,1.2,1.9,1.5,1.2,1.2,1.2,1.2,1.9,1.5,1.2,1.2,1.2,1.2,1.2,1.2,1.2,1.2,1.2,1.2,1.2,1.2,1.2,1.2,1.2,1.2,1.2,1.2,1.2,1.2,1.2,1.2,1.2,1.2,1.2,1.2,1.2,1.2,1.2,1.2,1.2,1.2,1.2,1.2,1.2,1.2,1.2,1.2,1.2,1.2,1.2,1.2,1.2,1.2,1.2,1.2,1.2,1.2
0.9560,0.9944,6116.6,93.5,1.63,1052.2,1756.7,2864.3,3651.9,0.228,0.005,3.3,3.3,3.3,3.3,1.9,1.5,1.2,1.2,46.3,43.3,2.6,1.7,1.2,1.2,1.9,1.5,1.2,1.2,3.3,3.3,2.6,1.7,1.2,1.2,3.3,2,2.6,1.7,1.2,1.2,98,94.8,3.3,1.7,2.6,1.7,1.2,1.2,61.8,58.9,3.3,3.3,2.6,1.7,1.2,1.2,2.6,1.7,1.2,1.2,3.3,3.3,2.6,1.7,1.2,1.2,3.3,3.3,2.6,1.7,1.2,1.2,1.2,1.2,2.6,1.7,1.2,1.2,2.6,1.7,1.2,1.2,1.2,1.2,2.6,1.7,1.2,1.2,3.3,3.3,1.2,1.2,77.3,74.2,3.3,3.3,1.2,1.2,3.3,2,1.2,1.2,1.2,1.2,3.3,2,3.3,3.3,1.9,1.5,1.2,1.2,1.9,1.5,1.2,1.2,3.3,3.3,1.9,1.5,1.2,1.2,1.9,1.5,1.2,1.2,1.2,1.2,1.2,1.2,2.6,1.7,1.2,1.2,1.2,1.2,1.2,1.2,1.2,1.2,1.2,1.2,1.2,1.2,1.2,1.2,1.2,1.2,3.3,1.7,1.9,1.5,1.2,1.2,3.3,1.7,1.9,1.5,1.2,1.2,1.9,1.5,1.2,1.2,1.9,1.5,1.2,1.2,1.9,1.5,1.2,1.2,1.2,1.2,1.2,1.2,1.2,1.2,1.2,1.2,1.2,1.2,1.2,1.2,1.2,1.2,1.2,1.2,1.2,1.2,1.2,1.2,1.2,1.2,1.9,1.5,1.2,1.2,1.2,1.2,1.9,1.5,1.2,1.2,1.2,1.2,1.2,1.2,1.2,1.2,1.2,1.2,1.2,1.2,1.2,1.2,1.2,1.2,1.2,1.2,1.2,1.2,1.2,1.2,1.2,1.2,1.2,1.2,1.2,1.2,1.2,1.2,1.2,1.2,1.2,1.2,1.2,1.2,1.2,1.2,1.2,1.2,1.2,1.2,1.2,1.2,1.2,1.2,1.2,1.2
0.9580,0.9949,6133.2,93.5,1.62,1052.2,1756.7,2865.7,3641.8,0.217,0.004,3.3,3.3,3.3,3.3,1.9,1.5,1.2,1.2,46.8,43.8,2.6,1.7,1.2,1.2,1.9,1.5,1.2,1.2,3.3,3.3,2.6,1.7,1.2,1.2,3.3,2,2.6,1.7,1.2,1.2,99.1,96,3.3,1.7,2.6,1.7,1.2,1.2,62.5,59.6,3.3,3.3,2.6,1.7,1.2,1.2,2.6,1.7,1.2,1.2,3.3,3.3,2.6,1.7,1.2,1.2,3.3,3.3,2.6,1.7,1.2,1.2,1.2,1.2,2.6,1.7,1.2,1.2,2.6,1.7,1.2,1.2,1.2,1.2,2.6,1.7,1.2,1.2,3.3,3.3,1.2,1.2,78.2,75.2,3.3,3.3,1.2,1.2,3.3,2,1.2,1.2,1.2,1.2,3.3,2,3.3,3.3,1.9,1.5,1.2,1.2,1.9,1.5,1.2,1.2,3.3,3.3,1.9,1.5,1.2,1.2,1.9,1.5,1.2,1.2,1.2,1.2,1.2,1.2,2.6,1.7,1.2,1.2,1.2,1.2,1.2,1.2,1.2,1.2,1.2,1.2,1.2,1.2,1.2,1.2,1.2,1.2,3.3,1.7,1.9,1.5,1.2,1.2,3.3,1.7,1.9,1.5,1.2,1.2,1.9,1.5,1.2,1.2,1.9,1.5,1.2,1.2,1.9,1.5,1.2,1.2,1.2,1.2,1.2,1.2,1.2,1.2,1.2,1.2,1.2,1.2,1.2,1.2,1.2,1.2,1.2,1.2,1.2,1.2,1.2,1.2,1.2,1.2,1.9,1.5,1.2,1.2,1.2,1.2,1.9,1.5,1.2,1.2,1.2,1.2,1.2,1.2,1.2,1.2,1.2,1.2,1.2,1.2,1.2,1.2,1.2,1.2,1.2,1.2,1.2,1.2,1.2,1.2,1.2,1.2,1.2,1.2,1.2,1.2,1.2,1.2,1.2,1.2,1.2,1.2,1.2,1.2,1.2,1.2,1.2,1.2,1.2,1.2,1.2,1.2,1.2,1.2,1.2,1.2
0.9610,0.9956,6149.8,93.5,1.62,1052.2,1756.7,2867,3634.7,0.206,0.003,3.3,3.3,3.3,3.3,1.9,1.5,1.2,1.2,47.4,44.4,2.6,1.7,1.2,1.2,1.9,1.5,1.2,1.2,3.3,3.3,2.6,1.7,1.2,1.2,3.3,2,2.6,1.7,1.2,1.2,100.3,97.1,3.3,1.7,2.6,1.7,1.2,1.2,63.2,60.3,3.3,3.3,2.6,1.7,1.2,1.2,2.6,1.7,1.2,1.2,3.3,3.3,2.6,1.7,1.2,1.2,3.3,3.3,2.6,1.7,1.2,1.2,1.2,1.2,2.6,1.7,1.2,1.2,2.6,1.7,1.2,1.2,1.2,1.2,2.6,1.7,1.2,1.2,3.3,3.3,1.2,1.2,79.1,76.1,3.3,3.3,1.2,1.2,3.3,2,1.2,1.2,1.2,1.2,3.3,2,3.3,3.3,1.9,1.5,1.2,1.2,1.9,1.5,1.2,1.2,3.3,3.3,1.9,1.5,1.2,1.2,1.9,1.5,1.2,1.2,1.2,1.2,1.2,1.2,2.6,1.7,1.2,1.2,1.2,1.2,1.2,1.2,1.2,1.2,1.2,1.2,1.2,1.2,1.2,1.2,1.2,1.2,3.3,1.7,1.9,1.5,1.2,1.2,3.3,1.7,1.9,1.5,1.2,1.2,1.9,1.5,1.2,1.2,1.9,1.5,1.2,1.2,1.9,1.5,1.2,1.2,1.2,1.2,1.2,1.2,1.2,1.2,1.2,1.2,1.2,1.2,1.2,1.2,1.2,1.2,1.2,1.2,1.2,1.2,1.2,1.2,1.2,1.2,1.9,1.5,1.2,1.2,1.2,1.2,1.9,1.5,1.2,1.2,1.2,1.2,1.2,1.2,1.2,1.2,1.2,1.2,1.2,1.2,1.2,1.2,1.2,1.2,1.2,1.2,1.2,1.2,1.2,1.2,1.2,1.2,1.2,1.2,1.2,1.2,1.2,1.2,1.2,1.2,1.2,1.2,1.2,1.2,1.2,1.2,1.2,1.2,1.2,1.2,1.2,1.2,1.2,1.2,1.2,1.2
0.9630,0.9960,6166.5,93.5,1.62,1052.2,1756.7,2868.3,3629.7,0.194,0.003,3.3,3.3,3.3,3.3,1.9,1.5,1.2,1.2,47.9,45,2.6,1.7,1.2,1.2,1.9,1.5,1.2,1.2,3.3,3.3,2.6,1.7,1.2,1.2,3.3,2,2.6,1.7,1.2,1.2,101.5,98.3,3.3,1.7,2.6,1.7,1.2,1.2,64,61.1,3.3,3.3,2.6,1.7,1.2,1.2,2.6,1.7,1.2,1.2,3.3,3.3,2.6,1.7,1.2,1.2,3.3,3.3,2.6,1.7,1.2,1.2,1.2,1.2,2.6,1.7,1.2,1.2,2.6,1.7,1.2,1.2,1.2,1.2,2.6,1.7,1.2,1.2,3.3,3.3,1.2,1.2,80.1,77,3.3,3.3,1.2,1.2,3.3,2,1.2,1.2,1.2,1.2,3.3,2,3.3,3.3,1.9,1.5,1.2,1.2,1.9,1.5,1.2,1.2,3.3,3.3,1.9,1.5,1.2,1.2,1.9,1.5,1.2,1.2,1.2,1.2,1.2,1.2,2.6,1.7,1.2,1.2,1.2,1.2,1.2,1.2,1.2,1.2,1.2,1.2,1.2,1.2,1.2,1.2,1.2,1.2,3.3,1.7,1.9,1.5,1.2,1.2,3.3,1.7,1.9,1.5,1.2,1.2,1.9,1.5,1.2,1.2,1.9,1.5,1.2,1.2,1.9,1.5,1.2,1.2,1.2,1.2,1.2,1.2,1.2,1.2,1.2,1.2,1.2,1.2,1.2,1.2,1.2,1.2,1.2,1.2,1.2,1.2,1.2,1.2,1.2,1.2,1.9,1.5,1.2,1.2,1.2,1.2,1.9,1.5,1.2,1.2,1.2,1.2,1.2,1.2,1.2,1.2,1.2,1.2,1.2,1.2,1.2,1.2,1.2,1.2,1.2,1.2,1.2,1.2,1.2,1.2,1.2,1.2,1.2,1.2,1.2,1.2,1.2,1.2,1.2,1.2,1.2,1.2,1.2,1.2,1.2,1.2,1.2,1.2,1.2,1.2,1.2,1.2,1.2,1.2,1.2,1.2
0.9660,0.9966,6183.1,93.5,1.62,1052.2,1756.7,2869.4,3626.4,0.182,0.002,3.3,3.3,3.3,3.3,1.9,1.5,1.2,1.2,48.5,45.5,2.6,1.7,1.2,1.2,1.9,1.5,1.2,1.2,3.3,3.3,2.6,1.7,1.2,1.2,3.3,2,2.6,1.7,1.2,1.2,102.7,99.6,3.3,1.7,2.6,1.7,1.2,1.2,64.8,61.8,3.3,3.3,2.6,1.7,1.2,1.2,2.6,1.7,1.2,1.2,3.3,3.3,2.6,1.7,1.2,1.2,3.3,3.3,2.6,1.7,1.2,1.2,1.2,1.2,2.6,1.7,1.2,1.2,2.6,1.7,1.2,1.2,1.2,1.2,2.6,1.7,1.2,1.2,3.3,3.3,1.2,1.2,81,78,3.3,3.3,1.2,1.2,3.3,2,1.2,1.2,1.2,1.2,3.3,2,3.3,3.3,1.9,1.5,1.2,1.2,1.9,1.5,1.2,1.2,3.3,3.3,1.9,1.5,1.2,1.2,1.9,1.5,1.2,1.2,1.2,1.2,1.2,1.2,2.6,1.7,1.2,1.2,1.2,1.2,1.2,1.2,1.2,1.2,1.2,1.2,1.2,1.2,1.2,1.2,1.2,1.2,3.3,1.7,1.9,1.5,1.2,1.2,3.3,1.7,1.9,1.5,1.2,1.2,1.9,1.5,1.2,1.2,1.9,1.5,1.2,1.2,1.9,1.5,1.2,1.2,1.2,1.2,1.2,1.2,1.2,1.2,1.2,1.2,1.2,1.2,1.2,1.2,1.2,1.2,1.2,1.2,1.2,1.2,1.2,1.2,1.2,1.2,1.9,1.5,1.2,1.2,1.2,1.2,1.9,1.5,1.2,1.2,1.2,1.2,1.2,1.2,1.2,1.2,1.2,1.2,1.2,1.2,1.2,1.2,1.2,1.2,1.2,1.2,1.2,1.2,1.2,1.2,1.2,1.2,1.2,1.2,1.2,1.2,1.2,1.2,1.2,1.2,1.2,1.2,1.2,1.2,1.2,1.2,1.2,1.2,1.2,1.2,1.2,1.2,1.2,1.2,1.2,1.2
0.9690,0.9972,6199.9,93.5,1.62,1052.2,1756.7,2870.6,3624.2,0.17,0.002,3.3,3.3,3.3,3.3,1.9,1.5,1.2,1.2,49.1,46.1,2.6,1.7,1.2,1.2,1.9,1.5,1.2,1.2,3.3,3.3,2.6,1.7,1.2,1.2,3.3,2,2.6,1.7,1.2,1.2,103.9,100.8,3.3,1.7,2.6,1.7,1.2,1.2,65.6,62.6,3.3,3.3,2.6,1.7,1.2,1.2,2.6,1.7,1.2,1.2,3.3,3.3,2.6,1.7,1.2,1.2,3.3,3.3,2.6,1.7,1.2,1.2,1.2,1.2,2.6,1.7,1.2,1.2,2.6,1.7,1.2,1.2,1.2,1.2,2.6,1.7,1.2,1.2,3.3,3.3,1.2,1.2,82,78.9,3.3,3.3,1.2,1.2,3.3,2,1.2,1.2,1.2,1.2,3.3,2,3.3,3.3,1.9,1.5,1.2,1.2,1.9,1.5,1.2,1.2,3.3,3.3,1.9,1.5,1.2,1.2,1.9,1.5,1.2,1.2,1.2,1.2,1.2,1.2,2.6,1.7,1.2,1.2,1.2,1.2,1.2,1.2,1.2,1.2,1.2,1.2,1.2,1.2,1.2,1.2,1.2,1.2,3.3,1.7,1.9,1.5,1.2,1.2,3.3,1.7,1.9,1.5,1.2,1.2,1.9,1.5,1.2,1.2,1.9,1.5,1.2,1.2,1.9,1.5,1.2,1.2,1.2,1.2,1.2,1.2,1.2,1.2,1.2,1.2,1.2,1.2,1.2,1.2,1.2,1.2,1.2,1.2,1.2,1.2,1.2,1.2,1.2,1.2,1.9,1.5,1.2,1.2,1.2,1.2,1.9,1.5,1.2,1.2,1.2,1.2,1.2,1.2,1.2,1.2,1.2,1.2,1.2,1.2,1.2,1.2,1.2,1.2,1.2,1.2,1.2,1.2,1.2,1.2,1.2,1.2,1.2,1.2,1.2,1.2,1.2,1.2,1.2,1.2,1.2,1.2,1.2,1.2,1.2,1.2,1.2,1.2,1.2,1.2,1.2,1.2,1.2,1.2,1.2,1.2
0.9710,0.9975,6216.6,93.5,1.62,1052.2,1756.7,2871.6,3622.9,0.158,0.001,3.3,3.3,3.3,3.3,1.9,1.5,1.2,1.2,49.7,46.7,2.6,1.7,1.2,1.2,1.9,1.5,1.2,1.2,3.3,3.3,2.6,1.7,1.2,1.2,3.3,2,2.6,1.7,1.2,1.2,105.2,102.1,3.3,1.7,2.6,1.7,1.2,1.2,66.4,63.4,3.3,3.3,2.6,1.7,1.2,1.2,2.6,1.7,1.2,1.2,3.3,3.3,2.6,1.7,1.2,1.2,3.3,3.3,2.6,1.7,1.2,1.2,1.2,1.2,2.6,1.7,1.2,1.2,2.6,1.7,1.2,1.2,1.2,1.2,2.6,1.7,1.2,1.2,3.3,3.3,1.2,1.2,83,80,3.3,3.3,1.2,1.2,3.3,2,1.2,1.2,1.2,1.2,3.3,2,3.3,3.3,1.9,1.5,1.2,1.2,1.9,1.5,1.2,1.2,3.3,3.3,1.9,1.5,1.2,1.2,1.9,1.5,1.2,1.2,1.2,1.2,1.2,1.2,2.6,1.7,1.2,1.2,1.2,1.2,1.2,1.2,1.2,1.2,1.2,1.2,1.2,1.2,1.2,1.2,1.2,1.2,3.3,1.7,1.9,1.5,1.2,1.2,3.3,1.7,1.9,1.5,1.2,1.2,1.9,1.5,1.2,1.2,1.9,1.5,1.2,1.2,1.9,1.5,1.2,1.2,1.2,1.2,1.2,1.2,1.2,1.2,1.2,1.2,1.2,1.2,1.2,1.2,1.2,1.2,1.2,1.2,1.2,1.2,1.2,1.2,1.2,1.2,1.9,1.5,1.2,1.2,1.2,1.2,1.9,1.5,1.2,1.2,1.2,1.2,1.2,1.2,1.2,1.2,1.2,1.2,1.2,1.2,1.2,1.2,1.2,1.2,1.2,1.2,1.2,1.2,1.2,1.2,1.2,1.2,1.2,1.2,1.2,1.2,1.2,1.2,1.2,1.2,1.2,1.2,1.2,1.2,1.2,1.2,1.2,1.2,1.2,1.2,1.2,1.2,1.2,1.2,1.2,1.2
0.9740,0.9980,6233.3,93.5,1.62,1052.2,1756.7,2872.6,3622.2,0.145,0.001,3.3,3.3,3.3,3.3,1.9,1.5,1.2,1.2,50.3,47.3,2.6,1.7,1.2,1.2,1.9,1.5,1.2,1.2,3.3,3.3,2.6,1.7,1.2,1.2,3.3,2,2.6,1.7,1.2,1.2,106.5,103.4,3.3,1.7,2.6,1.7,1.2,1.2,67.2,64.2,3.3,3.3,2.6,1.7,1.2,1.2,2.6,1.7,1.2,1.2,3.3,3.3,2.6,1.7,1.2,1.2,3.3,3.3,2.6,1.7,1.2,1.2,1.2,1.2,2.6,1.7,1.2,1.2,2.6,1.7,1.2,1.2,1.2,1.2,2.6,1.7,1.2,1.2,3.3,3.3,1.2,1.2,84,81,3.3,3.3,1.2,1.2,3.3,2,1.2,1.2,1.2,1.2,3.3,2,3.3,3.3,1.9,1.5,1.2,1.2,1.9,1.5,1.2,1.2,3.3,3.3,1.9,1.5,1.2,1.2,1.9,1.5,1.2,1.2,1.2,1.2,1.2,1.2,2.6,1.7,1.2,1.2,1.2,1.2,1.2,1.2,1.2,1.2,1.2,1.2,1.2,1.2,1.2,1.2,1.2,1.2,3.3,1.7,1.9,1.5,1.2,1.2,3.3,1.7,1.9,1.5,1.2,1.2,1.9,1.5,1.2,1.2,1.9,1.5,1.2,1.2,1.9,1.5,1.2,1.2,1.2,1.2,1.2,1.2,1.2,1.2,1.2,1.2,1.2,1.2,1.2,1.2,1.2,1.2,1.2,1.2,1.2,1.2,1.2,1.2,1.2,1.2,1.9,1.5,1.2,1.2,1.2,1.2,1.9,1.5,1.2,1.2,1.2,1.2,1.2,1.2,1.2,1.2,1.2,1.2,1.2,1.2,1.2,1.2,1.2,1.2,1.2,1.2,1.2,1.2,1.2,1.2,1.2,1.2,1.2,1.2,1.2,1.2,1.2,1.2,1.2,1.2,1.2,1.2,1.2,1.2,1.2,1.2,1.2,1.2,1.2,1.2,1.2,1.2,1.2,1.2,1.2,1.2
0.9770,0.9984,6249.8,93.5,1.62,1052.2,1756.7,2873.5,3622,0.132,0.001,3.3,3.3,3.3,3.3,1.9,1.5,1.2,1.2,51,48,2.6,1.7,1.2,1.2,1.9,1.5,1.2,1.2,3.3,3.3,2.6,1.7,1.2,1.2,3.3,2,2.6,1.7,1.2,1.2,107.9,104.8,3.3,1.7,2.6,1.7,1.2,1.2,68,65.1,3.3,3.3,2.6,1.7,1.2,1.2,2.6,1.7,1.2,1.2,3.3,3.3,2.6,1.7,1.2,1.2,3.3,3.3,2.6,1.7,1.2,1.2,1.2,1.2,2.6,1.7,1.2,1.2,2.6,1.7,1.2,1.2,1.2,1.2,2.6,1.7,1.2,1.2,3.3,3.3,1.2,1.2,85.1,82.1,3.3,3.3,1.2,1.2,3.3,2,1.2,1.2,1.2,1.2,3.3,2,3.3,3.3,1.9,1.5,1.2,1.2,1.9,1.5,1.2,1.2,3.3,3.3,1.9,1.5,1.2,1.2,1.9,1.5,1.2,1.2,1.2,1.2,1.2,1.2,2.6,1.7,1.2,1.2,1.2,1.2,1.2,1.2,1.2,1.2,1.2,1.2,1.2,1.2,1.2,1.2,1.2,1.2,3.3,1.7,1.9,1.5,1.2,1.2,3.3,1.7,1.9,1.5,1.2,1.2,1.9,1.5,1.2,1.2,1.9,1.5,1.2,1.2,1.9,1.5,1.2,1.2,1.2,1.2,1.2,1.2,1.2,1.2,1.2,1.2,1.2,1.2,1.2,1.2,1.2,1.2,1.2,1.2,1.2,1.2,1.2,1.2,1.2,1.2,1.9,1.5,1.2,1.2,1.2,1.2,1.9,1.5,1.2,1.2,1.2,1.2,1.2,1.2,1.2,1.2,1.2,1.2,1.2,1.2,1.2,1.2,1.2,1.2,1.2,1.2,1.2,1.2,1.2,1.2,1.2,1.2,1.2,1.2,1.2,1.2,1.2,1.2,1.2,1.2,1.2,1.2,1.2,1.2,1.2,1.2,1.2,1.2,1.2,1.2,1.2,1.2,1.2,1.2,1.2,1.2
0.9790,0.9987,6266.6,93.5,1.62,1052.2,1756.7,2874.2,3621.9,0.119,0.001,3.3,3.3,3.3,3.3,1.9,1.5,1.2,1.2,51.6,48.6,2.6,1.7,1.2,1.2,1.9,1.5,1.2,1.2,3.3,3.3,2.6,1.7,1.2,1.2,3.3,2,2.6,1.7,1.2,1.2,109.2,106.1,3.3,1.7,2.6,1.7,1.2,1.2,68.9,66,3.3,3.3,2.6,1.7,1.2,1.2,2.6,1.7,1.2,1.2,3.3,3.3,2.6,1.7,1.2,1.2,3.3,3.3,2.6,1.7,1.2,1.2,1.2,1.2,2.6,1.7,1.2,1.2,2.6,1.7,1.2,1.2,1.2,1.2,2.6,1.7,1.2,1.2,3.3,3.3,1.2,1.2,86.2,83.1,3.3,3.3,1.2,1.2,3.3,2,1.2,1.2,1.2,1.2,3.3,2,3.3,3.3,1.9,1.5,1.2,1.2,1.9,1.5,1.2,1.2,3.3,3.3,1.9,1.5,1.2,1.2,1.9,1.5,1.2,1.2,1.2,1.2,1.2,1.2,2.6,1.7,1.2,1.2,1.2,1.2,1.2,1.2,1.2,1.2,1.2,1.2,1.2,1.2,1.2,1.2,1.2,1.2,3.3,1.7,1.9,1.5,1.2,1.2,3.3,1.7,1.9,1.5,1.2,1.2,1.9,1.5,1.2,1.2,1.9,1.5,1.2,1.2,1.9,1.5,1.2,1.2,1.2,1.2,1.2,1.2,1.2,1.2,1.2,1.2,1.2,1.2,1.2,1.2,1.2,1.2,1.2,1.2,1.2,1.2,1.2,1.2,1.2,1.2,1.9,1.5,1.2,1.2,1.2,1.2,1.9,1.5,1.2,1.2,1.2,1.2,1.2,1.2,1.2,1.2,1.2,1.2,1.2,1.2,1.2,1.2,1.2,1.2,1.2,1.2,1.2,1.2,1.2,1.2,1.2,1.2,1.2,1.2,1.2,1.2,1.2,1.2,1.2,1.2,1.2,1.2,1.2,1.2,1.2,1.2,1.2,1.2,1.2,1.2,1.2,1.2,1.2,1.2,1.2,1.2
0.9820,0.9990,6283.2,93.5,1.62,1052.2,1756.7,2874.8,3622,0.106,0,3.3,3.3,3.3,3.3,1.9,1.5,1.2,1.2,52.3,49.3,2.6,1.7,1.2,1.2,1.9,1.5,1.2,1.2,3.3,3.3,2.6,1.7,1.2,1.2,3.3,2,2.6,1.7,1.2,1.2,110.6,107.5,3.3,1.7,2.6,1.7,1.2,1.2,69.8,66.8,3.3,3.3,2.6,1.7,1.2,1.2,2.6,1.7,1.2,1.2,3.3,3.3,2.6,1.7,1.2,1.2,3.3,3.3,2.6,1.7,1.2,1.2,1.2,1.2,2.6,1.7,1.2,1.2,2.6,1.7,1.2,1.2,1.2,1.2,2.6,1.7,1.2,1.2,3.3,3.3,1.2,1.2,87.3,84.2,3.3,3.3,1.2,1.2,3.3,2,1.2,1.2,1.2,1.2,3.3,2,3.3,3.3,1.9,1.5,1.2,1.2,1.9,1.5,1.2,1.2,3.3,3.3,1.9,1.5,1.2,1.2,1.9,1.5,1.2,1.2,1.2,1.2,1.2,1.2,2.6,1.7,1.2,1.2,1.2,1.2,1.2,1.2,1.2,1.2,1.2,1.2,1.2,1.2,1.2,1.2,1.2,1.2,3.3,1.7,1.9,1.5,1.2,1.2,3.3,1.7,1.9,1.5,1.2,1.2,1.9,1.5,1.2,1.2,1.9,1.5,1.2,1.2,1.9,1.5,1.2,1.2,1.2,1.2,1.2,1.2,1.2,1.2,1.2,1.2,1.2,1.2,1.2,1.2,1.2,1.2,1.2,1.2,1.2,1.2,1.2,1.2,1.2,1.2,1.9,1.5,1.2,1.2,1.2,1.2,1.9,1.5,1.2,1.2,1.2,1.2,1.2,1.2,1.2,1.2,1.2,1.2,1.2,1.2,1.2,1.2,1.2,1.2,1.2,1.2,1.2,1.2,1.2,1.2,1.2,1.2,1.2,1.2,1.2,1.2,1.2,1.2,1.2,1.2,1.2,1.2,1.2,1.2,1.2,1.2,1.2,1.2,1.2,1.2,1.2,1.2,1.2,1.2,1.2,1.2
0.9840,0.9992,6300.1,93.5,1.61,1052.2,1756.7,2875.2,3622.1,0.092,0,3.3,3.3,3.3,3.3,1.9,1.5,1.2,1.2,53,50,2.6,1.7,1.2,1.2,1.9,1.5,1.2,1.2,3.3,3.3,2.6,1.7,1.2,1.2,3.3,2,2.6,1.7,1.2,1.2,112.1,109,3.3,1.7,2.6,1.7,1.2,1.2,70.7,67.8,3.3,3.3,2.6,1.7,1.2,1.2,2.6,1.7,1.2,1.2,3.3,3.3,2.6,1.7,1.2,1.2,3.3,3.3,2.6,1.7,1.2,1.2,1.2,1.2,2.6,1.7,1.2,1.2,2.6,1.7,1.2,1.2,1.2,1.2,2.6,1.7,1.2,1.2,3.3,3.3,1.2,1.2,88.4,85.4,3.3,3.3,1.2,1.2,3.3,2,1.2,1.2,1.2,1.2,3.3,2,3.3,3.3,1.9,1.5,1.2,1.2,1.9,1.5,1.2,1.2,3.3,3.3,1.9,1.5,1.2,1.2,1.9,1.5,1.2,1.2,1.2,1.2,1.2,1.2,2.6,1.7,1.2,1.2,1.2,1.2,1.2,1.2,1.2,1.2,1.2,1.2,1.2,1.2,1.2,1.2,1.2,1.2,3.3,1.7,1.9,1.5,1.2,1.2,3.3,1.7,1.9,1.5,1.2,1.2,1.9,1.5,1.2,1.2,1.9,1.5,1.2,1.2,1.9,1.5,1.2,1.2,1.2,1.2,1.2,1.2,1.2,1.2,1.2,1.2,1.2,1.2,1.2,1.2,1.2,1.2,1.2,1.2,1.2,1.2,1.2,1.2,1.2,1.2,1.9,1.5,1.2,1.2,1.2,1.2,1.9,1.5,1.2,1.2,1.2,1.2,1.2,1.2,1.2,1.2,1.2,1.2,1.2,1.2,1.2,1.2,1.2,1.2,1.2,1.2,1.2,1.2,1.2,1.2,1.2,1.2,1.2,1.2,1.2,1.2,1.2,1.2,1.2,1.2,1.2,1.2,1.2,1.2,1.2,1.2,1.2,1.2,1.2,1.2,1.2,1.2,1.2,1.2,1.2,1.2
0.9870,0.9995,6316.7,93.5,1.61,1052.2,1756.7,2875.5,3622.2,0.077,0,3.3,3.3,3.3,3.3,1.9,1.5,1.2,1.2,53.7,50.7,2.6,1.7,1.2,1.2,1.9,1.5,1.2,1.2,3.3,3.3,2.6,1.7,1.2,1.2,3.3,2,2.6,1.7,1.2,1.2,113.6,110.5,3.3,1.7,2.6,1.7,1.2,1.2,71.7,68.7,3.3,3.3,2.6,1.7,1.2,1.2,2.6,1.7,1.2,1.2,3.3,3.3,2.6,1.7,1.2,1.2,3.3,3.3,2.6,1.7,1.2,1.2,1.2,1.2,2.6,1.7,1.2,1.2,2.6,1.7,1.2,1.2,1.2,1.2,2.6,1.7,1.2,1.2,3.3,3.3,1.2,1.2,89.6,86.6,3.3,3.3,1.2,1.2,3.3,2,1.2,1.2,1.2,1.2,3.3,2,3.3,3.3,1.9,1.5,1.2,1.2,1.9,1.5,1.2,1.2,3.3,3.3,1.9,1.5,1.2,1.2,1.9,1.5,1.2,1.2,1.2,1.2,1.2,1.2,2.6,1.7,1.2,1.2,1.2,1.2,1.2,1.2,1.2,1.2,1.2,1.2,1.2,1.2,1.2,1.2,1.2,1.2,3.3,1.7,1.9,1.5,1.2,1.2,3.3,1.7,1.9,1.5,1.2,1.2,1.9,1.5,1.2,1.2,1.9,1.5,1.2,1.2,1.9,1.5,1.2,1.2,1.2,1.2,1.2,1.2,1.2,1.2,1.2,1.2,1.2,1.2,1.2,1.2,1.2,1.2,1.2,1.2,1.2,1.2,1.2,1.2,1.2,1.2,1.9,1.5,1.2,1.2,1.2,1.2,1.9,1.5,1.2,1.2,1.2,1.2,1.2,1.2,1.2,1.2,1.2,1.2,1.2,1.2,1.2,1.2,1.2,1.2,1.2,1.2,1.2,1.2,1.2,1.2,1.2,1.2,1.2,1.2,1.2,1.2,1.2,1.2,1.2,1.2,1.2,1.2,1.2,1.2,1.2,1.2,1.2,1.2,1.2,1.2,1.2,1.2,1.2,1.2,1.2,1.2
0.9900,0.9997,6333.3,93.5,1.61,1052.2,1756.7,2875.8,3622.4,0.063,0,3.3,3.3,3.3,3.3,1.9,1.5,1.2,1.2,54.4,51.4,2.6,1.7,1.2,1.2,1.9,1.5,1.2,1.2,3.3,3.3,2.6,1.7,1.2,1.2,3.3,2,2.6,1.7,1.2,1.2,115.1,112,3.3,1.7,2.6,1.7,1.2,1.2,72.6,69.7,3.3,3.3,2.6,1.7,1.2,1.2,2.6,1.7,1.2,1.2,3.3,3.3,2.6,1.7,1.2,1.2,3.3,3.3,2.6,1.7,1.2,1.2,1.2,1.2,2.6,1.7,1.2,1.2,2.6,1.7,1.2,1.2,1.2,1.2,2.6,1.7,1.2,1.2,3.3,3.3,1.2,1.2,90.9,87.8,3.3,3.3,1.2,1.2,3.3,2,1.2,1.2,1.2,1.2,3.3,2,3.3,3.3,1.9,1.5,1.2,1.2,1.9,1.5,1.2,1.2,3.3,3.3,1.9,1.5,1.2,1.2,1.9,1.5,1.2,1.2,1.2,1.2,1.2,1.2,2.6,1.7,1.2,1.2,1.2,1.2,1.2,1.2,1.2,1.2,1.2,1.2,1.2,1.2,1.2,1.2,1.2,1.2,3.3,1.7,1.9,1.5,1.2,1.2,3.3,1.7,1.9,1.5,1.2,1.2,1.9,1.5,1.2,1.2,1.9,1.5,1.2,1.2,1.9,1.5,1.2,1.2,1.2,1.2,1.2,1.2,1.2,1.2,1.2,1.2,1.2,1.2,1.2,1.2,1.2,1.2,1.2,1.2,1.2,1.2,1.2,1.2,1.2,1.2,1.9,1.5,1.2,1.2,1.2,1.2,1.9,1.5,1.2,1.2,1.2,1.2,1.2,1.2,1.2,1.2,1.2,1.2,1.2,1.2,1.2,1.2,1.2,1.2,1.2,1.2,1.2,1.2,1.2,1.2,1.2,1.2,1.2,1.2,1.2,1.2,1.2,1.2,1.2,1.2,1.2,1.2,1.2,1.2,1.2,1.2,1.2,1.2,1.2,1.2,1.2,1.2,1.2,1.2,1.2,1.2
0.9920,0.9998,6350.1,93.5,1.61,1052.2,1756.7,2876,3622.6,0.047,0,3.3,3.3,3.3,3.3,1.9,1.5,1.2,1.2,55.2,52.1,2.6,1.7,1.2,1.2,1.9,1.5,1.2,1.2,3.3,3.3,2.6,1.7,1.2,1.2,3.3,2,2.6,1.7,1.2,1.2,116.7,113.6,3.3,1.7,2.6,1.7,1.2,1.2,73.6,70.7,3.3,3.3,2.6,1.7,1.2,1.2,2.6,1.7,1.2,1.2,3.3,3.3,2.6,1.7,1.2,1.2,3.3,3.3,2.6,1.7,1.2,1.2,1.2,1.2,2.6,1.7,1.2,1.2,2.6,1.7,1.2,1.2,1.2,1.2,2.6,1.7,1.2,1.2,3.3,3.3,1.2,1.2,92.1,89,3.3,3.3,1.2,1.2,3.3,2,1.2,1.2,1.2,1.2,3.3,2,3.3,3.3,1.9,1.5,1.2,1.2,1.9,1.5,1.2,1.2,3.3,3.3,1.9,1.5,1.2,1.2,1.9,1.5,1.2,1.2,1.2,1.2,1.2,1.2,2.6,1.7,1.2,1.2,1.2,1.2,1.2,1.2,1.2,1.2,1.2,1.2,1.2,1.2,1.2,1.2,1.2,1.2,3.3,1.7,1.9,1.5,1.2,1.2,3.3,1.7,1.9,1.5,1.2,1.2,1.9,1.5,1.2,1.2,1.9,1.5,1.2,1.2,1.9,1.5,1.2,1.2,1.2,1.2,1.2,1.2,1.2,1.2,1.2,1.2,1.2,1.2,1.2,1.2,1.2,1.2,1.2,1.2,1.2,1.2,1.2,1.2,1.2,1.2,1.9,1.5,1.2,1.2,1.2,1.2,1.9,1.5,1.2,1.2,1.2,1.2,1.2,1.2,1.2,1.2,1.2,1.2,1.2,1.2,1.2,1.2,1.2,1.2,1.2,1.2,1.2,1.2,1.2,1.2,1.2,1.2,1.2,1.2,1.2,1.2,1.2,1.2,1.2,1.2,1.2,1.2,1.2,1.2,1.2,1.2,1.2,1.2,1.2,1.2,1.2,1.2,1.2,1.2,1.2,1.2
0.9950,0.9999,6366.9,93.5,1.61,1052.2,1756.7,2876.1,3622.7,0.032,0,3.3,3.3,3.3,3.3,1.9,1.5,1.2,1.2,55.9,52.9,2.6,1.7,1.2,1.2,1.9,1.5,1.2,1.2,3.3,3.3,2.6,1.7,1.2,1.2,3.3,2,2.6,1.7,1.2,1.2,118.3,115.2,3.3,1.7,2.6,1.7,1.2,1.2,74.7,71.7,3.3,3.3,2.6,1.7,1.2,1.2,2.6,1.7,1.2,1.2,3.3,3.3,2.6,1.7,1.2,1.2,3.3,3.3,2.6,1.7,1.2,1.2,1.2,1.2,2.6,1.7,1.2,1.2,2.6,1.7,1.2,1.2,1.2,1.2,2.6,1.7,1.2,1.2,3.3,3.3,1.2,1.2,93.4,90.3,3.3,3.3,1.2,1.2,3.3,2,1.2,1.2,1.2,1.2,3.3,2,3.3,3.3,1.9,1.5,1.2,1.2,1.9,1.5,1.2,1.2,3.3,3.3,1.9,1.5,1.2,1.2,1.9,1.5,1.2,1.2,1.2,1.2,1.2,1.2,2.6,1.7,1.2,1.2,1.2,1.2,1.2,1.2,1.2,1.2,1.2,1.2,1.2,1.2,1.2,1.2,1.2,1.2,3.3,1.7,1.9,1.5,1.2,1.2,3.3,1.7,1.9,1.5,1.2,1.2,1.9,1.5,1.2,1.2,1.9,1.5,1.2,1.2,1.9,1.5,1.2,1.2,1.2,1.2,1.2,1.2,1.2,1.2,1.2,1.2,1.2,1.2,1.2,1.2,1.2,1.2,1.2,1.2,1.2,1.2,1.2,1.2,1.2,1.2,1.9,1.5,1.2,1.2,1.2,1.2,1.9,1.5,1.2,1.2,1.2,1.2,1.2,1.2,1.2,1.2,1.2,1.2,1.2,1.2,1.2,1.2,1.2,1.2,1.2,1.2,1.2,1.2,1.2,1.2,1.2,1.2,1.2,1.2,1.2,1.2,1.2,1.2,1.2,1.2,1.2,1.2,1.2,1.2,1.2,1.2,1.2,1.2,1.2,1.2,1.2,1.2,1.2,1.2,1.2,1.2
0.9970,1.0000,6383.4,93.5,1.61,1052.2,1756.7,2876.2,3622.8,0,0,3.3,3.3,3.3,3.3,1.9,1.5,1.2,1.2,57.5,54.5,2.6,1.7,1.2,1.2,1.9,1.5,1.2,1.2,3.3,3.3,2.6,1.7,1.2,1.2,3.3,2,2.6,1.7,1.2,1.2,121.7,118.6,3.3,1.7,2.6,1.7,1.2,1.2,76.8,73.8,3.3,3.3,2.6,1.7,1.2,1.2,2.6,1.7,1.2,1.2,3.3,3.3,2.6,1.7,1.2,1.2,3.3,3.3,2.6,1.7,1.2,1.2,1.2,1.2,2.6,1.7,1.2,1.2,2.6,1.7,1.2,1.2,1.2,1.2,2.6,1.7,1.2,1.2,3.3,3.3,1.2,1.2,96,93,3.3,3.3,1.2,1.2,3.3,2,1.2,1.2,1.2,1.2,3.3,2,3.3,3.3,1.9,1.5,1.2,1.2,1.9,1.5,1.2,1.2,3.3,3.3,1.9,1.5,1.2,1.2,1.9,1.5,1.2,1.2,1.2,1.2,1.2,1.2,2.6,1.7,1.2,1.2,1.2,1.2,1.2,1.2,1.2,1.2,1.2,1.2,1.2,1.2,1.2,1.2,1.2,1.2,3.3,1.7,1.9,1.5,1.2,1.2,3.3,1.7,1.9,1.5,1.2,1.2,1.9,1.5,1.2,1.2,1.9,1.5,1.2,1.2,1.9,1.5,1.2,1.2,1.2,1.2,1.2,1.2,1.2,1.2,1.2,1.2,1.2,1.2,1.2,1.2,1.2,1.2,1.2,1.2,1.2,1.2,1.2,1.2,1.2,1.2,1.9,1.5,1.2,1.2,1.2,1.2,1.9,1.5,1.2,1.2,1.2,1.2,1.2,1.2,1.2,1.2,1.2,1.2,1.2,1.2,1.2,1.2,1.2,1.2,1.2,1.2,1.2,1.2,1.2,1.2,1.2,1.2,1.2,1.2,1.2,1.2,1.2,1.2,1.2,1.2,1.2,1.2,1.2,1.2,1.2,1.2,1.2,1.2,1.2,1.2,1.2,1.2,1.2,1.2,1.2,1.2
1.0000,1.0000,6400.2,93.5,1.61,1052.2,1756.7,2876.3,3622.9,0,0,3.3,3.3,3.3,3.3,1.9,1.5,1.2,1.2,57.5,54.5,2.6,1.7,1.2,1.2,1.9,1.5,1.2,1.2,3.3,3.3,2.6,1.7,1.2,1.2,3.3,2,2.6,1.7,1.2,1.2,121.7,118.6,3.3,1.7,2.6,1.7,1.2,1.2,76.8,73.8,3.3,3.3,2.6,1.7,1.2,1.2,2.6,1.7,1.2,1.2,3.3,3.3,2.6,1.7,1.2,1.2,3.3,3.3,2.6,1.7,1.2,1.2,1.2,1.2,2.6,1.7,1.2,1.2,2.6,1.7,1.2,1.2,1.2,1.2,2.6,1.7,1.2,1.2,3.3,3.3,1.2,1.2,96,93,3.3,3.3,1.2,1.2,3.3,2,1.2,1.2,1.2,1.2,3.3,2,3.3,3.3,1.9,1.5,1.2,1.2,1.9,1.5,1.2,1.2,3.3,3.3,1.9,1.5,1.2,1.2,1.9,1.5,1.2,1.2,1.2,1.2,1.2,1.2,2.6,1.7,1.2,1.2,1.2,1.2,1.2,1.2,1.2,1.2,1.2,1.2,1.2,1.2,1.2,1.2,1.2,1.2,3.3,1.7,1.9,1.5,1.2,1.2,3.3,1.7,1.9,1.5,1.2,1.2,1.9,1.5,1.2,1.2,1.9,1.5,1.2,1.2,1.9,1.5,1.2,1.2,1.2,1.2,1.2,1.2,1.2,1.2,1.2,1.2,1.2,1.2,1.2,1.2,1.2,1.2,1.2,1.2,1.2,1.2,1.2,1.2,1.2,1.2,1.9,1.5,1.2,1.2,1.2,1.2,1.9,1.5,1.2,1.2,1.2,1.2,1.2,1.2,1.2,1.2,1.2,1.2,1.2,1.2,1.2,1.2,1.2,1.2,1.2,1.2,1.2,1.2,1.2,1.2,1.2,1.2,1.2,1.2,1.2,1.2,1.2,1.2,1.2,1.2,1.2,1.2,1.2,1.2,1.2,1.2,1.2,1.2,1.2,1.2,1.2,1.2,1.2,1.2,1.2,1.2
1.0000,1.0000,6416.8,93.5,1.61,1052.2,1756.7,2876.4,3623,0,0,3.3,3.3,3.3,3.3,1.9,1.5,1.2,1.2,57.5,54.5,2.6,1.7,1.2,1.2,1.9,1.5,1.2,1.2,3.3,3.3,2.6,1.7,1.2,1.2,3.3,2,2.6,1.7,1.2,1.2,121.7,118.6,3.3,1.7,2.6,1.7,1.2,1.2,76.8,73.8,3.3,3.3,2.6,1.7,1.2,1.2,2.6,1.7,1.2,1.2,3.3,3.3,2.6,1.7,1.2,1.2,3.3,3.3,2.6,1.7,1.2,1.2,1.2,1.2,2.6,1.7,1.2,1.2,2.6,1.7,1.2,1.2,1.2,1.2,2.6,1.7,1.2,1.2,3.3,3.3,1.2,1.2,96,93,3.3,3.3,1.2,1.2,3.3,2,1.2,1.2,1.2,1.2,3.3,2,3.3,3.3,1.9,1.5,1.2,1.2,1.9,1.5,1.2,1.2,3.3,3.3,1.9,1.5,1.2,1.2,1.9,1.5,1.2,1.2,1.2,1.2,1.2,1.2,2.6,1.7,1.2,1.2,1.2,1.2,1.2,1.2,1.2,1.2,1.2,1.2,1.2,1.2,1.2,1.2,1.2,1.2,3.3,1.7,1.9,1.5,1.2,1.2,3.3,1.7,1.9,1.5,1.2,1.2,1.9,1.5,1.2,1.2,1.9,1.5,1.2,1.2,1.9,1.5,1.2,1.2,1.2,1.2,1.2,1.2,1.2,1.2,1.2,1.2,1.2,1.2,1.2,1.2,1.2,1.2,1.2,1.2,1.2,1.2,1.2,1.2,1.2,1.2,1.9,1.5,1.2,1.2,1.2,1.2,1.9,1.5,1.2,1.2,1.2,1.2,1.2,1.2,1.2,1.2,1.2,1.2,1.2,1.2,1.2,1.2,1.2,1.2,1.2,1.2,1.2,1.2,1.2,1.2,1.2,1.2,1.2,1.2,1.2,1.2,1.2,1.2,1.2,1.2,1.2,1.2,1.2,1.2,1.2,1.2,1.2,1.2,1.2,1.2,1.2,1.2,1.2,1.2,1.2,1.2
1.0000,1.0000,6433.4,93.5,1.61,1052.2,1756.7,2876.5,3623.1,0,0,3.3,3.3,3.3,3.3,1.9,1.5,1.2,1.2,57.5,54.5,2.6,1.7,1.2,1.2,1.9,1.5,1.2,1.2,3.3,3.3,2.6,1.7,1.2,1.2,3.3,2,2.6,1.7,1.2,1.2,121.7,118.6,3.3,1.7,2.6,1.7,1.2,1.2,76.8,73.8,3.3,3.3,2.6,1.7,1.2,1.2,2.6,1.7,1.2,1.2,3.3,3.3,2.6,1.7,1.2,1.2,3.3,3.3,2.6,1.7,1.2,1.2,1.2,1.2,2.6,1.7,1.2,1.2,2.6,1.7,1.2,1.2,1.2,1.2,2.6,1.7,1.2,1.2,3.3,3.3,1.2,1.2,96,93,3.3,3.3,1.2,1.2,3.3,2,1.2,1.2,1.2,1.2,3.3,2,3.3,3.3,1.9,1.5,1.2,1.2,1.9,1.5,1.2,1.2,3.3,3.3,1.9,1.5,1.2,1.2,1.9,1.5,1.2,1.2,1.2,1.2,1.2,1.2,2.6,1.7,1.2,1.2,1.2,1.2,1.2,1.2,1.2,1.2,1.2,1.2,1.2,1.2,1.2,1.2,1.2,1.2,3.3,1.7,1.9,1.5,1.2,1.2,3.3,1.7,1.9,1.5,1.2,1.2,1.9,1.5,1.2,1.2,1.9,1.5,1.2,1.2,1.9,1.5,1.2,1.2,1.2,1.2,1.2,1.2,1.2,1.2,1.2,1.2,1.2,1.2,1.2,1.2,1.2,1.2,1.2,1.2,1.2,1.2,1.2,1.2,1.2,1.2,1.9,1.5,1.2,1.2,1.2,1.2,1.9,1.5,1.2,1.2,1.2,1.2,1.2,1.2,1.2,1.2,1.2,1.2,1.2,1.2,1.2,1.2,1.2,1.2,1.2,1.2,1.2,1.2,1.2,1.2,1.2,1.2,1.2,1.2,1.2,1.2,1.2,1.2,1.2,1.2,1.2,1.2,1.2,1.2,1.2,1.2,1.2,1.2,1.2,1.2,1.2,1.2,1.2,1.2,1.2,1.2
